       Using cargo-ndk v4.1.2
    Detected NDK v27.3.13750724 (/usr/local/lib/android/sdk/ndk/27.3.13750724) [ANDROID_NDK_HOME]
     Setting Android SDK platform level to 21
    Building targets (arm64-v8a)
    Building arm64-v8a (aarch64-linux-android)
    Updating crates.io index
    Updating git repository `https://github.com/darsvador/DomainMatcher`
     Locking 23 packages to latest compatible versions
    Updating bindgen v0.68.1 -> v0.72.1
    Updating bitflags v2.4.1 -> v2.13.2
    Updating boring v4.2.0 -> v5.2.0
    Updating boring-sys v4.2.0 -> v5.2.0
    Updating cc v1.0.83 -> v1.5.1
    Updating cmake v0.1.50 -> v0.1.58
      Adding find-msvc-tools v0.1.14
    Updating libc v0.2.151 -> v0.2.189
      Adding openssl-macros v0.1.1
    Updating proc-macro2 v1.0.71 -> v1.0.107
      Adding ring v0.17.14
    Updating rustc-hash v1.1.0 -> v2.1.3
      Adding rustls v0.23.31 (available: v0.23.45)
      Adding rustls-native-certs v0.7.3 (available: v0.8.4)
      Adding rustls-pemfile v2.2.0
      Adding rustls-pki-types v1.15.1
      Adding rustls-webpki v0.103.15
      Adding shlex v2.0.1
    Updating tokio-boring v4.2.0 -> v5.2.0
      Adding tokio-rustls v0.26.6
      Adding untrusted v0.9.0
      Adding webpki-roots v0.26.11 (available: v1.0.9)
      Adding webpki-roots v1.0.9
 Downloading crates ...
  Downloaded actix-utils v3.0.1
  Downloaded actix-macros v0.2.4
  Downloaded actix-service v2.0.2
  Downloaded actix-rt v2.9.0
  Downloaded actix-server v2.3.0
  Downloaded mio v0.8.10
  Downloaded autocfg v1.1.0
  Downloaded block-buffer v0.10.4
  Downloaded alloc-no-stdlib v2.0.4
  Downloaded mime v0.3.17
  Downloaded multimap v0.8.3
  Downloaded md-5 v0.10.6
  Downloaded aead v0.5.2
  Downloaded itoa v1.0.10
  Downloaded bae v0.1.7
  Downloaded memchr v2.6.4
  Downloaded anstyle v1.0.4
  Downloaded byte_string v1.0.0
  Downloaded deepsize_derive v0.1.2
  Downloaded pin-utils v0.1.0
  Downloaded cipher v0.4.4
  Downloaded funty v2.0.0
  Downloaded futures-task v0.3.29
  Downloaded http-body v0.4.6
  Downloaded local-waker v0.1.4
  Downloaded proc-macro-error-attr v1.0.4
  Downloaded axum-core v0.3.4
  Downloaded foreign-types-shared v0.3.1
  Downloaded generic-array v0.14.7
  Downloaded sha1 v0.10.6
  Downloaded strsim v0.10.0
  Downloaded tower-layer v0.3.2
  Downloaded try-lock v0.2.5
  Downloaded async-trait v0.1.75
  Downloaded getrandom v0.2.11
  Downloaded cfg-if v1.0.0
  Downloaded colorchoice v1.0.0
  Downloaded heck v0.3.3
  Downloaded inout v0.1.3
  Downloaded errno v0.3.8
  Downloaded proc-macro-error v1.0.4
  Downloaded parking_lot_core v0.9.9
  Downloaded paste v1.0.14
  Downloaded pin-project-internal v1.1.3
  Downloaded pin-project-lite v0.2.13
  Downloaded prost v0.11.9
  Downloaded prost-derive v0.11.9
  Downloaded alloc-stdlib v0.2.2
  Downloaded fnv v1.0.7
  Downloaded futures-core v0.3.29
  Downloaded futures-sink v0.3.29
  Downloaded home v0.5.9
  Downloaded fixedbitset v0.4.2
  Downloaded poly1305 v0.8.0
  Downloaded polyval v0.6.1
  Downloaded ppv-lite86 v0.2.17
  Downloaded clap_lex v0.6.0
  Downloaded cpufeatures v0.2.11
  Downloaded fastrand v2.0.1
  Downloaded radium v0.7.0
  Downloaded tap v1.0.1
  Downloaded subtle v2.5.0
  Downloaded sync_wrapper v0.1.2
  Downloaded thiserror-impl v1.0.51
  Downloaded tinyvec_macros v0.1.1
  Downloaded rand_chacha v0.3.1
  Downloaded which v4.4.2
  Downloaded ghash v0.5.0
  Downloaded hyper-timeout v0.4.1
  Downloaded is-terminal v0.4.9
  Downloaded anstyle-query v1.0.2
  Downloaded cidr-utils v0.5.11
  Downloaded debug-helper v0.3.13
  Downloaded siphasher v1.0.0
  Downloaded tokio-rustls v0.26.6
  Downloaded openssl-probe v0.1.5
  Downloaded prost-build v0.12.3
  Downloaded heck v0.4.1
  Downloaded opaque-debug v0.3.0
  Downloaded deepsize v0.2.0
  Downloaded equivalent v1.0.1
  Downloaded sha-1 v0.10.1
  Downloaded tokio-io-timeout v1.2.0
  Downloaded protobuf-support v3.3.0
  Downloaded tower-service v0.3.2
  Downloaded scopeguard v1.2.0
  Downloaded crypto-common v0.1.6
  Downloaded digest v0.10.7
  Downloaded humantime v2.1.0
  Downloaded untrusted v0.9.0
  Downloaded utf-8 v0.7.6
  Downloaded utf8parse v0.2.1
  Downloaded want v0.3.1
  Downloaded webpki-roots v0.26.11
  Downloaded anstyle-parse v0.2.3
  Downloaded httparse v1.8.0
  Downloaded find-msvc-tools v0.1.14
  Downloaded httpdate v1.0.3
  Downloaded byteorder v1.5.0
  Downloaded ctr v0.9.2
  Downloaded data-encoding v2.5.0
  Downloaded bit-vec v0.6.3
  Downloaded prost v0.12.3
  Downloaded version_check v0.9.4
  Downloaded rustls-native-certs v0.7.3
  Downloaded rustls-pemfile v2.2.0
  Downloaded rustversion v1.0.14
  Downloaded signal-hook-registry v1.4.1
  Downloaded tokio-tungstenite v0.20.1
  Downloaded rand_core v0.6.4
  Downloaded chacha20 v0.9.1
  Downloaded lock_api v0.4.11
  Downloaded prettyplease v0.2.15
  Downloaded proc-macro2 v1.0.107
  Downloaded quote v1.0.33
  Downloaded shlex v2.0.1
  Downloaded unicode-ident v1.0.12
  Downloaded num-integer v0.1.45
  Downloaded anstream v0.6.5
  Downloaded either v1.9.0
  Downloaded env_logger v0.10.1
  Downloaded bloomfilter v1.0.13
  Downloaded hmac v0.12.1
  Downloaded prost-derive v0.12.3
  Downloaded sha2 v0.10.8
  Downloaded slab v0.4.9
  Downloaded tokio-macros v2.2.0
  Downloaded tonic-build v0.10.2
  Downloaded universal-hash v0.5.1
  Downloaded bitflags v2.13.2
  Downloaded spin v0.9.8
  Downloaded tempfile v3.8.1
  Downloaded thiserror v1.0.51
  Downloaded tinyvec v1.6.0
  Downloaded tokio-stream v0.1.14
  Downloaded tracing-attributes v0.1.27
  Downloaded typenum v1.17.0
  Downloaded wyz v0.5.1
  Downloaded zeroize v1.7.0
  Downloaded bitflags v1.3.2
  Downloaded gentian v0.1.8
  Downloaded log v0.4.20
  Downloaded once_cell v1.19.0
  Downloaded parking_lot v0.12.1
  Downloaded pin-project v1.1.3
  Downloaded rustls-pki-types v1.15.1
  Downloaded socket2 v0.4.10
  Downloaded socket2 v0.5.5
  Downloaded termcolor v1.4.0
  Downloaded unicode-bidi v0.3.14
  Downloaded futures-channel v0.3.29
  Downloaded tungstenite v0.20.1
  Downloaded anyhow v1.0.76
  Downloaded crc32fast v1.3.2
  Downloaded matchit v0.7.3
  Downloaded num-traits v0.2.17
  Downloaded prost-types v0.12.3
  Downloaded protobuf-codegen v3.3.0
  Downloaded toml v0.5.11
  Downloaded tracing-core v0.1.32
  Downloaded bytes v1.5.0
  Downloaded indexmap v1.9.3
  Downloaded num-bigint v0.4.4
  Downloaded serde v1.0.193
  Downloaded serde_derive v1.0.193
  Downloaded smallvec v1.11.2
  Downloaded tonic v0.9.2
  Downloaded tracing v0.1.40
  Downloaded uuid v1.6.1
  Downloaded brotli-decompressor v2.5.1
  Downloaded clap v4.4.11
  Downloaded indexmap v2.1.0
  Downloaded protobuf-parse v3.3.0
  Downloaded rustls-webpki v0.103.15
  Downloaded base64 v0.21.5
  Downloaded chacha20poly1305 v0.10.1
  Downloaded rand v0.8.5
  Downloaded tokio-util v0.7.10
  Downloaded tower v0.4.13
  Downloaded cc v1.5.1
  Downloaded hashbrown v0.12.3
  Downloaded http v0.2.11
  Downloaded unicode-normalization v0.1.22
  Downloaded url v2.5.0
  Downloaded petgraph v0.6.4
  Downloaded unicode-segmentation v1.10.1
  Downloaded protobuf v3.3.0
  Downloaded webpki-roots v1.0.9
  Downloaded itertools v0.10.5
  Downloaded itertools v0.11.0
  Downloaded axum v0.6.20
  Downloaded hashbrown v0.14.3
  Downloaded syn v2.0.42
  Downloaded aes v0.8.3
  Downloaded aes-gcm v0.10.3
  Downloaded syn v1.0.109
  Downloaded regex v1.10.2
  Downloaded futures-util v0.3.29
  Downloaded aho-corasick v1.1.2
  Downloaded h2 v0.3.22
  Downloaded rustls v0.23.31
  Downloaded clap_builder v4.4.11
  Downloaded rustix v0.38.28
  Downloaded regex-syntax v0.8.2
  Downloaded hkdf v0.12.4
  Downloaded hyper v0.14.28
  Downloaded bitvec v1.0.1
  Downloaded idna v0.5.0
  Downloaded regex-automata v0.4.3
  Downloaded tokio v1.35.1
  Downloaded ring v0.17.14
  Downloaded libc v0.2.189
  Downloaded brotli v3.4.0
  Downloaded linux-raw-sys v0.4.12
   Compiling proc-macro2 v1.0.107
   Compiling libc v0.2.189
   Compiling unicode-ident v1.0.12
   Compiling cfg-if v1.0.0
     Running `/home/runner/.rustup/toolchains/stable-x86_64-unknown-linux-gnu/bin/rustc --crate-name build_script_build --edition=2021 /home/runner/.cargo/registry/src/index.crates.io-1949cf8c6b5b557f/proc-macro2-1.0.107/build.rs --error-format=json --json=diagnostic-rendered-ansi,artifacts,future-incompat --crate-type bin --emit=dep-info,link -C embed-bitcode=no -C debug-assertions=off --cfg 'feature="default"' --cfg 'feature="proc-macro"' --check-cfg 'cfg(docsrs,test)' --check-cfg 'cfg(feature, values("default", "nightly", "proc-macro", "span-locations"))' -C metadata=f6351ec3411c49d3 -C extra-filename=-68595e1ba119e6fd --out-dir /home/runner/work/v2ray-rust/v2ray-rust/target/release/build/proc-macro2-68595e1ba119e6fd -C strip=symbols -L dependency=/home/runner/work/v2ray-rust/v2ray-rust/target/release/deps --cap-lints allow`
     Running `/home/runner/.rustup/toolchains/stable-x86_64-unknown-linux-gnu/bin/rustc --crate-name build_script_build --edition=2021 /home/runner/.cargo/registry/src/index.crates.io-1949cf8c6b5b557f/libc-0.2.189/build.rs --error-format=json --json=diagnostic-rendered-ansi,artifacts,future-incompat --crate-type bin --emit=dep-info,link -C embed-bitcode=no --allow=unused_qualifications '--warn=clippy::unnecessary_semicolon' '--allow=clippy::unnecessary_cast' '--warn=clippy::ptr_as_ptr' '--allow=clippy::non_minimal_cfg' '--allow=clippy::missing_safety_doc' '--warn=clippy::map_unwrap_or' '--warn=clippy::manual_assert' '--allow=clippy::identity_op' '--warn=clippy::explicit_iter_loop' -C debug-assertions=off --cfg 'feature="default"' --cfg 'feature="extra_traits"' --cfg 'feature="std"' --check-cfg 'cfg(docsrs,test)' --check-cfg 'cfg(feature, values("align", "const-extern-fn", "default", "extra_traits", "rustc-dep-of-std", "rustc-std-workspace-core", "std", "use_std"))' -C metadata=a62817c67ca8ef07 -C extra-filename=-51fa60a749d552d7 --out-dir /home/runner/work/v2ray-rust/v2ray-rust/target/release/build/libc-51fa60a749d552d7 -C strip=symbols -L dependency=/home/runner/work/v2ray-rust/v2ray-rust/target/release/deps --cap-lints allow`
     Running `/home/runner/.rustup/toolchains/stable-x86_64-unknown-linux-gnu/bin/rustc --crate-name unicode_ident --edition=2018 /home/runner/.cargo/registry/src/index.crates.io-1949cf8c6b5b557f/unicode-ident-1.0.12/src/lib.rs --error-format=json --json=diagnostic-rendered-ansi,artifacts,future-incompat --crate-type lib --emit=dep-info,metadata,link -C embed-bitcode=no -C debug-assertions=off --check-cfg 'cfg(docsrs,test)' --check-cfg 'cfg(feature, values())' -C metadata=964f6dc7ed8bdddd -C extra-filename=-5af027b56a3c5e4b --out-dir /home/runner/work/v2ray-rust/v2ray-rust/target/release/deps -C strip=symbols -L dependency=/home/runner/work/v2ray-rust/v2ray-rust/target/release/deps --cap-lints allow`
     Running `/home/runner/.rustup/toolchains/stable-x86_64-unknown-linux-gnu/bin/rustc --crate-name cfg_if --edition=2018 /home/runner/.cargo/registry/src/index.crates.io-1949cf8c6b5b557f/cfg-if-1.0.0/src/lib.rs --error-format=json --json=diagnostic-rendered-ansi,artifacts,future-incompat --crate-type lib --emit=dep-info,metadata,link -C opt-level=3 -C linker-plugin-lto -C codegen-units=1 --check-cfg 'cfg(docsrs,test)' --check-cfg 'cfg(feature, values("compiler_builtins", "core", "rustc-dep-of-std"))' -C metadata=fe62d69fb49cf66d -C extra-filename=-4759f9181b9a8545 --out-dir /home/runner/work/v2ray-rust/v2ray-rust/target/aarch64-linux-android/release/deps --target aarch64-linux-android -C linker=/home/runner/.cargo/bin/cargo-ndk -C strip=symbols -L dependency=/home/runner/work/v2ray-rust/v2ray-rust/target/aarch64-linux-android/release/deps -L dependency=/home/runner/work/v2ray-rust/v2ray-rust/target/release/deps --cap-lints allow`
   Compiling autocfg v1.1.0
     Running `/home/runner/.rustup/toolchains/stable-x86_64-unknown-linux-gnu/bin/rustc --crate-name autocfg --edition=2015 /home/runner/.cargo/registry/src/index.crates.io-1949cf8c6b5b557f/autocfg-1.1.0/src/lib.rs --error-format=json --json=diagnostic-rendered-ansi,artifacts,future-incompat --crate-type lib --emit=dep-info,metadata,link -C embed-bitcode=no -C debug-assertions=off --check-cfg 'cfg(docsrs,test)' --check-cfg 'cfg(feature, values())' -C metadata=136349260b34b493 -C extra-filename=-af8a9bd2cfba7a09 --out-dir /home/runner/work/v2ray-rust/v2ray-rust/target/release/deps -C strip=symbols -L dependency=/home/runner/work/v2ray-rust/v2ray-rust/target/release/deps --cap-lints allow`
   Compiling version_check v0.9.4
     Running `/home/runner/.rustup/toolchains/stable-x86_64-unknown-linux-gnu/bin/rustc --crate-name version_check --edition=2015 /home/runner/.cargo/registry/src/index.crates.io-1949cf8c6b5b557f/version_check-0.9.4/src/lib.rs --error-format=json --json=diagnostic-rendered-ansi,artifacts,future-incompat --crate-type lib --emit=dep-info,metadata,link -C embed-bitcode=no -C debug-assertions=off --check-cfg 'cfg(docsrs,test)' --check-cfg 'cfg(feature, values())' -C metadata=027015972d290a75 -C extra-filename=-475b94e5eb619764 --out-dir /home/runner/work/v2ray-rust/v2ray-rust/target/release/deps -C strip=symbols -L dependency=/home/runner/work/v2ray-rust/v2ray-rust/target/release/deps --cap-lints allow`
     Running `/home/runner/work/v2ray-rust/v2ray-rust/target/release/build/proc-macro2-68595e1ba119e6fd/build-script-build`
     Running `/home/runner/work/v2ray-rust/v2ray-rust/target/release/build/libc-51fa60a749d552d7/build-script-build`
     Running `/home/runner/.rustup/toolchains/stable-x86_64-unknown-linux-gnu/bin/rustc --crate-name libc --edition=2021 /home/runner/.cargo/registry/src/index.crates.io-1949cf8c6b5b557f/libc-0.2.189/src/lib.rs --error-format=json --json=diagnostic-rendered-ansi,artifacts,future-incompat --crate-type lib --emit=dep-info,metadata,link -C opt-level=3 -C linker-plugin-lto -C codegen-units=1 --allow=unused_qualifications '--warn=clippy::unnecessary_semicolon' '--allow=clippy::unnecessary_cast' '--warn=clippy::ptr_as_ptr' '--allow=clippy::non_minimal_cfg' '--allow=clippy::missing_safety_doc' '--warn=clippy::map_unwrap_or' '--warn=clippy::manual_assert' '--allow=clippy::identity_op' '--warn=clippy::explicit_iter_loop' --cfg 'feature="default"' --cfg 'feature="extra_traits"' --cfg 'feature="std"' --check-cfg 'cfg(docsrs,test)' --check-cfg 'cfg(feature, values("align", "const-extern-fn", "default", "extra_traits", "rustc-dep-of-std", "rustc-std-workspace-core", "std", "use_std"))' -C metadata=6098c1eba2a9e603 -C extra-filename=-bc16d4b61bc11d13 --out-dir /home/runner/work/v2ray-rust/v2ray-rust/target/aarch64-linux-android/release/deps --target aarch64-linux-android -C linker=/home/runner/.cargo/bin/cargo-ndk -C strip=symbols -L dependency=/home/runner/work/v2ray-rust/v2ray-rust/target/aarch64-linux-android/release/deps -L dependency=/home/runner/work/v2ray-rust/v2ray-rust/target/release/deps --cap-lints allow --cfg freebsd12 --check-cfg 'cfg(emscripten_old_stat_abi)' --check-cfg 'cfg(espidf_picolibc)' --check-cfg 'cfg(espidf_time32)' --check-cfg 'cfg(freebsd10)' --check-cfg 'cfg(freebsd11)' --check-cfg 'cfg(freebsd12)' --check-cfg 'cfg(freebsd13)' --check-cfg 'cfg(freebsd14)' --check-cfg 'cfg(freebsd15)' --check-cfg 'cfg(gnu_file_offset_bits64)' --check-cfg 'cfg(gnu_time_bits64)' --check-cfg 'cfg(libc_deny_warnings)' --check-cfg 'cfg(linux_time_bits64)' --check-cfg 'cfg(musl_v1_2_3)' --check-cfg 'cfg(musl32_time64)' --check-cfg 'cfg(musl_redir_time64)' --check-cfg 'cfg(vxworks_lt_25_09)' --check-cfg 'cfg(libc_pauthtest)' --check-cfg 'cfg(target_os,values("switch","aix","ohos","hurd","rtems","visionos","nuttx","cygwin","qurt","qnx"))' --check-cfg 'cfg(target_env,values("illumos","wasi","aix","ohos","nto71_iosock"))' --check-cfg 'cfg(target_arch,values("loongarch64","mips32r6","mips64r6","csky"))'`
     Running `/home/runner/.rustup/toolchains/stable-x86_64-unknown-linux-gnu/bin/rustc --crate-name proc_macro2 --edition=2021 /home/runner/.cargo/registry/src/index.crates.io-1949cf8c6b5b557f/proc-macro2-1.0.107/src/lib.rs --error-format=json --json=diagnostic-rendered-ansi,artifacts,future-incompat --crate-type lib --emit=dep-info,metadata,link -C embed-bitcode=no -C debug-assertions=off --cfg 'feature="default"' --cfg 'feature="proc-macro"' --check-cfg 'cfg(docsrs,test)' --check-cfg 'cfg(feature, values("default", "nightly", "proc-macro", "span-locations"))' -C metadata=093720293b3605d0 -C extra-filename=-091c85badb332630 --out-dir /home/runner/work/v2ray-rust/v2ray-rust/target/release/deps -C strip=symbols -L dependency=/home/runner/work/v2ray-rust/v2ray-rust/target/release/deps --extern unicode_ident=/home/runner/work/v2ray-rust/v2ray-rust/target/release/deps/libunicode_ident-5af027b56a3c5e4b.rmeta --cap-lints allow --cfg wrap_proc_macro --cfg proc_macro_span_location --cfg proc_macro_span_file --check-cfg 'cfg(fuzzing)' --check-cfg 'cfg(no_is_available)' --check-cfg 'cfg(no_literal_byte_character)' --check-cfg 'cfg(no_literal_c_string)' --check-cfg 'cfg(no_source_text)' --check-cfg 'cfg(proc_macro_span)' --check-cfg 'cfg(proc_macro_span_file)' --check-cfg 'cfg(proc_macro_span_location)' --check-cfg 'cfg(procmacro2_backtrace)' --check-cfg 'cfg(procmacro2_build_probe)' --check-cfg 'cfg(procmacro2_nightly_testing)' --check-cfg 'cfg(procmacro2_semver_exempt)' --check-cfg 'cfg(randomize_layout)' --check-cfg 'cfg(span_locations)' --check-cfg 'cfg(super_unstable)' --check-cfg 'cfg(wrap_proc_macro)'`
   Compiling typenum v1.17.0
     Running `/home/runner/.rustup/toolchains/stable-x86_64-unknown-linux-gnu/bin/rustc --crate-name build_script_main --edition=2018 /home/runner/.cargo/registry/src/index.crates.io-1949cf8c6b5b557f/typenum-1.17.0/build/main.rs --error-format=json --json=diagnostic-rendered-ansi,artifacts,future-incompat --crate-type bin --emit=dep-info,link -C embed-bitcode=no -C debug-assertions=off --check-cfg 'cfg(docsrs,test)' --check-cfg 'cfg(feature, values("const-generics", "force_unix_path_separator", "i128", "no_std", "scale-info", "scale_info", "strict"))' -C metadata=cd7134e750ac2346 -C extra-filename=-eb96125e568dbf86 --out-dir /home/runner/work/v2ray-rust/v2ray-rust/target/release/build/typenum-eb96125e568dbf86 -C strip=symbols -L dependency=/home/runner/work/v2ray-rust/v2ray-rust/target/release/deps --cap-lints allow`
   Compiling generic-array v0.14.7
     Running `/home/runner/.rustup/toolchains/stable-x86_64-unknown-linux-gnu/bin/rustc --crate-name build_script_build --edition=2015 /home/runner/.cargo/registry/src/index.crates.io-1949cf8c6b5b557f/generic-array-0.14.7/build.rs --error-format=json --json=diagnostic-rendered-ansi,artifacts,future-incompat --crate-type bin --emit=dep-info,link -C embed-bitcode=no -C debug-assertions=off --cfg 'feature="more_lengths"' --check-cfg 'cfg(docsrs,test)' --check-cfg 'cfg(feature, values("more_lengths", "serde", "zeroize"))' -C metadata=98b4992e65957555 -C extra-filename=-00eff16d60e0a43d --out-dir /home/runner/work/v2ray-rust/v2ray-rust/target/release/build/generic-array-00eff16d60e0a43d -C strip=symbols -L dependency=/home/runner/work/v2ray-rust/v2ray-rust/target/release/deps --extern version_check=/home/runner/work/v2ray-rust/v2ray-rust/target/release/deps/libversion_check-475b94e5eb619764.rlib --cap-lints allow`
     Running `/home/runner/work/v2ray-rust/v2ray-rust/target/release/build/generic-array-00eff16d60e0a43d/build-script-build`
   Compiling bytes v1.5.0
     Running `/home/runner/.rustup/toolchains/stable-x86_64-unknown-linux-gnu/bin/rustc --crate-name bytes --edition=2018 /home/runner/.cargo/registry/src/index.crates.io-1949cf8c6b5b557f/bytes-1.5.0/src/lib.rs --error-format=json --json=diagnostic-rendered-ansi,artifacts,future-incompat --crate-type lib --emit=dep-info,metadata,link -C opt-level=3 -C linker-plugin-lto -C codegen-units=1 --cfg 'feature="default"' --cfg 'feature="std"' --check-cfg 'cfg(docsrs,test)' --check-cfg 'cfg(feature, values("default", "serde", "std"))' -C metadata=5b61fe63c41b8090 -C extra-filename=-5396a74fd9a7037d --out-dir /home/runner/work/v2ray-rust/v2ray-rust/target/aarch64-linux-android/release/deps --target aarch64-linux-android -C linker=/home/runner/.cargo/bin/cargo-ndk -C strip=symbols -L dependency=/home/runner/work/v2ray-rust/v2ray-rust/target/aarch64-linux-android/release/deps -L dependency=/home/runner/work/v2ray-rust/v2ray-rust/target/release/deps --cap-lints allow`
     Running `/home/runner/work/v2ray-rust/v2ray-rust/target/release/build/typenum-eb96125e568dbf86/build-script-main`
   Compiling quote v1.0.33
     Running `/home/runner/.rustup/toolchains/stable-x86_64-unknown-linux-gnu/bin/rustc --crate-name quote --edition=2018 /home/runner/.cargo/registry/src/index.crates.io-1949cf8c6b5b557f/quote-1.0.33/src/lib.rs --error-format=json --json=diagnostic-rendered-ansi,artifacts,future-incompat --crate-type lib --emit=dep-info,metadata,link -C embed-bitcode=no -C debug-assertions=off --cfg 'feature="default"' --cfg 'feature="proc-macro"' --check-cfg 'cfg(docsrs,test)' --check-cfg 'cfg(feature, values("default", "proc-macro"))' -C metadata=4bb239d04c716b26 -C extra-filename=-e167b4859fbe4962 --out-dir /home/runner/work/v2ray-rust/v2ray-rust/target/release/deps -C strip=symbols -L dependency=/home/runner/work/v2ray-rust/v2ray-rust/target/release/deps --extern proc_macro2=/home/runner/work/v2ray-rust/v2ray-rust/target/release/deps/libproc_macro2-091c85badb332630.rmeta --cap-lints allow`
   Compiling syn v2.0.42
     Running `/home/runner/.rustup/toolchains/stable-x86_64-unknown-linux-gnu/bin/rustc --crate-name syn --edition=2021 /home/runner/.cargo/registry/src/index.crates.io-1949cf8c6b5b557f/syn-2.0.42/src/lib.rs --error-format=json --json=diagnostic-rendered-ansi,artifacts,future-incompat --crate-type lib --emit=dep-info,metadata,link -C embed-bitcode=no -C debug-assertions=off --cfg 'feature="clone-impls"' --cfg 'feature="default"' --cfg 'feature="derive"' --cfg 'feature="extra-traits"' --cfg 'feature="full"' --cfg 'feature="parsing"' --cfg 'feature="printing"' --cfg 'feature="proc-macro"' --cfg 'feature="quote"' --cfg 'feature="visit-mut"' --check-cfg 'cfg(docsrs,test)' --check-cfg 'cfg(feature, values("clone-impls", "default", "derive", "extra-traits", "fold", "full", "parsing", "printing", "proc-macro", "quote", "test", "visit", "visit-mut"))' -C metadata=ef9b7193c7c4a9c2 -C extra-filename=-cec8b9261c989107 --out-dir /home/runner/work/v2ray-rust/v2ray-rust/target/release/deps -C strip=symbols -L dependency=/home/runner/work/v2ray-rust/v2ray-rust/target/release/deps --extern proc_macro2=/home/runner/work/v2ray-rust/v2ray-rust/target/release/deps/libproc_macro2-091c85badb332630.rmeta --extern quote=/home/runner/work/v2ray-rust/v2ray-rust/target/release/deps/libquote-e167b4859fbe4962.rmeta --extern unicode_ident=/home/runner/work/v2ray-rust/v2ray-rust/target/release/deps/libunicode_ident-5af027b56a3c5e4b.rmeta --cap-lints allow`
     Running `/home/runner/.rustup/toolchains/stable-x86_64-unknown-linux-gnu/bin/rustc --crate-name typenum --edition=2018 /home/runner/.cargo/registry/src/index.crates.io-1949cf8c6b5b557f/typenum-1.17.0/src/lib.rs --error-format=json --json=diagnostic-rendered-ansi,artifacts,future-incompat --crate-type lib --emit=dep-info,metadata,link -C opt-level=3 -C linker-plugin-lto -C codegen-units=1 --check-cfg 'cfg(docsrs,test)' --check-cfg 'cfg(feature, values("const-generics", "force_unix_path_separator", "i128", "no_std", "scale-info", "scale_info", "strict"))' -C metadata=5e1334b5796e8bcb -C extra-filename=-b7ca9bb7c886ff0d --out-dir /home/runner/work/v2ray-rust/v2ray-rust/target/aarch64-linux-android/release/deps --target aarch64-linux-android -C linker=/home/runner/.cargo/bin/cargo-ndk -C strip=symbols -L dependency=/home/runner/work/v2ray-rust/v2ray-rust/target/aarch64-linux-android/release/deps -L dependency=/home/runner/work/v2ray-rust/v2ray-rust/target/release/deps --cap-lints allow`
   Compiling getrandom v0.2.11
     Running `/home/runner/.rustup/toolchains/stable-x86_64-unknown-linux-gnu/bin/rustc --crate-name getrandom --edition=2018 /home/runner/.cargo/registry/src/index.crates.io-1949cf8c6b5b557f/getrandom-0.2.11/src/lib.rs --error-format=json --json=diagnostic-rendered-ansi,artifacts,future-incompat --crate-type lib --emit=dep-info,metadata,link -C opt-level=3 -C linker-plugin-lto -C codegen-units=1 --cfg 'feature="std"' --check-cfg 'cfg(docsrs,test)' --check-cfg 'cfg(feature, values("compiler_builtins", "core", "custom", "js", "js-sys", "rdrand", "rustc-dep-of-std", "std", "test-in-browser", "wasm-bindgen"))' -C metadata=0dbfe308344df55d -C extra-filename=-841a4f8a6d49a1f7 --out-dir /home/runner/work/v2ray-rust/v2ray-rust/target/aarch64-linux-android/release/deps --target aarch64-linux-android -C linker=/home/runner/.cargo/bin/cargo-ndk -C strip=symbols -L dependency=/home/runner/work/v2ray-rust/v2ray-rust/target/aarch64-linux-android/release/deps -L dependency=/home/runner/work/v2ray-rust/v2ray-rust/target/release/deps --extern cfg_if=/home/runner/work/v2ray-rust/v2ray-rust/target/aarch64-linux-android/release/deps/libcfg_if-4759f9181b9a8545.rmeta --extern libc=/home/runner/work/v2ray-rust/v2ray-rust/target/aarch64-linux-android/release/deps/liblibc-bc16d4b61bc11d13.rmeta --cap-lints allow`
     Running `/home/runner/.rustup/toolchains/stable-x86_64-unknown-linux-gnu/bin/rustc --crate-name generic_array --edition=2015 /home/runner/.cargo/registry/src/index.crates.io-1949cf8c6b5b557f/generic-array-0.14.7/src/lib.rs --error-format=json --json=diagnostic-rendered-ansi,artifacts,future-incompat --crate-type lib --emit=dep-info,metadata,link -C opt-level=3 -C linker-plugin-lto -C codegen-units=1 --cfg 'feature="more_lengths"' --check-cfg 'cfg(docsrs,test)' --check-cfg 'cfg(feature, values("more_lengths", "serde", "zeroize"))' -C metadata=fd886bcebc797a0c -C extra-filename=-89288a9b20ed4130 --out-dir /home/runner/work/v2ray-rust/v2ray-rust/target/aarch64-linux-android/release/deps --target aarch64-linux-android -C linker=/home/runner/.cargo/bin/cargo-ndk -C strip=symbols -L dependency=/home/runner/work/v2ray-rust/v2ray-rust/target/aarch64-linux-android/release/deps -L dependency=/home/runner/work/v2ray-rust/v2ray-rust/target/release/deps --extern typenum=/home/runner/work/v2ray-rust/v2ray-rust/target/aarch64-linux-android/release/deps/libtypenum-b7ca9bb7c886ff0d.rmeta --cap-lints allow --cfg relaxed_coherence`
   Compiling rand_core v0.6.4
     Running `/home/runner/.rustup/toolchains/stable-x86_64-unknown-linux-gnu/bin/rustc --crate-name rand_core --edition=2018 /home/runner/.cargo/registry/src/index.crates.io-1949cf8c6b5b557f/rand_core-0.6.4/src/lib.rs --error-format=json --json=diagnostic-rendered-ansi,artifacts,future-incompat --crate-type lib --emit=dep-info,metadata,link -C opt-level=3 -C linker-plugin-lto -C codegen-units=1 --cfg 'feature="alloc"' --cfg 'feature="getrandom"' --cfg 'feature="std"' --check-cfg 'cfg(docsrs,test)' --check-cfg 'cfg(feature, values("alloc", "getrandom", "serde", "serde1", "std"))' -C metadata=93d8ce36294279b1 -C extra-filename=-478d4f902bce0f2e --out-dir /home/runner/work/v2ray-rust/v2ray-rust/target/aarch64-linux-android/release/deps --target aarch64-linux-android -C linker=/home/runner/.cargo/bin/cargo-ndk -C strip=symbols -L dependency=/home/runner/work/v2ray-rust/v2ray-rust/target/aarch64-linux-android/release/deps -L dependency=/home/runner/work/v2ray-rust/v2ray-rust/target/release/deps --extern getrandom=/home/runner/work/v2ray-rust/v2ray-rust/target/aarch64-linux-android/release/deps/libgetrandom-841a4f8a6d49a1f7.rmeta --cap-lints allow`
   Compiling pin-project-lite v0.2.13
     Running `/home/runner/.rustup/toolchains/stable-x86_64-unknown-linux-gnu/bin/rustc --crate-name pin_project_lite --edition=2018 /home/runner/.cargo/registry/src/index.crates.io-1949cf8c6b5b557f/pin-project-lite-0.2.13/src/lib.rs --error-format=json --json=diagnostic-rendered-ansi,artifacts,future-incompat --crate-type lib --emit=dep-info,metadata,link -C opt-level=3 -C linker-plugin-lto -C codegen-units=1 --check-cfg 'cfg(docsrs,test)' --check-cfg 'cfg(feature, values())' -C metadata=07c41083c2c6082f -C extra-filename=-2e4d95cd2456f886 --out-dir /home/runner/work/v2ray-rust/v2ray-rust/target/aarch64-linux-android/release/deps --target aarch64-linux-android -C linker=/home/runner/.cargo/bin/cargo-ndk -C strip=symbols -L dependency=/home/runner/work/v2ray-rust/v2ray-rust/target/aarch64-linux-android/release/deps -L dependency=/home/runner/work/v2ray-rust/v2ray-rust/target/release/deps --cap-lints allow`
   Compiling lock_api v0.4.11
     Running `/home/runner/.rustup/toolchains/stable-x86_64-unknown-linux-gnu/bin/rustc --crate-name build_script_build --edition=2018 /home/runner/.cargo/registry/src/index.crates.io-1949cf8c6b5b557f/lock_api-0.4.11/build.rs --error-format=json --json=diagnostic-rendered-ansi,artifacts,future-incompat --crate-type bin --emit=dep-info,link -C embed-bitcode=no -C debug-assertions=off --cfg 'feature="atomic_usize"' --cfg 'feature="default"' --check-cfg 'cfg(docsrs,test)' --check-cfg 'cfg(feature, values("arc_lock", "atomic_usize", "default", "nightly", "owning_ref", "serde"))' -C metadata=3486849afb25c459 -C extra-filename=-b31f1f8e6cf24cc5 --out-dir /home/runner/work/v2ray-rust/v2ray-rust/target/release/build/lock_api-b31f1f8e6cf24cc5 -C strip=symbols -L dependency=/home/runner/work/v2ray-rust/v2ray-rust/target/release/deps --extern autocfg=/home/runner/work/v2ray-rust/v2ray-rust/target/release/deps/libautocfg-af8a9bd2cfba7a09.rlib --cap-lints allow`
   Compiling log v0.4.20
     Running `/home/runner/.rustup/toolchains/stable-x86_64-unknown-linux-gnu/bin/rustc --crate-name log --edition=2015 /home/runner/.cargo/registry/src/index.crates.io-1949cf8c6b5b557f/log-0.4.20/src/lib.rs --error-format=json --json=diagnostic-rendered-ansi,artifacts,future-incompat --crate-type lib --emit=dep-info,metadata,link -C opt-level=3 -C linker-plugin-lto -C codegen-units=1 --cfg 'feature="std"' --check-cfg 'cfg(docsrs,test)' --check-cfg 'cfg(feature, values("kv_unstable", "kv_unstable_serde", "kv_unstable_std", "kv_unstable_sval", "max_level_debug", "max_level_error", "max_level_info", "max_level_off", "max_level_trace", "max_level_warn", "release_max_level_debug", "release_max_level_error", "release_max_level_info", "release_max_level_off", "release_max_level_trace", "release_max_level_warn", "serde", "std", "sval", "sval_ref", "value-bag"))' -C metadata=043f604a5b238cd8 -C extra-filename=-39ac4c76d4f8181f --out-dir /home/runner/work/v2ray-rust/v2ray-rust/target/aarch64-linux-android/release/deps --target aarch64-linux-android -C linker=/home/runner/.cargo/bin/cargo-ndk -C strip=symbols -L dependency=/home/runner/work/v2ray-rust/v2ray-rust/target/aarch64-linux-android/release/deps -L dependency=/home/runner/work/v2ray-rust/v2ray-rust/target/release/deps --cap-lints allow`
     Running `/home/runner/work/v2ray-rust/v2ray-rust/target/release/build/lock_api-b31f1f8e6cf24cc5/build-script-build`
   Compiling scopeguard v1.2.0
     Running `/home/runner/.rustup/toolchains/stable-x86_64-unknown-linux-gnu/bin/rustc --crate-name scopeguard --edition=2015 /home/runner/.cargo/registry/src/index.crates.io-1949cf8c6b5b557f/scopeguard-1.2.0/src/lib.rs --error-format=json --json=diagnostic-rendered-ansi,artifacts,future-incompat --crate-type lib --emit=dep-info,metadata,link -C opt-level=3 -C linker-plugin-lto -C codegen-units=1 --check-cfg 'cfg(docsrs,test)' --check-cfg 'cfg(feature, values("default", "use_std"))' -C metadata=be6c4c324a8b8e84 -C extra-filename=-cb9f0766e2a51971 --out-dir /home/runner/work/v2ray-rust/v2ray-rust/target/aarch64-linux-android/release/deps --target aarch64-linux-android -C linker=/home/runner/.cargo/bin/cargo-ndk -C strip=symbols -L dependency=/home/runner/work/v2ray-rust/v2ray-rust/target/aarch64-linux-android/release/deps -L dependency=/home/runner/work/v2ray-rust/v2ray-rust/target/release/deps --cap-lints allow`
   Compiling parking_lot_core v0.9.9
     Running `/home/runner/.rustup/toolchains/stable-x86_64-unknown-linux-gnu/bin/rustc --crate-name build_script_build --edition=2018 /home/runner/.cargo/registry/src/index.crates.io-1949cf8c6b5b557f/parking_lot_core-0.9.9/build.rs --error-format=json --json=diagnostic-rendered-ansi,artifacts,future-incompat --crate-type bin --emit=dep-info,link -C embed-bitcode=no -C debug-assertions=off --check-cfg 'cfg(docsrs,test)' --check-cfg 'cfg(feature, values("backtrace", "deadlock_detection", "nightly", "petgraph", "thread-id"))' -C metadata=b6cd9332b6968503 -C extra-filename=-9af539ab35e90bcf --out-dir /home/runner/work/v2ray-rust/v2ray-rust/target/release/build/parking_lot_core-9af539ab35e90bcf -C strip=symbols -L dependency=/home/runner/work/v2ray-rust/v2ray-rust/target/release/deps --cap-lints allow`
   Compiling futures-core v0.3.29
     Running `/home/runner/.rustup/toolchains/stable-x86_64-unknown-linux-gnu/bin/rustc --crate-name build_script_build --edition=2018 /home/runner/.cargo/registry/src/index.crates.io-1949cf8c6b5b557f/futures-core-0.3.29/build.rs --error-format=json --json=diagnostic-rendered-ansi,artifacts,future-incompat --crate-type bin --emit=dep-info,link -C embed-bitcode=no -C debug-assertions=off --cfg 'feature="alloc"' --cfg 'feature="default"' --cfg 'feature="std"' --check-cfg 'cfg(docsrs,test)' --check-cfg 'cfg(feature, values("alloc", "cfg-target-has-atomic", "default", "portable-atomic", "std", "unstable"))' -C metadata=b0667d459d6eade3 -C extra-filename=-0ef6fb1f08712466 --out-dir /home/runner/work/v2ray-rust/v2ray-rust/target/release/build/futures-core-0ef6fb1f08712466 -C strip=symbols -L dependency=/home/runner/work/v2ray-rust/v2ray-rust/target/release/deps --cap-lints allow`
   Compiling subtle v2.5.0
     Running `/home/runner/.rustup/toolchains/stable-x86_64-unknown-linux-gnu/bin/rustc --crate-name subtle --edition=2018 /home/runner/.cargo/registry/src/index.crates.io-1949cf8c6b5b557f/subtle-2.5.0/src/lib.rs --error-format=json --json=diagnostic-rendered-ansi,artifacts,future-incompat --crate-type lib --emit=dep-info,metadata,link -C opt-level=3 -C linker-plugin-lto -C codegen-units=1 --check-cfg 'cfg(docsrs,test)' --check-cfg 'cfg(feature, values("const-generics", "core_hint_black_box", "default", "i128", "nightly", "std"))' -C metadata=66f48d77f7b63ece -C extra-filename=-d2b2c8b88409a3fe --out-dir /home/runner/work/v2ray-rust/v2ray-rust/target/aarch64-linux-android/release/deps --target aarch64-linux-android -C linker=/home/runner/.cargo/bin/cargo-ndk -C strip=symbols -L dependency=/home/runner/work/v2ray-rust/v2ray-rust/target/aarch64-linux-android/release/deps -L dependency=/home/runner/work/v2ray-rust/v2ray-rust/target/release/deps --cap-lints allow`
     Running `/home/runner/work/v2ray-rust/v2ray-rust/target/release/build/futures-core-0ef6fb1f08712466/build-script-build`
     Running `/home/runner/work/v2ray-rust/v2ray-rust/target/release/build/parking_lot_core-9af539ab35e90bcf/build-script-build`
     Running `/home/runner/.rustup/toolchains/stable-x86_64-unknown-linux-gnu/bin/rustc --crate-name lock_api --edition=2018 /home/runner/.cargo/registry/src/index.crates.io-1949cf8c6b5b557f/lock_api-0.4.11/src/lib.rs --error-format=json --json=diagnostic-rendered-ansi,artifacts,future-incompat --crate-type lib --emit=dep-info,metadata,link -C opt-level=3 -C linker-plugin-lto -C codegen-units=1 --cfg 'feature="atomic_usize"' --cfg 'feature="default"' --check-cfg 'cfg(docsrs,test)' --check-cfg 'cfg(feature, values("arc_lock", "atomic_usize", "default", "nightly", "owning_ref", "serde"))' -C metadata=5bee965bb7c21043 -C extra-filename=-93329ca5de79b155 --out-dir /home/runner/work/v2ray-rust/v2ray-rust/target/aarch64-linux-android/release/deps --target aarch64-linux-android -C linker=/home/runner/.cargo/bin/cargo-ndk -C strip=symbols -L dependency=/home/runner/work/v2ray-rust/v2ray-rust/target/aarch64-linux-android/release/deps -L dependency=/home/runner/work/v2ray-rust/v2ray-rust/target/release/deps --extern scopeguard=/home/runner/work/v2ray-rust/v2ray-rust/target/aarch64-linux-android/release/deps/libscopeguard-cb9f0766e2a51971.rmeta --cap-lints allow --cfg has_const_fn_trait_bound`
   Compiling crypto-common v0.1.6
     Running `/home/runner/.rustup/toolchains/stable-x86_64-unknown-linux-gnu/bin/rustc --crate-name crypto_common --edition=2018 /home/runner/.cargo/registry/src/index.crates.io-1949cf8c6b5b557f/crypto-common-0.1.6/src/lib.rs --error-format=json --json=diagnostic-rendered-ansi,artifacts,future-incompat --crate-type lib --emit=dep-info,metadata,link -C opt-level=3 -C linker-plugin-lto -C codegen-units=1 --cfg 'feature="getrandom"' --cfg 'feature="rand_core"' --cfg 'feature="std"' --check-cfg 'cfg(docsrs,test)' --check-cfg 'cfg(feature, values("getrandom", "rand_core", "std"))' -C metadata=d5ed67cb801b2b51 -C extra-filename=-6e3e462fffa5f0a0 --out-dir /home/runner/work/v2ray-rust/v2ray-rust/target/aarch64-linux-android/release/deps --target aarch64-linux-android -C linker=/home/runner/.cargo/bin/cargo-ndk -C strip=symbols -L dependency=/home/runner/work/v2ray-rust/v2ray-rust/target/aarch64-linux-android/release/deps -L dependency=/home/runner/work/v2ray-rust/v2ray-rust/target/release/deps --extern generic_array=/home/runner/work/v2ray-rust/v2ray-rust/target/aarch64-linux-android/release/deps/libgeneric_array-89288a9b20ed4130.rmeta --extern rand_core=/home/runner/work/v2ray-rust/v2ray-rust/target/aarch64-linux-android/release/deps/librand_core-478d4f902bce0f2e.rmeta --extern typenum=/home/runner/work/v2ray-rust/v2ray-rust/target/aarch64-linux-android/release/deps/libtypenum-b7ca9bb7c886ff0d.rmeta --cap-lints allow`
   Compiling anyhow v1.0.76
     Running `/home/runner/.rustup/toolchains/stable-x86_64-unknown-linux-gnu/bin/rustc --crate-name build_script_build --edition=2018 /home/runner/.cargo/registry/src/index.crates.io-1949cf8c6b5b557f/anyhow-1.0.76/build.rs --error-format=json --json=diagnostic-rendered-ansi,artifacts,future-incompat --crate-type bin --emit=dep-info,link -C embed-bitcode=no -C debug-assertions=off --cfg 'feature="default"' --cfg 'feature="std"' --check-cfg 'cfg(docsrs,test)' --check-cfg 'cfg(feature, values("backtrace", "default", "std"))' -C metadata=0c2feccb1e37f2da -C extra-filename=-39ffe5728b90ad86 --out-dir /home/runner/work/v2ray-rust/v2ray-rust/target/release/build/anyhow-39ffe5728b90ad86 -C strip=symbols -L dependency=/home/runner/work/v2ray-rust/v2ray-rust/target/release/deps --cap-lints allow`
   Compiling smallvec v1.11.2
     Running `/home/runner/.rustup/toolchains/stable-x86_64-unknown-linux-gnu/bin/rustc --crate-name smallvec --edition=2018 /home/runner/.cargo/registry/src/index.crates.io-1949cf8c6b5b557f/smallvec-1.11.2/src/lib.rs --error-format=json --json=diagnostic-rendered-ansi,artifacts,future-incompat --crate-type lib --emit=dep-info,metadata,link -C opt-level=3 -C linker-plugin-lto -C codegen-units=1 --check-cfg 'cfg(docsrs,test)' --check-cfg 'cfg(feature, values("arbitrary", "const_generics", "const_new", "debugger_visualizer", "drain_filter", "drain_keep_rest", "may_dangle", "serde", "specialization", "union", "write"))' -C metadata=5fee59d06373a449 -C extra-filename=-176befec34afed5e --out-dir /home/runner/work/v2ray-rust/v2ray-rust/target/aarch64-linux-android/release/deps --target aarch64-linux-android -C linker=/home/runner/.cargo/bin/cargo-ndk -C strip=symbols -L dependency=/home/runner/work/v2ray-rust/v2ray-rust/target/aarch64-linux-android/release/deps -L dependency=/home/runner/work/v2ray-rust/v2ray-rust/target/release/deps --cap-lints allow`
     Running `/home/runner/.rustup/toolchains/stable-x86_64-unknown-linux-gnu/bin/rustc --crate-name futures_core --edition=2018 /home/runner/.cargo/registry/src/index.crates.io-1949cf8c6b5b557f/futures-core-0.3.29/src/lib.rs --error-format=json --json=diagnostic-rendered-ansi,artifacts,future-incompat --crate-type lib --emit=dep-info,metadata,link -C opt-level=3 -C linker-plugin-lto -C codegen-units=1 --cfg 'feature="alloc"' --cfg 'feature="default"' --cfg 'feature="std"' --check-cfg 'cfg(docsrs,test)' --check-cfg 'cfg(feature, values("alloc", "cfg-target-has-atomic", "default", "portable-atomic", "std", "unstable"))' -C metadata=478975c044dbc160 -C extra-filename=-4fccbc47ed1904aa --out-dir /home/runner/work/v2ray-rust/v2ray-rust/target/aarch64-linux-android/release/deps --target aarch64-linux-android -C linker=/home/runner/.cargo/bin/cargo-ndk -C strip=symbols -L dependency=/home/runner/work/v2ray-rust/v2ray-rust/target/aarch64-linux-android/release/deps -L dependency=/home/runner/work/v2ray-rust/v2ray-rust/target/release/deps --cap-lints allow`
   Compiling either v1.9.0
     Running `/home/runner/.rustup/toolchains/stable-x86_64-unknown-linux-gnu/bin/rustc --crate-name either --edition=2018 /home/runner/.cargo/registry/src/index.crates.io-1949cf8c6b5b557f/either-1.9.0/src/lib.rs --error-format=json --json=diagnostic-rendered-ansi,artifacts,future-incompat --crate-type lib --emit=dep-info,metadata,link -C embed-bitcode=no -C debug-assertions=off --cfg 'feature="default"' --cfg 'feature="use_std"' --check-cfg 'cfg(docsrs,test)' --check-cfg 'cfg(feature, values("default", "serde", "use_std"))' -C metadata=5c12772d2492f900 -C extra-filename=-008db5e8cfd14461 --out-dir /home/runner/work/v2ray-rust/v2ray-rust/target/release/deps -C strip=symbols -L dependency=/home/runner/work/v2ray-rust/v2ray-rust/target/release/deps --cap-lints allow`
   Compiling mio v0.8.10
     Running `/home/runner/.rustup/toolchains/stable-x86_64-unknown-linux-gnu/bin/rustc --crate-name mio --edition=2018 /home/runner/.cargo/registry/src/index.crates.io-1949cf8c6b5b557f/mio-0.8.10/src/lib.rs --error-format=json --json=diagnostic-rendered-ansi,artifacts,future-incompat --crate-type lib --emit=dep-info,metadata,link -C opt-level=3 -C linker-plugin-lto -C codegen-units=1 --cfg 'feature="default"' --cfg 'feature="log"' --cfg 'feature="net"' --cfg 'feature="os-ext"' --cfg 'feature="os-poll"' --check-cfg 'cfg(docsrs,test)' --check-cfg 'cfg(feature, values("default", "log", "net", "os-ext", "os-poll"))' -C metadata=749993970813e2fb -C extra-filename=-68e4a6fb8ba5e78d --out-dir /home/runner/work/v2ray-rust/v2ray-rust/target/aarch64-linux-android/release/deps --target aarch64-linux-android -C linker=/home/runner/.cargo/bin/cargo-ndk -C strip=symbols -L dependency=/home/runner/work/v2ray-rust/v2ray-rust/target/aarch64-linux-android/release/deps -L dependency=/home/runner/work/v2ray-rust/v2ray-rust/target/release/deps --extern libc=/home/runner/work/v2ray-rust/v2ray-rust/target/aarch64-linux-android/release/deps/liblibc-bc16d4b61bc11d13.rmeta --extern log=/home/runner/work/v2ray-rust/v2ray-rust/target/aarch64-linux-android/release/deps/liblog-39ac4c76d4f8181f.rmeta --cap-lints allow`
     Running `/home/runner/.rustup/toolchains/stable-x86_64-unknown-linux-gnu/bin/rustc --crate-name parking_lot_core --edition=2018 /home/runner/.cargo/registry/src/index.crates.io-1949cf8c6b5b557f/parking_lot_core-0.9.9/src/lib.rs --error-format=json --json=diagnostic-rendered-ansi,artifacts,future-incompat --crate-type lib --emit=dep-info,metadata,link -C opt-level=3 -C linker-plugin-lto -C codegen-units=1 --check-cfg 'cfg(docsrs,test)' --check-cfg 'cfg(feature, values("backtrace", "deadlock_detection", "nightly", "petgraph", "thread-id"))' -C metadata=3c45122085790077 -C extra-filename=-e5dd33cf9e24dfb4 --out-dir /home/runner/work/v2ray-rust/v2ray-rust/target/aarch64-linux-android/release/deps --target aarch64-linux-android -C linker=/home/runner/.cargo/bin/cargo-ndk -C strip=symbols -L dependency=/home/runner/work/v2ray-rust/v2ray-rust/target/aarch64-linux-android/release/deps -L dependency=/home/runner/work/v2ray-rust/v2ray-rust/target/release/deps --extern cfg_if=/home/runner/work/v2ray-rust/v2ray-rust/target/aarch64-linux-android/release/deps/libcfg_if-4759f9181b9a8545.rmeta --extern libc=/home/runner/work/v2ray-rust/v2ray-rust/target/aarch64-linux-android/release/deps/liblibc-bc16d4b61bc11d13.rmeta --extern smallvec=/home/runner/work/v2ray-rust/v2ray-rust/target/aarch64-linux-android/release/deps/libsmallvec-176befec34afed5e.rmeta --cap-lints allow`
   Compiling signal-hook-registry v1.4.1
     Running `/home/runner/.rustup/toolchains/stable-x86_64-unknown-linux-gnu/bin/rustc --crate-name signal_hook_registry --edition=2015 /home/runner/.cargo/registry/src/index.crates.io-1949cf8c6b5b557f/signal-hook-registry-1.4.1/src/lib.rs --error-format=json --json=diagnostic-rendered-ansi,artifacts,future-incompat --crate-type lib --emit=dep-info,metadata,link -C opt-level=3 -C linker-plugin-lto -C codegen-units=1 --check-cfg 'cfg(docsrs,test)' --check-cfg 'cfg(feature, values())' -C metadata=31c0bfd0d0d5423e -C extra-filename=-705c91a396aac31e --out-dir /home/runner/work/v2ray-rust/v2ray-rust/target/aarch64-linux-android/release/deps --target aarch64-linux-android -C linker=/home/runner/.cargo/bin/cargo-ndk -C strip=symbols -L dependency=/home/runner/work/v2ray-rust/v2ray-rust/target/aarch64-linux-android/release/deps -L dependency=/home/runner/work/v2ray-rust/v2ray-rust/target/release/deps --extern libc=/home/runner/work/v2ray-rust/v2ray-rust/target/aarch64-linux-android/release/deps/liblibc-bc16d4b61bc11d13.rmeta --cap-lints allow`
   Compiling parking_lot v0.12.1
     Running `/home/runner/.rustup/toolchains/stable-x86_64-unknown-linux-gnu/bin/rustc --crate-name parking_lot --edition=2018 /home/runner/.cargo/registry/src/index.crates.io-1949cf8c6b5b557f/parking_lot-0.12.1/src/lib.rs --error-format=json --json=diagnostic-rendered-ansi,artifacts,future-incompat --crate-type lib --emit=dep-info,metadata,link -C opt-level=3 -C linker-plugin-lto -C codegen-units=1 --cfg 'feature="default"' --check-cfg 'cfg(docsrs,test)' --check-cfg 'cfg(feature, values("arc_lock", "deadlock_detection", "default", "hardware-lock-elision", "nightly", "owning_ref", "send_guard", "serde"))' -C metadata=6e4994601103ba87 -C extra-filename=-7661046f822b6438 --out-dir /home/runner/work/v2ray-rust/v2ray-rust/target/aarch64-linux-android/release/deps --target aarch64-linux-android -C linker=/home/runner/.cargo/bin/cargo-ndk -C strip=symbols -L dependency=/home/runner/work/v2ray-rust/v2ray-rust/target/aarch64-linux-android/release/deps -L dependency=/home/runner/work/v2ray-rust/v2ray-rust/target/release/deps --extern lock_api=/home/runner/work/v2ray-rust/v2ray-rust/target/aarch64-linux-android/release/deps/liblock_api-93329ca5de79b155.rmeta --extern parking_lot_core=/home/runner/work/v2ray-rust/v2ray-rust/target/aarch64-linux-android/release/deps/libparking_lot_core-e5dd33cf9e24dfb4.rmeta --cap-lints allow`
   Compiling socket2 v0.5.5
     Running `/home/runner/.rustup/toolchains/stable-x86_64-unknown-linux-gnu/bin/rustc --crate-name socket2 --edition=2021 /home/runner/.cargo/registry/src/index.crates.io-1949cf8c6b5b557f/socket2-0.5.5/src/lib.rs --error-format=json --json=diagnostic-rendered-ansi,artifacts,future-incompat --crate-type lib --emit=dep-info,metadata,link -C opt-level=3 -C linker-plugin-lto -C codegen-units=1 --cfg 'feature="all"' --check-cfg 'cfg(docsrs,test)' --check-cfg 'cfg(feature, values("all"))' -C metadata=e97ba3e14bed7cf5 -C extra-filename=-223296766230cc43 --out-dir /home/runner/work/v2ray-rust/v2ray-rust/target/aarch64-linux-android/release/deps --target aarch64-linux-android -C linker=/home/runner/.cargo/bin/cargo-ndk -C strip=symbols -L dependency=/home/runner/work/v2ray-rust/v2ray-rust/target/aarch64-linux-android/release/deps -L dependency=/home/runner/work/v2ray-rust/v2ray-rust/target/release/deps --extern libc=/home/runner/work/v2ray-rust/v2ray-rust/target/aarch64-linux-android/release/deps/liblibc-bc16d4b61bc11d13.rmeta --cap-lints allow`
   Compiling once_cell v1.19.0
     Running `/home/runner/.rustup/toolchains/stable-x86_64-unknown-linux-gnu/bin/rustc --crate-name once_cell --edition=2021 /home/runner/.cargo/registry/src/index.crates.io-1949cf8c6b5b557f/once_cell-1.19.0/src/lib.rs --error-format=json --json=diagnostic-rendered-ansi,artifacts,future-incompat --crate-type lib --emit=dep-info,metadata,link -C opt-level=3 -C linker-plugin-lto -C codegen-units=1 --cfg 'feature="alloc"' --cfg 'feature="default"' --cfg 'feature="race"' --cfg 'feature="std"' --check-cfg 'cfg(docsrs,test)' --check-cfg 'cfg(feature, values("alloc", "atomic-polyfill", "critical-section", "default", "parking_lot", "portable-atomic", "race", "std", "unstable"))' -C metadata=0f3300cc18ae59ed -C extra-filename=-7351ece8475b336f --out-dir /home/runner/work/v2ray-rust/v2ray-rust/target/aarch64-linux-android/release/deps --target aarch64-linux-android -C linker=/home/runner/.cargo/bin/cargo-ndk -C strip=symbols -L dependency=/home/runner/work/v2ray-rust/v2ray-rust/target/aarch64-linux-android/release/deps -L dependency=/home/runner/work/v2ray-rust/v2ray-rust/target/release/deps --cap-lints allow`
   Compiling thiserror v1.0.51
     Running `/home/runner/.rustup/toolchains/stable-x86_64-unknown-linux-gnu/bin/rustc --crate-name build_script_build --edition=2021 /home/runner/.cargo/registry/src/index.crates.io-1949cf8c6b5b557f/thiserror-1.0.51/build.rs --error-format=json --json=diagnostic-rendered-ansi,artifacts,future-incompat --crate-type bin --emit=dep-info,link -C embed-bitcode=no -C debug-assertions=off --check-cfg 'cfg(docsrs,test)' --check-cfg 'cfg(feature, values())' -C metadata=7840ec03994cba8b -C extra-filename=-681b002f89e8c35e --out-dir /home/runner/work/v2ray-rust/v2ray-rust/target/release/build/thiserror-681b002f89e8c35e -C strip=symbols -L dependency=/home/runner/work/v2ray-rust/v2ray-rust/target/release/deps --cap-lints allow`
   Compiling zeroize v1.7.0
     Running `/home/runner/.rustup/toolchains/stable-x86_64-unknown-linux-gnu/bin/rustc --crate-name zeroize --edition=2021 /home/runner/.cargo/registry/src/index.crates.io-1949cf8c6b5b557f/zeroize-1.7.0/src/lib.rs --error-format=json --json=diagnostic-rendered-ansi,artifacts,future-incompat --crate-type lib --emit=dep-info,metadata,link -C opt-level=3 -C linker-plugin-lto -C codegen-units=1 --cfg 'feature="alloc"' --cfg 'feature="default"' --check-cfg 'cfg(docsrs,test)' --check-cfg 'cfg(feature, values("aarch64", "alloc", "default", "derive", "serde", "std", "zeroize_derive"))' -C metadata=ca750d6625abd3e5 -C extra-filename=-f5097def0cbce85e --out-dir /home/runner/work/v2ray-rust/v2ray-rust/target/aarch64-linux-android/release/deps --target aarch64-linux-android -C linker=/home/runner/.cargo/bin/cargo-ndk -C strip=symbols -L dependency=/home/runner/work/v2ray-rust/v2ray-rust/target/aarch64-linux-android/release/deps -L dependency=/home/runner/work/v2ray-rust/v2ray-rust/target/release/deps --cap-lints allow`
     Running `/home/runner/work/v2ray-rust/v2ray-rust/target/release/build/anyhow-39ffe5728b90ad86/build-script-build`
   Compiling slab v0.4.9
     Running `/home/runner/.rustup/toolchains/stable-x86_64-unknown-linux-gnu/bin/rustc --crate-name build_script_build --edition=2018 /home/runner/.cargo/registry/src/index.crates.io-1949cf8c6b5b557f/slab-0.4.9/build.rs --error-format=json --json=diagnostic-rendered-ansi,artifacts,future-incompat --crate-type bin --emit=dep-info,link -C embed-bitcode=no -C debug-assertions=off --cfg 'feature="default"' --cfg 'feature="std"' --check-cfg 'cfg(docsrs,test)' --check-cfg 'cfg(feature, values("default", "serde", "std"))' -C metadata=da13b3205804b205 -C extra-filename=-1017bf16f03feb02 --out-dir /home/runner/work/v2ray-rust/v2ray-rust/target/release/build/slab-1017bf16f03feb02 -C strip=symbols -L dependency=/home/runner/work/v2ray-rust/v2ray-rust/target/release/deps --extern autocfg=/home/runner/work/v2ray-rust/v2ray-rust/target/release/deps/libautocfg-af8a9bd2cfba7a09.rlib --cap-lints allow`
     Running `/home/runner/.rustup/toolchains/stable-x86_64-unknown-linux-gnu/bin/rustc --crate-name anyhow --edition=2018 /home/runner/.cargo/registry/src/index.crates.io-1949cf8c6b5b557f/anyhow-1.0.76/src/lib.rs --error-format=json --json=diagnostic-rendered-ansi,artifacts,future-incompat --crate-type lib --emit=dep-info,metadata,link -C embed-bitcode=no -C debug-assertions=off --cfg 'feature="default"' --cfg 'feature="std"' --check-cfg 'cfg(docsrs,test)' --check-cfg 'cfg(feature, values("backtrace", "default", "std"))' -C metadata=826d04ac38d37262 -C extra-filename=-3eaef9d2bd9014ca --out-dir /home/runner/work/v2ray-rust/v2ray-rust/target/release/deps -C strip=symbols -L dependency=/home/runner/work/v2ray-rust/v2ray-rust/target/release/deps --cap-lints allow`
   Compiling futures-task v0.3.29
     Running `/home/runner/.rustup/toolchains/stable-x86_64-unknown-linux-gnu/bin/rustc --crate-name build_script_build --edition=2018 /home/runner/.cargo/registry/src/index.crates.io-1949cf8c6b5b557f/futures-task-0.3.29/build.rs --error-format=json --json=diagnostic-rendered-ansi,artifacts,future-incompat --crate-type bin --emit=dep-info,link -C embed-bitcode=no -C debug-assertions=off --cfg 'feature="alloc"' --cfg 'feature="std"' --check-cfg 'cfg(docsrs,test)' --check-cfg 'cfg(feature, values("alloc", "cfg-target-has-atomic", "default", "std", "unstable"))' -C metadata=f5c2996e5c8615cf -C extra-filename=-05a7d4c59b98d021 --out-dir /home/runner/work/v2ray-rust/v2ray-rust/target/release/build/futures-task-05a7d4c59b98d021 -C strip=symbols -L dependency=/home/runner/work/v2ray-rust/v2ray-rust/target/release/deps --cap-lints allow`
     Running `/home/runner/work/v2ray-rust/v2ray-rust/target/release/build/slab-1017bf16f03feb02/build-script-build`
   Compiling indexmap v1.9.3
     Running `/home/runner/.rustup/toolchains/stable-x86_64-unknown-linux-gnu/bin/rustc --crate-name build_script_build --edition=2021 /home/runner/.cargo/registry/src/index.crates.io-1949cf8c6b5b557f/indexmap-1.9.3/build.rs --error-format=json --json=diagnostic-rendered-ansi,artifacts,future-incompat --crate-type bin --emit=dep-info,link -C embed-bitcode=no -C debug-assertions=off --check-cfg 'cfg(docsrs,test)' --check-cfg 'cfg(feature, values("arbitrary", "quickcheck", "rayon", "rustc-rayon", "serde", "serde-1", "std", "test_debug", "test_low_transition_point"))' -C metadata=89a0d82711e9cfaa -C extra-filename=-b707ebc67d7dbbae --out-dir /home/runner/work/v2ray-rust/v2ray-rust/target/release/build/indexmap-b707ebc67d7dbbae -C strip=symbols -L dependency=/home/runner/work/v2ray-rust/v2ray-rust/target/release/deps --extern autocfg=/home/runner/work/v2ray-rust/v2ray-rust/target/release/deps/libautocfg-af8a9bd2cfba7a09.rlib --cap-lints allow`
     Running `/home/runner/work/v2ray-rust/v2ray-rust/target/release/build/futures-task-05a7d4c59b98d021/build-script-build`
   Compiling futures-util v0.3.29
     Running `/home/runner/.rustup/toolchains/stable-x86_64-unknown-linux-gnu/bin/rustc --crate-name build_script_build --edition=2018 /home/runner/.cargo/registry/src/index.crates.io-1949cf8c6b5b557f/futures-util-0.3.29/build.rs --error-format=json --json=diagnostic-rendered-ansi,artifacts,future-incompat --crate-type bin --emit=dep-info,link -C embed-bitcode=no -C debug-assertions=off --cfg 'feature="alloc"' --cfg 'feature="futures-sink"' --cfg 'feature="sink"' --cfg 'feature="slab"' --cfg 'feature="std"' --check-cfg 'cfg(docsrs,test)' --check-cfg 'cfg(feature, values("alloc", "async-await", "async-await-macro", "bilock", "cfg-target-has-atomic", "channel", "compat", "default", "futures-channel", "futures-io", "futures-macro", "futures-sink", "futures_01", "io", "io-compat", "memchr", "portable-atomic", "sink", "slab", "std", "tokio-io", "unstable", "write-all-vectored"))' -C metadata=c8984971b3b8df0f -C extra-filename=-4504fe465b8f272a --out-dir /home/runner/work/v2ray-rust/v2ray-rust/target/release/build/futures-util-4504fe465b8f272a -C strip=symbols -L dependency=/home/runner/work/v2ray-rust/v2ray-rust/target/release/deps --cap-lints allow`
   Compiling syn v1.0.109
     Running `/home/runner/.rustup/toolchains/stable-x86_64-unknown-linux-gnu/bin/rustc --crate-name build_script_build --edition=2018 /home/runner/.cargo/registry/src/index.crates.io-1949cf8c6b5b557f/syn-1.0.109/build.rs --error-format=json --json=diagnostic-rendered-ansi,artifacts,future-incompat --crate-type bin --emit=dep-info,link -C embed-bitcode=no -C debug-assertions=off --cfg 'feature="clone-impls"' --cfg 'feature="default"' --cfg 'feature="derive"' --cfg 'feature="extra-traits"' --cfg 'feature="full"' --cfg 'feature="parsing"' --cfg 'feature="printing"' --cfg 'feature="proc-macro"' --cfg 'feature="quote"' --cfg 'feature="visit-mut"' --check-cfg 'cfg(docsrs,test)' --check-cfg 'cfg(feature, values("clone-impls", "default", "derive", "extra-traits", "fold", "full", "parsing", "printing", "proc-macro", "quote", "test", "visit", "visit-mut"))' -C metadata=debcbe059787e193 -C extra-filename=-ba0f7ef00ce89f9b --out-dir /home/runner/work/v2ray-rust/v2ray-rust/target/release/build/syn-ba0f7ef00ce89f9b -C strip=symbols -L dependency=/home/runner/work/v2ray-rust/v2ray-rust/target/release/deps --cap-lints allow`
   Compiling futures-sink v0.3.29
     Running `/home/runner/.rustup/toolchains/stable-x86_64-unknown-linux-gnu/bin/rustc --crate-name futures_sink --edition=2018 /home/runner/.cargo/registry/src/index.crates.io-1949cf8c6b5b557f/futures-sink-0.3.29/src/lib.rs --error-format=json --json=diagnostic-rendered-ansi,artifacts,future-incompat --crate-type lib --emit=dep-info,metadata,link -C opt-level=3 -C linker-plugin-lto -C codegen-units=1 --cfg 'feature="alloc"' --cfg 'feature="default"' --cfg 'feature="std"' --check-cfg 'cfg(docsrs,test)' --check-cfg 'cfg(feature, values("alloc", "default", "std"))' -C metadata=456689612f1840fe -C extra-filename=-943e3ad78ff466f6 --out-dir /home/runner/work/v2ray-rust/v2ray-rust/target/aarch64-linux-android/release/deps --target aarch64-linux-android -C linker=/home/runner/.cargo/bin/cargo-ndk -C strip=symbols -L dependency=/home/runner/work/v2ray-rust/v2ray-rust/target/aarch64-linux-android/release/deps -L dependency=/home/runner/work/v2ray-rust/v2ray-rust/target/release/deps --cap-lints allow`
     Running `/home/runner/work/v2ray-rust/v2ray-rust/target/release/build/futures-util-4504fe465b8f272a/build-script-build`
     Running `/home/runner/.rustup/toolchains/stable-x86_64-unknown-linux-gnu/bin/rustc --crate-name futures_task --edition=2018 /home/runner/.cargo/registry/src/index.crates.io-1949cf8c6b5b557f/futures-task-0.3.29/src/lib.rs --error-format=json --json=diagnostic-rendered-ansi,artifacts,future-incompat --crate-type lib --emit=dep-info,metadata,link -C opt-level=3 -C linker-plugin-lto -C codegen-units=1 --cfg 'feature="alloc"' --cfg 'feature="std"' --check-cfg 'cfg(docsrs,test)' --check-cfg 'cfg(feature, values("alloc", "cfg-target-has-atomic", "default", "std", "unstable"))' -C metadata=179a1acfdd57e158 -C extra-filename=-ee3adaae2c412e2f --out-dir /home/runner/work/v2ray-rust/v2ray-rust/target/aarch64-linux-android/release/deps --target aarch64-linux-android -C linker=/home/runner/.cargo/bin/cargo-ndk -C strip=symbols -L dependency=/home/runner/work/v2ray-rust/v2ray-rust/target/aarch64-linux-android/release/deps -L dependency=/home/runner/work/v2ray-rust/v2ray-rust/target/release/deps --cap-lints allow`
     Running `/home/runner/.rustup/toolchains/stable-x86_64-unknown-linux-gnu/bin/rustc --crate-name slab --edition=2018 /home/runner/.cargo/registry/src/index.crates.io-1949cf8c6b5b557f/slab-0.4.9/src/lib.rs --error-format=json --json=diagnostic-rendered-ansi,artifacts,future-incompat --crate-type lib --emit=dep-info,metadata,link -C opt-level=3 -C linker-plugin-lto -C codegen-units=1 --cfg 'feature="default"' --cfg 'feature="std"' --check-cfg 'cfg(docsrs,test)' --check-cfg 'cfg(feature, values("default", "serde", "std"))' -C metadata=da7f849b88fb18cf -C extra-filename=-fac18e780943622b --out-dir /home/runner/work/v2ray-rust/v2ray-rust/target/aarch64-linux-android/release/deps --target aarch64-linux-android -C linker=/home/runner/.cargo/bin/cargo-ndk -C strip=symbols -L dependency=/home/runner/work/v2ray-rust/v2ray-rust/target/aarch64-linux-android/release/deps -L dependency=/home/runner/work/v2ray-rust/v2ray-rust/target/release/deps --cap-lints allow`
     Running `/home/runner/work/v2ray-rust/v2ray-rust/target/release/build/syn-ba0f7ef00ce89f9b/build-script-build`
   Compiling fnv v1.0.7
     Running `/home/runner/.rustup/toolchains/stable-x86_64-unknown-linux-gnu/bin/rustc --crate-name fnv --edition=2015 /home/runner/.cargo/registry/src/index.crates.io-1949cf8c6b5b557f/fnv-1.0.7/lib.rs --error-format=json --json=diagnostic-rendered-ansi,artifacts,future-incompat --crate-type lib --emit=dep-info,metadata,link -C opt-level=3 -C linker-plugin-lto -C codegen-units=1 --cfg 'feature="default"' --cfg 'feature="std"' --check-cfg 'cfg(docsrs,test)' --check-cfg 'cfg(feature, values("default", "std"))' -C metadata=76365cd00ef62c6b -C extra-filename=-5933d638ed499c61 --out-dir /home/runner/work/v2ray-rust/v2ray-rust/target/aarch64-linux-android/release/deps --target aarch64-linux-android -C linker=/home/runner/.cargo/bin/cargo-ndk -C strip=symbols -L dependency=/home/runner/work/v2ray-rust/v2ray-rust/target/aarch64-linux-android/release/deps -L dependency=/home/runner/work/v2ray-rust/v2ray-rust/target/release/deps --cap-lints allow`
   Compiling pin-utils v0.1.0
     Running `/home/runner/.rustup/toolchains/stable-x86_64-unknown-linux-gnu/bin/rustc --crate-name pin_utils --edition=2018 /home/runner/.cargo/registry/src/index.crates.io-1949cf8c6b5b557f/pin-utils-0.1.0/src/lib.rs --error-format=json --json=diagnostic-rendered-ansi,artifacts,future-incompat --crate-type lib --emit=dep-info,metadata,link -C opt-level=3 -C linker-plugin-lto -C codegen-units=1 --check-cfg 'cfg(docsrs,test)' --check-cfg 'cfg(feature, values())' -C metadata=b7419217f7bf8a73 -C extra-filename=-c35a7db71af0bae4 --out-dir /home/runner/work/v2ray-rust/v2ray-rust/target/aarch64-linux-android/release/deps --target aarch64-linux-android -C linker=/home/runner/.cargo/bin/cargo-ndk -C strip=symbols -L dependency=/home/runner/work/v2ray-rust/v2ray-rust/target/aarch64-linux-android/release/deps -L dependency=/home/runner/work/v2ray-rust/v2ray-rust/target/release/deps --cap-lints allow`
   Compiling itoa v1.0.10
     Running `/home/runner/.rustup/toolchains/stable-x86_64-unknown-linux-gnu/bin/rustc --crate-name itoa --edition=2018 /home/runner/.cargo/registry/src/index.crates.io-1949cf8c6b5b557f/itoa-1.0.10/src/lib.rs --error-format=json --json=diagnostic-rendered-ansi,artifacts,future-incompat --crate-type lib --emit=dep-info,metadata,link -C opt-level=3 -C linker-plugin-lto -C codegen-units=1 --check-cfg 'cfg(docsrs,test)' --check-cfg 'cfg(feature, values("no-panic"))' -C metadata=aa6677eefac601b3 -C extra-filename=-9eba12bc56248f01 --out-dir /home/runner/work/v2ray-rust/v2ray-rust/target/aarch64-linux-android/release/deps --target aarch64-linux-android -C linker=/home/runner/.cargo/bin/cargo-ndk -C strip=symbols -L dependency=/home/runner/work/v2ray-rust/v2ray-rust/target/aarch64-linux-android/release/deps -L dependency=/home/runner/work/v2ray-rust/v2ray-rust/target/release/deps --cap-lints allow`
   Compiling rustix v0.38.28
     Running `/home/runner/.rustup/toolchains/stable-x86_64-unknown-linux-gnu/bin/rustc --crate-name build_script_build --edition=2021 /home/runner/.cargo/registry/src/index.crates.io-1949cf8c6b5b557f/rustix-0.38.28/build.rs --error-format=json --json=diagnostic-rendered-ansi,artifacts,future-incompat --crate-type bin --emit=dep-info,link -C embed-bitcode=no -C debug-assertions=off --cfg 'feature="alloc"' --cfg 'feature="default"' --cfg 'feature="fs"' --cfg 'feature="std"' --cfg 'feature="use-libc-auxv"' --check-cfg 'cfg(docsrs,test)' --check-cfg 'cfg(feature, values("all-apis", "alloc", "cc", "default", "event", "fs", "io_uring", "itoa", "libc", "libc_errno", "linux_4_11", "linux_latest", "mm", "mount", "net", "once_cell", "param", "pipe", "process", "procfs", "pty", "rand", "runtime", "rustc-dep-of-std", "shm", "std", "stdio", "system", "termios", "thread", "time", "use-explicitly-provided-auxv", "use-libc", "use-libc-auxv"))' -C metadata=55a7822cf53f4b4f -C extra-filename=-b92d3bdfd06e47b9 --out-dir /home/runner/work/v2ray-rust/v2ray-rust/target/release/build/rustix-b92d3bdfd06e47b9 -C strip=symbols -L dependency=/home/runner/work/v2ray-rust/v2ray-rust/target/release/deps --cap-lints allow`
     Running `/home/runner/.rustup/toolchains/stable-x86_64-unknown-linux-gnu/bin/rustc --crate-name futures_util --edition=2018 /home/runner/.cargo/registry/src/index.crates.io-1949cf8c6b5b557f/futures-util-0.3.29/src/lib.rs --error-format=json --json=diagnostic-rendered-ansi,artifacts,future-incompat --crate-type lib --emit=dep-info,metadata,link -C opt-level=3 -C linker-plugin-lto -C codegen-units=1 --cfg 'feature="alloc"' --cfg 'feature="futures-sink"' --cfg 'feature="sink"' --cfg 'feature="slab"' --cfg 'feature="std"' --check-cfg 'cfg(docsrs,test)' --check-cfg 'cfg(feature, values("alloc", "async-await", "async-await-macro", "bilock", "cfg-target-has-atomic", "channel", "compat", "default", "futures-channel", "futures-io", "futures-macro", "futures-sink", "futures_01", "io", "io-compat", "memchr", "portable-atomic", "sink", "slab", "std", "tokio-io", "unstable", "write-all-vectored"))' -C metadata=857b2763a0b6681c -C extra-filename=-e669b40623ab146e --out-dir /home/runner/work/v2ray-rust/v2ray-rust/target/aarch64-linux-android/release/deps --target aarch64-linux-android -C linker=/home/runner/.cargo/bin/cargo-ndk -C strip=symbols -L dependency=/home/runner/work/v2ray-rust/v2ray-rust/target/aarch64-linux-android/release/deps -L dependency=/home/runner/work/v2ray-rust/v2ray-rust/target/release/deps --extern futures_core=/home/runner/work/v2ray-rust/v2ray-rust/target/aarch64-linux-android/release/deps/libfutures_core-4fccbc47ed1904aa.rmeta --extern futures_sink=/home/runner/work/v2ray-rust/v2ray-rust/target/aarch64-linux-android/release/deps/libfutures_sink-943e3ad78ff466f6.rmeta --extern futures_task=/home/runner/work/v2ray-rust/v2ray-rust/target/aarch64-linux-android/release/deps/libfutures_task-ee3adaae2c412e2f.rmeta --extern pin_project_lite=/home/runner/work/v2ray-rust/v2ray-rust/target/aarch64-linux-android/release/deps/libpin_project_lite-2e4d95cd2456f886.rmeta --extern pin_utils=/home/runner/work/v2ray-rust/v2ray-rust/target/aarch64-linux-android/release/deps/libpin_utils-c35a7db71af0bae4.rmeta --extern slab=/home/runner/work/v2ray-rust/v2ray-rust/target/aarch64-linux-android/release/deps/libslab-fac18e780943622b.rmeta --cap-lints allow`
   Compiling http v0.2.11
     Running `/home/runner/.rustup/toolchains/stable-x86_64-unknown-linux-gnu/bin/rustc --crate-name http --edition=2018 /home/runner/.cargo/registry/src/index.crates.io-1949cf8c6b5b557f/http-0.2.11/src/lib.rs --error-format=json --json=diagnostic-rendered-ansi,artifacts,future-incompat --crate-type lib --emit=dep-info,metadata,link -C opt-level=3 -C linker-plugin-lto -C codegen-units=1 --check-cfg 'cfg(docsrs,test)' --check-cfg 'cfg(feature, values())' -C metadata=d2bafa006b74ffe2 -C extra-filename=-fefc21c58dc69fca --out-dir /home/runner/work/v2ray-rust/v2ray-rust/target/aarch64-linux-android/release/deps --target aarch64-linux-android -C linker=/home/runner/.cargo/bin/cargo-ndk -C strip=symbols -L dependency=/home/runner/work/v2ray-rust/v2ray-rust/target/aarch64-linux-android/release/deps -L dependency=/home/runner/work/v2ray-rust/v2ray-rust/target/release/deps --extern bytes=/home/runner/work/v2ray-rust/v2ray-rust/target/aarch64-linux-android/release/deps/libbytes-5396a74fd9a7037d.rmeta --extern fnv=/home/runner/work/v2ray-rust/v2ray-rust/target/aarch64-linux-android/release/deps/libfnv-5933d638ed499c61.rmeta --extern itoa=/home/runner/work/v2ray-rust/v2ray-rust/target/aarch64-linux-android/release/deps/libitoa-9eba12bc56248f01.rmeta --cap-lints allow`
     Running `/home/runner/work/v2ray-rust/v2ray-rust/target/release/build/rustix-b92d3bdfd06e47b9/build-script-build`
     Running `/home/runner/.rustup/toolchains/stable-x86_64-unknown-linux-gnu/bin/rustc --crate-name syn --edition=2018 /home/runner/.cargo/registry/src/index.crates.io-1949cf8c6b5b557f/syn-1.0.109/src/lib.rs --error-format=json --json=diagnostic-rendered-ansi,artifacts,future-incompat --crate-type lib --emit=dep-info,metadata,link -C embed-bitcode=no -C debug-assertions=off --cfg 'feature="clone-impls"' --cfg 'feature="default"' --cfg 'feature="derive"' --cfg 'feature="extra-traits"' --cfg 'feature="full"' --cfg 'feature="parsing"' --cfg 'feature="printing"' --cfg 'feature="proc-macro"' --cfg 'feature="quote"' --cfg 'feature="visit-mut"' --check-cfg 'cfg(docsrs,test)' --check-cfg 'cfg(feature, values("clone-impls", "default", "derive", "extra-traits", "fold", "full", "parsing", "printing", "proc-macro", "quote", "test", "visit", "visit-mut"))' -C metadata=c1a26163364572b7 -C extra-filename=-1d0024537a82f46d --out-dir /home/runner/work/v2ray-rust/v2ray-rust/target/release/deps -C strip=symbols -L dependency=/home/runner/work/v2ray-rust/v2ray-rust/target/release/deps --extern proc_macro2=/home/runner/work/v2ray-rust/v2ray-rust/target/release/deps/libproc_macro2-091c85badb332630.rmeta --extern quote=/home/runner/work/v2ray-rust/v2ray-rust/target/release/deps/libquote-e167b4859fbe4962.rmeta --extern unicode_ident=/home/runner/work/v2ray-rust/v2ray-rust/target/release/deps/libunicode_ident-5af027b56a3c5e4b.rmeta --cap-lints allow --cfg syn_disable_nightly_tests`
   Compiling tracing-core v0.1.32
     Running `/home/runner/.rustup/toolchains/stable-x86_64-unknown-linux-gnu/bin/rustc --crate-name tracing_core --edition=2018 /home/runner/.cargo/registry/src/index.crates.io-1949cf8c6b5b557f/tracing-core-0.1.32/src/lib.rs --error-format=json --json=diagnostic-rendered-ansi,artifacts,future-incompat --crate-type lib --emit=dep-info,metadata,link -C opt-level=3 -C linker-plugin-lto -C codegen-units=1 --cfg 'feature="once_cell"' --cfg 'feature="std"' --check-cfg 'cfg(docsrs,test)' --check-cfg 'cfg(feature, values("default", "once_cell", "std", "valuable"))' -C metadata=73d9ce6157b80ca3 -C extra-filename=-59cb9848acbd07ea --out-dir /home/runner/work/v2ray-rust/v2ray-rust/target/aarch64-linux-android/release/deps --target aarch64-linux-android -C linker=/home/runner/.cargo/bin/cargo-ndk -C strip=symbols -L dependency=/home/runner/work/v2ray-rust/v2ray-rust/target/aarch64-linux-android/release/deps -L dependency=/home/runner/work/v2ray-rust/v2ray-rust/target/release/deps --extern once_cell=/home/runner/work/v2ray-rust/v2ray-rust/target/aarch64-linux-android/release/deps/libonce_cell-7351ece8475b336f.rmeta --cap-lints allow`
   Compiling tokio-macros v2.2.0
     Running `/home/runner/.rustup/toolchains/stable-x86_64-unknown-linux-gnu/bin/rustc --crate-name tokio_macros --edition=2021 /home/runner/.cargo/registry/src/index.crates.io-1949cf8c6b5b557f/tokio-macros-2.2.0/src/lib.rs --error-format=json --json=diagnostic-rendered-ansi,artifacts,future-incompat --crate-type proc-macro --emit=dep-info,link -C prefer-dynamic -C embed-bitcode=no -C debug-assertions=off --check-cfg 'cfg(docsrs,test)' --check-cfg 'cfg(feature, values())' -C metadata=bd00d0611f5c4acd -C extra-filename=-53d86fcb13ea6623 --out-dir /home/runner/work/v2ray-rust/v2ray-rust/target/release/deps -C strip=symbols -L dependency=/home/runner/work/v2ray-rust/v2ray-rust/target/release/deps --extern proc_macro2=/home/runner/work/v2ray-rust/v2ray-rust/target/release/deps/libproc_macro2-091c85badb332630.rlib --extern quote=/home/runner/work/v2ray-rust/v2ray-rust/target/release/deps/libquote-e167b4859fbe4962.rlib --extern syn=/home/runner/work/v2ray-rust/v2ray-rust/target/release/deps/libsyn-cec8b9261c989107.rlib --extern proc_macro --cap-lints allow`
   Compiling tokio v1.35.1
     Running `/home/runner/.rustup/toolchains/stable-x86_64-unknown-linux-gnu/bin/rustc --crate-name tokio --edition=2021 /home/runner/.cargo/registry/src/index.crates.io-1949cf8c6b5b557f/tokio-1.35.1/src/lib.rs --error-format=json --json=diagnostic-rendered-ansi,artifacts,future-incompat --crate-type lib --emit=dep-info,metadata,link -C opt-level=3 -C linker-plugin-lto -C codegen-units=1 --cfg 'feature="bytes"' --cfg 'feature="default"' --cfg 'feature="io-std"' --cfg 'feature="io-util"' --cfg 'feature="libc"' --cfg 'feature="macros"' --cfg 'feature="mio"' --cfg 'feature="net"' --cfg 'feature="parking_lot"' --cfg 'feature="rt"' --cfg 'feature="signal"' --cfg 'feature="signal-hook-registry"' --cfg 'feature="socket2"' --cfg 'feature="sync"' --cfg 'feature="time"' --cfg 'feature="tokio-macros"' --check-cfg 'cfg(docsrs,test)' --check-cfg 'cfg(feature, values("bytes", "default", "fs", "full", "io-std", "io-util", "libc", "macros", "mio", "net", "num_cpus", "parking_lot", "process", "rt", "rt-multi-thread", "signal", "signal-hook-registry", "socket2", "sync", "test-util", "time", "tokio-macros", "tracing", "windows-sys"))' -C metadata=550411629bd821dd -C extra-filename=-d261ade94ecabb64 --out-dir /home/runner/work/v2ray-rust/v2ray-rust/target/aarch64-linux-android/release/deps --target aarch64-linux-android -C linker=/home/runner/.cargo/bin/cargo-ndk -C strip=symbols -L dependency=/home/runner/work/v2ray-rust/v2ray-rust/target/aarch64-linux-android/release/deps -L dependency=/home/runner/work/v2ray-rust/v2ray-rust/target/release/deps --extern bytes=/home/runner/work/v2ray-rust/v2ray-rust/target/aarch64-linux-android/release/deps/libbytes-5396a74fd9a7037d.rmeta --extern libc=/home/runner/work/v2ray-rust/v2ray-rust/target/aarch64-linux-android/release/deps/liblibc-bc16d4b61bc11d13.rmeta --extern mio=/home/runner/work/v2ray-rust/v2ray-rust/target/aarch64-linux-android/release/deps/libmio-68e4a6fb8ba5e78d.rmeta --extern parking_lot=/home/runner/work/v2ray-rust/v2ray-rust/target/aarch64-linux-android/release/deps/libparking_lot-7661046f822b6438.rmeta --extern pin_project_lite=/home/runner/work/v2ray-rust/v2ray-rust/target/aarch64-linux-android/release/deps/libpin_project_lite-2e4d95cd2456f886.rmeta --extern signal_hook_registry=/home/runner/work/v2ray-rust/v2ray-rust/target/aarch64-linux-android/release/deps/libsignal_hook_registry-705c91a396aac31e.rmeta --extern socket2=/home/runner/work/v2ray-rust/v2ray-rust/target/aarch64-linux-android/release/deps/libsocket2-223296766230cc43.rmeta --extern tokio_macros=/home/runner/work/v2ray-rust/v2ray-rust/target/release/deps/libtokio_macros-53d86fcb13ea6623.so --cap-lints allow`
   Compiling thiserror-impl v1.0.51
     Running `/home/runner/.rustup/toolchains/stable-x86_64-unknown-linux-gnu/bin/rustc --crate-name thiserror_impl --edition=2021 /home/runner/.cargo/registry/src/index.crates.io-1949cf8c6b5b557f/thiserror-impl-1.0.51/src/lib.rs --error-format=json --json=diagnostic-rendered-ansi,artifacts,future-incompat --crate-type proc-macro --emit=dep-info,link -C prefer-dynamic -C embed-bitcode=no -C debug-assertions=off --check-cfg 'cfg(docsrs,test)' --check-cfg 'cfg(feature, values())' -C metadata=fa51140c7db3ebf7 -C extra-filename=-50e8a24ebd527e56 --out-dir /home/runner/work/v2ray-rust/v2ray-rust/target/release/deps -C strip=symbols -L dependency=/home/runner/work/v2ray-rust/v2ray-rust/target/release/deps --extern proc_macro2=/home/runner/work/v2ray-rust/v2ray-rust/target/release/deps/libproc_macro2-091c85badb332630.rlib --extern quote=/home/runner/work/v2ray-rust/v2ray-rust/target/release/deps/libquote-e167b4859fbe4962.rlib --extern syn=/home/runner/work/v2ray-rust/v2ray-rust/target/release/deps/libsyn-cec8b9261c989107.rlib --extern proc_macro --cap-lints allow`
   Compiling tracing-attributes v0.1.27
     Running `/home/runner/.rustup/toolchains/stable-x86_64-unknown-linux-gnu/bin/rustc --crate-name tracing_attributes --edition=2018 /home/runner/.cargo/registry/src/index.crates.io-1949cf8c6b5b557f/tracing-attributes-0.1.27/src/lib.rs --error-format=json --json=diagnostic-rendered-ansi,artifacts,future-incompat --crate-type proc-macro --emit=dep-info,link -C prefer-dynamic -C embed-bitcode=no -C debug-assertions=off --check-cfg 'cfg(docsrs,test)' --check-cfg 'cfg(feature, values("async-await"))' -C metadata=495f03e128cf9fd3 -C extra-filename=-116919ea94002004 --out-dir /home/runner/work/v2ray-rust/v2ray-rust/target/release/deps -C strip=symbols -L dependency=/home/runner/work/v2ray-rust/v2ray-rust/target/release/deps --extern proc_macro2=/home/runner/work/v2ray-rust/v2ray-rust/target/release/deps/libproc_macro2-091c85badb332630.rlib --extern quote=/home/runner/work/v2ray-rust/v2ray-rust/target/release/deps/libquote-e167b4859fbe4962.rlib --extern syn=/home/runner/work/v2ray-rust/v2ray-rust/target/release/deps/libsyn-cec8b9261c989107.rlib --extern proc_macro --cap-lints allow`
   Compiling block-buffer v0.10.4
     Running `/home/runner/.rustup/toolchains/stable-x86_64-unknown-linux-gnu/bin/rustc --crate-name block_buffer --edition=2018 /home/runner/.cargo/registry/src/index.crates.io-1949cf8c6b5b557f/block-buffer-0.10.4/src/lib.rs --error-format=json --json=diagnostic-rendered-ansi,artifacts,future-incompat --crate-type lib --emit=dep-info,metadata,link -C opt-level=3 -C linker-plugin-lto -C codegen-units=1 --check-cfg 'cfg(docsrs,test)' --check-cfg 'cfg(feature, values())' -C metadata=e95b185b041c8492 -C extra-filename=-cf9f077dff5a8375 --out-dir /home/runner/work/v2ray-rust/v2ray-rust/target/aarch64-linux-android/release/deps --target aarch64-linux-android -C linker=/home/runner/.cargo/bin/cargo-ndk -C strip=symbols -L dependency=/home/runner/work/v2ray-rust/v2ray-rust/target/aarch64-linux-android/release/deps -L dependency=/home/runner/work/v2ray-rust/v2ray-rust/target/release/deps --extern generic_array=/home/runner/work/v2ray-rust/v2ray-rust/target/aarch64-linux-android/release/deps/libgeneric_array-89288a9b20ed4130.rmeta --cap-lints allow`
   Compiling cpufeatures v0.2.11
     Running `/home/runner/.rustup/toolchains/stable-x86_64-unknown-linux-gnu/bin/rustc --crate-name cpufeatures --edition=2018 /home/runner/.cargo/registry/src/index.crates.io-1949cf8c6b5b557f/cpufeatures-0.2.11/src/lib.rs --error-format=json --json=diagnostic-rendered-ansi,artifacts,future-incompat --crate-type lib --emit=dep-info,metadata,link -C opt-level=3 -C linker-plugin-lto -C codegen-units=1 --check-cfg 'cfg(docsrs,test)' --check-cfg 'cfg(feature, values())' -C metadata=60be8052f029a0bb -C extra-filename=-3aa5ff40a357d360 --out-dir /home/runner/work/v2ray-rust/v2ray-rust/target/aarch64-linux-android/release/deps --target aarch64-linux-android -C linker=/home/runner/.cargo/bin/cargo-ndk -C strip=symbols -L dependency=/home/runner/work/v2ray-rust/v2ray-rust/target/aarch64-linux-android/release/deps -L dependency=/home/runner/work/v2ray-rust/v2ray-rust/target/release/deps --extern libc=/home/runner/work/v2ray-rust/v2ray-rust/target/aarch64-linux-android/release/deps/liblibc-bc16d4b61bc11d13.rmeta --cap-lints allow`
   Compiling rustversion v1.0.14
     Running `/home/runner/.rustup/toolchains/stable-x86_64-unknown-linux-gnu/bin/rustc --crate-name build_script_build --edition=2018 /home/runner/.cargo/registry/src/index.crates.io-1949cf8c6b5b557f/rustversion-1.0.14/build/build.rs --error-format=json --json=diagnostic-rendered-ansi,artifacts,future-incompat --crate-type bin --emit=dep-info,link -C embed-bitcode=no -C debug-assertions=off --check-cfg 'cfg(docsrs,test)' --check-cfg 'cfg(feature, values())' -C metadata=0419dead87f3834c -C extra-filename=-fa05c207f4e28b8f --out-dir /home/runner/work/v2ray-rust/v2ray-rust/target/release/build/rustversion-fa05c207f4e28b8f -C strip=symbols -L dependency=/home/runner/work/v2ray-rust/v2ray-rust/target/release/deps --cap-lints allow`
   Compiling bitflags v2.13.2
     Running `/home/runner/.rustup/toolchains/stable-x86_64-unknown-linux-gnu/bin/rustc --crate-name bitflags --edition=2021 /home/runner/.cargo/registry/src/index.crates.io-1949cf8c6b5b557f/bitflags-2.13.2/src/lib.rs --error-format=json --json=diagnostic-rendered-ansi,artifacts,future-incompat --crate-type lib --emit=dep-info,metadata,link -C embed-bitcode=no -C debug-assertions=off --cfg 'feature="std"' --check-cfg 'cfg(docsrs,test)' --check-cfg 'cfg(feature, values("arbitrary", "bytemuck", "example_generated", "serde", "serde_core", "std"))' -C metadata=57acf728a964d20e -C extra-filename=-1cc929188031cd85 --out-dir /home/runner/work/v2ray-rust/v2ray-rust/target/release/deps -C strip=symbols -L dependency=/home/runner/work/v2ray-rust/v2ray-rust/target/release/deps --cap-lints allow`
   Compiling linux-raw-sys v0.4.12
     Running `/home/runner/.rustup/toolchains/stable-x86_64-unknown-linux-gnu/bin/rustc --crate-name linux_raw_sys --edition=2021 /home/runner/.cargo/registry/src/index.crates.io-1949cf8c6b5b557f/linux-raw-sys-0.4.12/src/lib.rs --error-format=json --json=diagnostic-rendered-ansi,artifacts,future-incompat --crate-type lib --emit=dep-info,metadata,link -C embed-bitcode=no -C debug-assertions=off --cfg 'feature="elf"' --cfg 'feature="errno"' --cfg 'feature="general"' --cfg 'feature="ioctl"' --cfg 'feature="no_std"' --check-cfg 'cfg(docsrs,test)' --check-cfg 'cfg(feature, values("compiler_builtins", "core", "default", "elf", "errno", "general", "if_ether", "io_uring", "ioctl", "mempolicy", "net", "netlink", "no_std", "prctl", "rustc-dep-of-std", "std", "system", "xdp"))' -C metadata=e39ea12a06c22b37 -C extra-filename=-7f07207ae4f58bfa --out-dir /home/runner/work/v2ray-rust/v2ray-rust/target/release/deps -C strip=symbols -L dependency=/home/runner/work/v2ray-rust/v2ray-rust/target/release/deps --cap-lints allow`
   Compiling tracing v0.1.40
     Running `/home/runner/.rustup/toolchains/stable-x86_64-unknown-linux-gnu/bin/rustc --crate-name tracing --edition=2018 /home/runner/.cargo/registry/src/index.crates.io-1949cf8c6b5b557f/tracing-0.1.40/src/lib.rs --error-format=json --json=diagnostic-rendered-ansi,artifacts,future-incompat --crate-type lib --emit=dep-info,metadata,link -C opt-level=3 -C linker-plugin-lto -C codegen-units=1 --cfg 'feature="attributes"' --cfg 'feature="default"' --cfg 'feature="log"' --cfg 'feature="std"' --cfg 'feature="tracing-attributes"' --check-cfg 'cfg(docsrs,test)' --check-cfg 'cfg(feature, values("async-await", "attributes", "default", "log", "log-always", "max_level_debug", "max_level_error", "max_level_info", "max_level_off", "max_level_trace", "max_level_warn", "release_max_level_debug", "release_max_level_error", "release_max_level_info", "release_max_level_off", "release_max_level_trace", "release_max_level_warn", "std", "tracing-attributes", "valuable"))' -C metadata=9bbba382e0e9f281 -C extra-filename=-8690e20607fd7ed8 --out-dir /home/runner/work/v2ray-rust/v2ray-rust/target/aarch64-linux-android/release/deps --target aarch64-linux-android -C linker=/home/runner/.cargo/bin/cargo-ndk -C strip=symbols -L dependency=/home/runner/work/v2ray-rust/v2ray-rust/target/aarch64-linux-android/release/deps -L dependency=/home/runner/work/v2ray-rust/v2ray-rust/target/release/deps --extern log=/home/runner/work/v2ray-rust/v2ray-rust/target/aarch64-linux-android/release/deps/liblog-39ac4c76d4f8181f.rmeta --extern pin_project_lite=/home/runner/work/v2ray-rust/v2ray-rust/target/aarch64-linux-android/release/deps/libpin_project_lite-2e4d95cd2456f886.rmeta --extern tracing_attributes=/home/runner/work/v2ray-rust/v2ray-rust/target/release/deps/libtracing_attributes-116919ea94002004.so --extern tracing_core=/home/runner/work/v2ray-rust/v2ray-rust/target/aarch64-linux-android/release/deps/libtracing_core-59cb9848acbd07ea.rmeta --cap-lints allow`
     Running `/home/runner/work/v2ray-rust/v2ray-rust/target/release/build/rustversion-fa05c207f4e28b8f/build-script-build`
     Running `/home/runner/.rustup/toolchains/stable-x86_64-unknown-linux-gnu/bin/rustc --crate-name rustix --edition=2021 /home/runner/.cargo/registry/src/index.crates.io-1949cf8c6b5b557f/rustix-0.38.28/src/lib.rs --error-format=json --json=diagnostic-rendered-ansi,artifacts,future-incompat --crate-type lib --emit=dep-info,metadata,link -C embed-bitcode=no -C debug-assertions=off --cfg 'feature="alloc"' --cfg 'feature="default"' --cfg 'feature="fs"' --cfg 'feature="std"' --cfg 'feature="use-libc-auxv"' --check-cfg 'cfg(docsrs,test)' --check-cfg 'cfg(feature, values("all-apis", "alloc", "cc", "default", "event", "fs", "io_uring", "itoa", "libc", "libc_errno", "linux_4_11", "linux_latest", "mm", "mount", "net", "once_cell", "param", "pipe", "process", "procfs", "pty", "rand", "runtime", "rustc-dep-of-std", "shm", "std", "stdio", "system", "termios", "thread", "time", "use-explicitly-provided-auxv", "use-libc", "use-libc-auxv"))' -C metadata=15f01380d8938353 -C extra-filename=-d5affeafd84dd09a --out-dir /home/runner/work/v2ray-rust/v2ray-rust/target/release/deps -C strip=symbols -L dependency=/home/runner/work/v2ray-rust/v2ray-rust/target/release/deps --extern bitflags=/home/runner/work/v2ray-rust/v2ray-rust/target/release/deps/libbitflags-1cc929188031cd85.rmeta --extern linux_raw_sys=/home/runner/work/v2ray-rust/v2ray-rust/target/release/deps/liblinux_raw_sys-7f07207ae4f58bfa.rmeta --cap-lints allow --cfg static_assertions --cfg linux_raw --cfg linux_like --cfg linux_kernel`
   Compiling digest v0.10.7
     Running `/home/runner/.rustup/toolchains/stable-x86_64-unknown-linux-gnu/bin/rustc --crate-name digest --edition=2018 /home/runner/.cargo/registry/src/index.crates.io-1949cf8c6b5b557f/digest-0.10.7/src/lib.rs --error-format=json --json=diagnostic-rendered-ansi,artifacts,future-incompat --crate-type lib --emit=dep-info,metadata,link -C opt-level=3 -C linker-plugin-lto -C codegen-units=1 --cfg 'feature="alloc"' --cfg 'feature="block-buffer"' --cfg 'feature="core-api"' --cfg 'feature="default"' --cfg 'feature="mac"' --cfg 'feature="std"' --cfg 'feature="subtle"' --check-cfg 'cfg(docsrs,test)' --check-cfg 'cfg(feature, values("alloc", "blobby", "block-buffer", "const-oid", "core-api", "default", "dev", "mac", "oid", "rand_core", "std", "subtle"))' -C metadata=e252e887ffd6cf5b -C extra-filename=-aff9c976ed09de6a --out-dir /home/runner/work/v2ray-rust/v2ray-rust/target/aarch64-linux-android/release/deps --target aarch64-linux-android -C linker=/home/runner/.cargo/bin/cargo-ndk -C strip=symbols -L dependency=/home/runner/work/v2ray-rust/v2ray-rust/target/aarch64-linux-android/release/deps -L dependency=/home/runner/work/v2ray-rust/v2ray-rust/target/release/deps --extern block_buffer=/home/runner/work/v2ray-rust/v2ray-rust/target/aarch64-linux-android/release/deps/libblock_buffer-cf9f077dff5a8375.rmeta --extern crypto_common=/home/runner/work/v2ray-rust/v2ray-rust/target/aarch64-linux-android/release/deps/libcrypto_common-6e3e462fffa5f0a0.rmeta --extern subtle=/home/runner/work/v2ray-rust/v2ray-rust/target/aarch64-linux-android/release/deps/libsubtle-d2b2c8b88409a3fe.rmeta --cap-lints allow`
   Compiling httparse v1.8.0
     Running `/home/runner/.rustup/toolchains/stable-x86_64-unknown-linux-gnu/bin/rustc --crate-name build_script_build --edition=2018 /home/runner/.cargo/registry/src/index.crates.io-1949cf8c6b5b557f/httparse-1.8.0/build.rs --error-format=json --json=diagnostic-rendered-ansi,artifacts,future-incompat --crate-type bin --emit=dep-info,link -C embed-bitcode=no -C debug-assertions=off --cfg 'feature="default"' --cfg 'feature="std"' --check-cfg 'cfg(docsrs,test)' --check-cfg 'cfg(feature, values("default", "std"))' -C metadata=8060e3b4d6f5637f -C extra-filename=-d3f2ac4dcab2ae10 --out-dir /home/runner/work/v2ray-rust/v2ray-rust/target/release/build/httparse-d3f2ac4dcab2ae10 -C strip=symbols -L dependency=/home/runner/work/v2ray-rust/v2ray-rust/target/release/deps --cap-lints allow`
   Compiling shlex v2.0.1
     Running `/home/runner/.rustup/toolchains/stable-x86_64-unknown-linux-gnu/bin/rustc --crate-name shlex --edition=2018 /home/runner/.cargo/registry/src/index.crates.io-1949cf8c6b5b557f/shlex-2.0.1/src/lib.rs --error-format=json --json=diagnostic-rendered-ansi,artifacts,future-incompat --crate-type lib --emit=dep-info,metadata,link -C embed-bitcode=no --warn=unexpected_cfgs --check-cfg 'cfg(manual_codegen_check)' -C debug-assertions=off --cfg 'feature="default"' --cfg 'feature="std"' --check-cfg 'cfg(docsrs,test)' --check-cfg 'cfg(feature, values("default", "std"))' -C metadata=5854a0d5c2f8a115 -C extra-filename=-46d0f55bb7cf760b --out-dir /home/runner/work/v2ray-rust/v2ray-rust/target/release/deps -C strip=symbols -L dependency=/home/runner/work/v2ray-rust/v2ray-rust/target/release/deps --cap-lints allow`
   Compiling find-msvc-tools v0.1.14
     Running `/home/runner/.rustup/toolchains/stable-x86_64-unknown-linux-gnu/bin/rustc --crate-name find_msvc_tools --edition=2021 /home/runner/.cargo/registry/src/index.crates.io-1949cf8c6b5b557f/find-msvc-tools-0.1.14/src/lib.rs --error-format=json --json=diagnostic-rendered-ansi,artifacts,future-incompat --crate-type lib --emit=dep-info,metadata,link -C embed-bitcode=no --allow=unexpected_cfgs '--warn=clippy::ptr_cast_constness' '--warn=clippy::ptr_as_ptr' --warn=missing_docs '--warn=clippy::manual_let_else' '--warn=clippy::doc_markdown' '--warn=clippy::disallowed_methods' '--warn=clippy::borrow_as_ptr' --check-cfg 'cfg(disable_clang_cl_tests)' -C debug-assertions=off --check-cfg 'cfg(docsrs,test)' --check-cfg 'cfg(feature, values())' -C metadata=41c28339c0fdbfac -C extra-filename=-9645a8cb47b59b49 --out-dir /home/runner/work/v2ray-rust/v2ray-rust/target/release/deps -C strip=symbols -L dependency=/home/runner/work/v2ray-rust/v2ray-rust/target/release/deps --cap-lints allow`
   Compiling memchr v2.6.4
     Running `/home/runner/.rustup/toolchains/stable-x86_64-unknown-linux-gnu/bin/rustc --crate-name memchr --edition=2021 /home/runner/.cargo/registry/src/index.crates.io-1949cf8c6b5b557f/memchr-2.6.4/src/lib.rs --error-format=json --json=diagnostic-rendered-ansi,artifacts,future-incompat --crate-type lib --emit=dep-info,metadata,link -C embed-bitcode=no -C debug-assertions=off --cfg 'feature="alloc"' --cfg 'feature="default"' --cfg 'feature="std"' --check-cfg 'cfg(docsrs,test)' --check-cfg 'cfg(feature, values("alloc", "compiler_builtins", "core", "default", "libc", "logging", "rustc-dep-of-std", "std", "use_std"))' -C metadata=12d9cac64bb8453a -C extra-filename=-c7cad70fce20f22d --out-dir /home/runner/work/v2ray-rust/v2ray-rust/target/release/deps -C strip=symbols -L dependency=/home/runner/work/v2ray-rust/v2ray-rust/target/release/deps --cap-lints allow`
   Compiling cc v1.5.1
     Running `/home/runner/.rustup/toolchains/stable-x86_64-unknown-linux-gnu/bin/rustc --crate-name cc --edition=2021 /home/runner/.cargo/registry/src/index.crates.io-1949cf8c6b5b557f/cc-1.5.1/src/lib.rs --error-format=json --json=diagnostic-rendered-ansi,artifacts,future-incompat --crate-type lib --emit=dep-info,metadata,link -C embed-bitcode=no --allow=unexpected_cfgs '--warn=clippy::ptr_cast_constness' '--warn=clippy::ptr_as_ptr' --warn=missing_docs '--warn=clippy::manual_let_else' '--warn=clippy::doc_markdown' '--warn=clippy::disallowed_methods' '--warn=clippy::borrow_as_ptr' --check-cfg 'cfg(disable_clang_cl_tests)' -C debug-assertions=off --check-cfg 'cfg(docsrs,test)' --check-cfg 'cfg(feature, values("jobserver", "parallel"))' -C metadata=1d8d7a80e9be6bc7 -C extra-filename=-364386759c91c768 --out-dir /home/runner/work/v2ray-rust/v2ray-rust/target/release/deps -C strip=symbols -L dependency=/home/runner/work/v2ray-rust/v2ray-rust/target/release/deps --extern find_msvc_tools=/home/runner/work/v2ray-rust/v2ray-rust/target/release/deps/libfind_msvc_tools-9645a8cb47b59b49.rmeta --extern shlex=/home/runner/work/v2ray-rust/v2ray-rust/target/release/deps/libshlex-46d0f55bb7cf760b.rmeta --cap-lints allow`
   Compiling aho-corasick v1.1.2
     Running `/home/runner/.rustup/toolchains/stable-x86_64-unknown-linux-gnu/bin/rustc --crate-name aho_corasick --edition=2021 /home/runner/.cargo/registry/src/index.crates.io-1949cf8c6b5b557f/aho-corasick-1.1.2/src/lib.rs --error-format=json --json=diagnostic-rendered-ansi,artifacts,future-incompat --crate-type lib --emit=dep-info,metadata,link -C embed-bitcode=no -C debug-assertions=off --cfg 'feature="default"' --cfg 'feature="perf-literal"' --cfg 'feature="std"' --check-cfg 'cfg(docsrs,test)' --check-cfg 'cfg(feature, values("default", "logging", "perf-literal", "std"))' -C metadata=b13c2ed662724f50 -C extra-filename=-6f46dd224b7c2572 --out-dir /home/runner/work/v2ray-rust/v2ray-rust/target/release/deps -C strip=symbols -L dependency=/home/runner/work/v2ray-rust/v2ray-rust/target/release/deps --extern memchr=/home/runner/work/v2ray-rust/v2ray-rust/target/release/deps/libmemchr-c7cad70fce20f22d.rmeta --cap-lints allow`
     Running `/home/runner/work/v2ray-rust/v2ray-rust/target/release/build/httparse-d3f2ac4dcab2ae10/build-script-build`
     Running `/home/runner/.rustup/toolchains/stable-x86_64-unknown-linux-gnu/bin/rustc --crate-name rustversion --edition=2018 /home/runner/.cargo/registry/src/index.crates.io-1949cf8c6b5b557f/rustversion-1.0.14/src/lib.rs --error-format=json --json=diagnostic-rendered-ansi,artifacts,future-incompat --crate-type proc-macro --emit=dep-info,link -C prefer-dynamic -C embed-bitcode=no -C debug-assertions=off --check-cfg 'cfg(docsrs,test)' --check-cfg 'cfg(feature, values())' -C metadata=c8c1fc97eeee0a34 -C extra-filename=-748bca696414497a --out-dir /home/runner/work/v2ray-rust/v2ray-rust/target/release/deps -C strip=symbols -L dependency=/home/runner/work/v2ray-rust/v2ray-rust/target/release/deps --extern proc_macro --cap-lints allow`
   Compiling rustls-pki-types v1.15.1
     Running `/home/runner/.rustup/toolchains/stable-x86_64-unknown-linux-gnu/bin/rustc --crate-name rustls_pki_types --edition=2021 /home/runner/.cargo/registry/src/index.crates.io-1949cf8c6b5b557f/rustls-pki-types-1.15.1/src/lib.rs --error-format=json --json=diagnostic-rendered-ansi,artifacts,future-incompat --crate-type lib --emit=dep-info,metadata,link -C opt-level=3 -C linker-plugin-lto -C codegen-units=1 --warn=unused_qualifications --warn=unused_import_braces --warn=unused_extern_crates --warn=unreachable_pub --warn=unnameable_types --warn=unexpected_cfgs --warn=trivial_numeric_casts --warn=elided_lifetimes_in_paths --check-cfg 'cfg(rustls_pki_types_docsrs)' --cfg 'feature="alloc"' --cfg 'feature="default"' --cfg 'feature="std"' --check-cfg 'cfg(docsrs,test)' --check-cfg 'cfg(feature, values("alloc", "default", "std", "web", "web-time"))' -C metadata=0c342f329abf2117 -C extra-filename=-308e4e99e92e1e22 --out-dir /home/runner/work/v2ray-rust/v2ray-rust/target/aarch64-linux-android/release/deps --target aarch64-linux-android -C linker=/home/runner/.cargo/bin/cargo-ndk -C strip=symbols -L dependency=/home/runner/work/v2ray-rust/v2ray-rust/target/aarch64-linux-android/release/deps -L dependency=/home/runner/work/v2ray-rust/v2ray-rust/target/release/deps --extern zeroize=/home/runner/work/v2ray-rust/v2ray-rust/target/aarch64-linux-android/release/deps/libzeroize-f5097def0cbce85e.rmeta --cap-lints allow`
     Running `/home/runner/work/v2ray-rust/v2ray-rust/target/release/build/thiserror-681b002f89e8c35e/build-script-build`
   Compiling itertools v0.11.0
     Running `/home/runner/.rustup/toolchains/stable-x86_64-unknown-linux-gnu/bin/rustc --crate-name itertools --edition=2018 /home/runner/.cargo/registry/src/index.crates.io-1949cf8c6b5b557f/itertools-0.11.0/src/lib.rs --error-format=json --json=diagnostic-rendered-ansi,artifacts,future-incompat --crate-type lib --emit=dep-info,metadata,link -C embed-bitcode=no -C debug-assertions=off --cfg 'feature="use_alloc"' --check-cfg 'cfg(docsrs,test)' --check-cfg 'cfg(feature, values("default", "use_alloc", "use_std"))' -C metadata=d8df1cc4c95fc478 -C extra-filename=-981211589632c4a1 --out-dir /home/runner/work/v2ray-rust/v2ray-rust/target/release/deps -C strip=symbols -L dependency=/home/runner/work/v2ray-rust/v2ray-rust/target/release/deps --extern either=/home/runner/work/v2ray-rust/v2ray-rust/target/release/deps/libeither-008db5e8cfd14461.rmeta --cap-lints allow`
     Running `/home/runner/.rustup/toolchains/stable-x86_64-unknown-linux-gnu/bin/rustc --crate-name memchr --edition=2021 /home/runner/.cargo/registry/src/index.crates.io-1949cf8c6b5b557f/memchr-2.6.4/src/lib.rs --error-format=json --json=diagnostic-rendered-ansi,artifacts,future-incompat --crate-type lib --emit=dep-info,metadata,link -C opt-level=3 -C linker-plugin-lto -C codegen-units=1 --cfg 'feature="alloc"' --cfg 'feature="default"' --cfg 'feature="std"' --check-cfg 'cfg(docsrs,test)' --check-cfg 'cfg(feature, values("alloc", "compiler_builtins", "core", "default", "libc", "logging", "rustc-dep-of-std", "std", "use_std"))' -C metadata=09df3d992bf41089 -C extra-filename=-bad283da18ecdf9a --out-dir /home/runner/work/v2ray-rust/v2ray-rust/target/aarch64-linux-android/release/deps --target aarch64-linux-android -C linker=/home/runner/.cargo/bin/cargo-ndk -C strip=symbols -L dependency=/home/runner/work/v2ray-rust/v2ray-rust/target/aarch64-linux-android/release/deps -L dependency=/home/runner/work/v2ray-rust/v2ray-rust/target/release/deps --cap-lints allow`
   Compiling ppv-lite86 v0.2.17
     Running `/home/runner/.rustup/toolchains/stable-x86_64-unknown-linux-gnu/bin/rustc --crate-name ppv_lite86 --edition=2018 /home/runner/.cargo/registry/src/index.crates.io-1949cf8c6b5b557f/ppv-lite86-0.2.17/src/lib.rs --error-format=json --json=diagnostic-rendered-ansi,artifacts,future-incompat --crate-type lib --emit=dep-info,metadata,link -C opt-level=3 -C linker-plugin-lto -C codegen-units=1 --cfg 'feature="simd"' --cfg 'feature="std"' --check-cfg 'cfg(docsrs,test)' --check-cfg 'cfg(feature, values("default", "no_simd", "simd", "std"))' -C metadata=0c1a3005e1552501 -C extra-filename=-49bcdea8f9ceed21 --out-dir /home/runner/work/v2ray-rust/v2ray-rust/target/aarch64-linux-android/release/deps --target aarch64-linux-android -C linker=/home/runner/.cargo/bin/cargo-ndk -C strip=symbols -L dependency=/home/runner/work/v2ray-rust/v2ray-rust/target/aarch64-linux-android/release/deps -L dependency=/home/runner/work/v2ray-rust/v2ray-rust/target/release/deps --cap-lints allow`
   Compiling regex-syntax v0.8.2
     Running `/home/runner/.rustup/toolchains/stable-x86_64-unknown-linux-gnu/bin/rustc --crate-name regex_syntax --edition=2021 /home/runner/.cargo/registry/src/index.crates.io-1949cf8c6b5b557f/regex-syntax-0.8.2/src/lib.rs --error-format=json --json=diagnostic-rendered-ansi,artifacts,future-incompat --crate-type lib --emit=dep-info,metadata,link -C embed-bitcode=no -C debug-assertions=off --cfg 'feature="default"' --cfg 'feature="std"' --cfg 'feature="unicode"' --cfg 'feature="unicode-age"' --cfg 'feature="unicode-bool"' --cfg 'feature="unicode-case"' --cfg 'feature="unicode-gencat"' --cfg 'feature="unicode-perl"' --cfg 'feature="unicode-script"' --cfg 'feature="unicode-segment"' --check-cfg 'cfg(docsrs,test)' --check-cfg 'cfg(feature, values("arbitrary", "default", "std", "unicode", "unicode-age", "unicode-bool", "unicode-case", "unicode-gencat", "unicode-perl", "unicode-script", "unicode-segment"))' -C metadata=f5a305e7d97048b2 -C extra-filename=-9a689274c3c6f56b --out-dir /home/runner/work/v2ray-rust/v2ray-rust/target/release/deps -C strip=symbols -L dependency=/home/runner/work/v2ray-rust/v2ray-rust/target/release/deps --cap-lints allow`
   Compiling fastrand v2.0.1
     Running `/home/runner/.rustup/toolchains/stable-x86_64-unknown-linux-gnu/bin/rustc --crate-name fastrand --edition=2018 /home/runner/.cargo/registry/src/index.crates.io-1949cf8c6b5b557f/fastrand-2.0.1/src/lib.rs --error-format=json --json=diagnostic-rendered-ansi,artifacts,future-incompat --crate-type lib --emit=dep-info,metadata,link -C embed-bitcode=no -C debug-assertions=off --cfg 'feature="alloc"' --cfg 'feature="default"' --cfg 'feature="std"' --check-cfg 'cfg(docsrs,test)' --check-cfg 'cfg(feature, values("alloc", "default", "getrandom", "js", "std"))' -C metadata=98afc390dc08a648 -C extra-filename=-d701924d579fe470 --out-dir /home/runner/work/v2ray-rust/v2ray-rust/target/release/deps -C strip=symbols -L dependency=/home/runner/work/v2ray-rust/v2ray-rust/target/release/deps --cap-lints allow`
     Running `/home/runner/.rustup/toolchains/stable-x86_64-unknown-linux-gnu/bin/rustc --crate-name once_cell --edition=2021 /home/runner/.cargo/registry/src/index.crates.io-1949cf8c6b5b557f/once_cell-1.19.0/src/lib.rs --error-format=json --json=diagnostic-rendered-ansi,artifacts,future-incompat --crate-type lib --emit=dep-info,metadata,link -C embed-bitcode=no -C debug-assertions=off --cfg 'feature="alloc"' --cfg 'feature="default"' --cfg 'feature="race"' --cfg 'feature="std"' --check-cfg 'cfg(docsrs,test)' --check-cfg 'cfg(feature, values("alloc", "atomic-polyfill", "critical-section", "default", "parking_lot", "portable-atomic", "race", "std", "unstable"))' -C metadata=b72ccdb5b9839e81 -C extra-filename=-b9179d7fd484c947 --out-dir /home/runner/work/v2ray-rust/v2ray-rust/target/release/deps -C strip=symbols -L dependency=/home/runner/work/v2ray-rust/v2ray-rust/target/release/deps --cap-lints allow`
     Running `/home/runner/.rustup/toolchains/stable-x86_64-unknown-linux-gnu/bin/rustc --crate-name cfg_if --edition=2018 /home/runner/.cargo/registry/src/index.crates.io-1949cf8c6b5b557f/cfg-if-1.0.0/src/lib.rs --error-format=json --json=diagnostic-rendered-ansi,artifacts,future-incompat --crate-type lib --emit=dep-info,metadata,link -C embed-bitcode=no -C debug-assertions=off --check-cfg 'cfg(docsrs,test)' --check-cfg 'cfg(feature, values("compiler_builtins", "core", "rustc-dep-of-std"))' -C metadata=105ac73dd96b9299 -C extra-filename=-c2b4c7017e0729fe --out-dir /home/runner/work/v2ray-rust/v2ray-rust/target/release/deps -C strip=symbols -L dependency=/home/runner/work/v2ray-rust/v2ray-rust/target/release/deps --cap-lints allow`
   Compiling home v0.5.9
     Running `/home/runner/.rustup/toolchains/stable-x86_64-unknown-linux-gnu/bin/rustc --crate-name home --edition=2021 /home/runner/.cargo/registry/src/index.crates.io-1949cf8c6b5b557f/home-0.5.9/src/lib.rs --error-format=json --json=diagnostic-rendered-ansi,artifacts,future-incompat --crate-type lib --emit=dep-info,metadata,link -C embed-bitcode=no '--allow=clippy::all' '--warn=clippy::self_named_module_files' --warn=rust_2018_idioms '--allow=rustdoc::private_intra_doc_links' '--warn=clippy::print_stdout' '--warn=clippy::print_stderr' '--warn=clippy::disallowed_methods' '--warn=clippy::dbg_macro' -C debug-assertions=off --check-cfg 'cfg(docsrs,test)' --check-cfg 'cfg(feature, values())' -C metadata=39ef9f403e732725 -C extra-filename=-7405a7c0acbeb4a6 --out-dir /home/runner/work/v2ray-rust/v2ray-rust/target/release/deps -C strip=symbols -L dependency=/home/runner/work/v2ray-rust/v2ray-rust/target/release/deps --cap-lints allow`
   Compiling which v4.4.2
     Running `/home/runner/.rustup/toolchains/stable-x86_64-unknown-linux-gnu/bin/rustc --crate-name which --edition=2021 /home/runner/.cargo/registry/src/index.crates.io-1949cf8c6b5b557f/which-4.4.2/src/lib.rs --error-format=json --json=diagnostic-rendered-ansi,artifacts,future-incompat --crate-type lib --emit=dep-info,metadata,link -C embed-bitcode=no -C debug-assertions=off --check-cfg 'cfg(docsrs,test)' --check-cfg 'cfg(feature, values("regex"))' -C metadata=c74db2293fbedce4 -C extra-filename=-7336f06a9976d7e5 --out-dir /home/runner/work/v2ray-rust/v2ray-rust/target/release/deps -C strip=symbols -L dependency=/home/runner/work/v2ray-rust/v2ray-rust/target/release/deps --extern either=/home/runner/work/v2ray-rust/v2ray-rust/target/release/deps/libeither-008db5e8cfd14461.rmeta --extern home=/home/runner/work/v2ray-rust/v2ray-rust/target/release/deps/libhome-7405a7c0acbeb4a6.rmeta --extern rustix=/home/runner/work/v2ray-rust/v2ray-rust/target/release/deps/librustix-d5affeafd84dd09a.rmeta --cap-lints allow`
   Compiling tempfile v3.8.1
     Running `/home/runner/.rustup/toolchains/stable-x86_64-unknown-linux-gnu/bin/rustc --crate-name tempfile --edition=2018 /home/runner/.cargo/registry/src/index.crates.io-1949cf8c6b5b557f/tempfile-3.8.1/src/lib.rs --error-format=json --json=diagnostic-rendered-ansi,artifacts,future-incompat --crate-type lib --emit=dep-info,metadata,link -C embed-bitcode=no -C debug-assertions=off --check-cfg 'cfg(docsrs,test)' --check-cfg 'cfg(feature, values("nightly"))' -C metadata=4978132b5d86609e -C extra-filename=-127dbea23ff6e8f5 --out-dir /home/runner/work/v2ray-rust/v2ray-rust/target/release/deps -C strip=symbols -L dependency=/home/runner/work/v2ray-rust/v2ray-rust/target/release/deps --extern cfg_if=/home/runner/work/v2ray-rust/v2ray-rust/target/release/deps/libcfg_if-c2b4c7017e0729fe.rmeta --extern fastrand=/home/runner/work/v2ray-rust/v2ray-rust/target/release/deps/libfastrand-d701924d579fe470.rmeta --extern rustix=/home/runner/work/v2ray-rust/v2ray-rust/target/release/deps/librustix-d5affeafd84dd09a.rmeta --cap-lints allow`
   Compiling prost-derive v0.12.3
     Running `/home/runner/.rustup/toolchains/stable-x86_64-unknown-linux-gnu/bin/rustc --crate-name prost_derive --edition=2021 /home/runner/.cargo/registry/src/index.crates.io-1949cf8c6b5b557f/prost-derive-0.12.3/src/lib.rs --error-format=json --json=diagnostic-rendered-ansi,artifacts,future-incompat --crate-type proc-macro --emit=dep-info,link -C prefer-dynamic -C embed-bitcode=no -C debug-assertions=off --check-cfg 'cfg(docsrs,test)' --check-cfg 'cfg(feature, values())' -C metadata=c71d1006b3fac41b -C extra-filename=-4312479dd6cd31f9 --out-dir /home/runner/work/v2ray-rust/v2ray-rust/target/release/deps -C strip=symbols -L dependency=/home/runner/work/v2ray-rust/v2ray-rust/target/release/deps --extern anyhow=/home/runner/work/v2ray-rust/v2ray-rust/target/release/deps/libanyhow-3eaef9d2bd9014ca.rlib --extern itertools=/home/runner/work/v2ray-rust/v2ray-rust/target/release/deps/libitertools-981211589632c4a1.rlib --extern proc_macro2=/home/runner/work/v2ray-rust/v2ray-rust/target/release/deps/libproc_macro2-091c85badb332630.rlib --extern quote=/home/runner/work/v2ray-rust/v2ray-rust/target/release/deps/libquote-e167b4859fbe4962.rlib --extern syn=/home/runner/work/v2ray-rust/v2ray-rust/target/release/deps/libsyn-cec8b9261c989107.rlib --extern proc_macro --cap-lints allow`
   Compiling rand_chacha v0.3.1
     Running `/home/runner/.rustup/toolchains/stable-x86_64-unknown-linux-gnu/bin/rustc --crate-name rand_chacha --edition=2018 /home/runner/.cargo/registry/src/index.crates.io-1949cf8c6b5b557f/rand_chacha-0.3.1/src/lib.rs --error-format=json --json=diagnostic-rendered-ansi,artifacts,future-incompat --crate-type lib --emit=dep-info,metadata,link -C opt-level=3 -C linker-plugin-lto -C codegen-units=1 --cfg 'feature="std"' --check-cfg 'cfg(docsrs,test)' --check-cfg 'cfg(feature, values("default", "serde", "serde1", "simd", "std"))' -C metadata=721eb5cc11774f03 -C extra-filename=-39325a2c0682f539 --out-dir /home/runner/work/v2ray-rust/v2ray-rust/target/aarch64-linux-android/release/deps --target aarch64-linux-android -C linker=/home/runner/.cargo/bin/cargo-ndk -C strip=symbols -L dependency=/home/runner/work/v2ray-rust/v2ray-rust/target/aarch64-linux-android/release/deps -L dependency=/home/runner/work/v2ray-rust/v2ray-rust/target/release/deps --extern ppv_lite86=/home/runner/work/v2ray-rust/v2ray-rust/target/aarch64-linux-android/release/deps/libppv_lite86-49bcdea8f9ceed21.rmeta --extern rand_core=/home/runner/work/v2ray-rust/v2ray-rust/target/aarch64-linux-android/release/deps/librand_core-478d4f902bce0f2e.rmeta --cap-lints allow`
   Compiling regex-automata v0.4.3
     Running `/home/runner/.rustup/toolchains/stable-x86_64-unknown-linux-gnu/bin/rustc --crate-name regex_automata --edition=2021 /home/runner/.cargo/registry/src/index.crates.io-1949cf8c6b5b557f/regex-automata-0.4.3/src/lib.rs --error-format=json --json=diagnostic-rendered-ansi,artifacts,future-incompat --crate-type lib --emit=dep-info,metadata,link -C embed-bitcode=no -C debug-assertions=off --cfg 'feature="alloc"' --cfg 'feature="dfa-onepass"' --cfg 'feature="hybrid"' --cfg 'feature="meta"' --cfg 'feature="nfa-backtrack"' --cfg 'feature="nfa-pikevm"' --cfg 'feature="nfa-thompson"' --cfg 'feature="perf-inline"' --cfg 'feature="perf-literal"' --cfg 'feature="perf-literal-multisubstring"' --cfg 'feature="perf-literal-substring"' --cfg 'feature="std"' --cfg 'feature="syntax"' --cfg 'feature="unicode"' --cfg 'feature="unicode-age"' --cfg 'feature="unicode-bool"' --cfg 'feature="unicode-case"' --cfg 'feature="unicode-gencat"' --cfg 'feature="unicode-perl"' --cfg 'feature="unicode-script"' --cfg 'feature="unicode-segment"' --cfg 'feature="unicode-word-boundary"' --check-cfg 'cfg(docsrs,test)' --check-cfg 'cfg(feature, values("alloc", "default", "dfa", "dfa-build", "dfa-onepass", "dfa-search", "hybrid", "internal-instrument", "internal-instrument-pikevm", "logging", "meta", "nfa", "nfa-backtrack", "nfa-pikevm", "nfa-thompson", "perf", "perf-inline", "perf-literal", "perf-literal-multisubstring", "perf-literal-substring", "std", "syntax", "unicode", "unicode-age", "unicode-bool", "unicode-case", "unicode-gencat", "unicode-perl", "unicode-script", "unicode-segment", "unicode-word-boundary"))' -C metadata=4aa1f823107adbce -C extra-filename=-23a8cdb9dbe4197c --out-dir /home/runner/work/v2ray-rust/v2ray-rust/target/release/deps -C strip=symbols -L dependency=/home/runner/work/v2ray-rust/v2ray-rust/target/release/deps --extern aho_corasick=/home/runner/work/v2ray-rust/v2ray-rust/target/release/deps/libaho_corasick-6f46dd224b7c2572.rmeta --extern memchr=/home/runner/work/v2ray-rust/v2ray-rust/target/release/deps/libmemchr-c7cad70fce20f22d.rmeta --extern regex_syntax=/home/runner/work/v2ray-rust/v2ray-rust/target/release/deps/libregex_syntax-9a689274c3c6f56b.rmeta --cap-lints allow`
     Running `/home/runner/.rustup/toolchains/stable-x86_64-unknown-linux-gnu/bin/rustc --crate-name thiserror --edition=2021 /home/runner/.cargo/registry/src/index.crates.io-1949cf8c6b5b557f/thiserror-1.0.51/src/lib.rs --error-format=json --json=diagnostic-rendered-ansi,artifacts,future-incompat --crate-type lib --emit=dep-info,metadata,link -C embed-bitcode=no -C debug-assertions=off --check-cfg 'cfg(docsrs,test)' --check-cfg 'cfg(feature, values())' -C metadata=9a2b88dc296148e1 -C extra-filename=-ab90b5db95257033 --out-dir /home/runner/work/v2ray-rust/v2ray-rust/target/release/deps -C strip=symbols -L dependency=/home/runner/work/v2ray-rust/v2ray-rust/target/release/deps --extern thiserror_impl=/home/runner/work/v2ray-rust/v2ray-rust/target/release/deps/libthiserror_impl-50e8a24ebd527e56.so --cap-lints allow`
   Compiling ring v0.17.14
     Running `/home/runner/.rustup/toolchains/stable-x86_64-unknown-linux-gnu/bin/rustc --crate-name build_script_build --edition=2021 /home/runner/.cargo/registry/src/index.crates.io-1949cf8c6b5b557f/ring-0.17.14/build.rs --error-format=json --json=diagnostic-rendered-ansi,artifacts,future-incompat --crate-type bin --emit=dep-info,link -C embed-bitcode=no -C debug-assertions=off --cfg 'feature="alloc"' --cfg 'feature="default"' --cfg 'feature="dev_urandom_fallback"' --check-cfg 'cfg(docsrs,test)' --check-cfg 'cfg(feature, values("alloc", "default", "dev_urandom_fallback", "less-safe-getrandom-custom-or-rdrand", "less-safe-getrandom-espidf", "slow_tests", "std", "test_logging", "unstable-testing-arm-no-hw", "unstable-testing-arm-no-neon", "wasm32_unknown_unknown_js"))' -C metadata=a3ae34d715ec61e0 -C extra-filename=-3bddc6df351236ee --out-dir /home/runner/work/v2ray-rust/v2ray-rust/target/release/build/ring-3bddc6df351236ee -C strip=symbols -L dependency=/home/runner/work/v2ray-rust/v2ray-rust/target/release/deps --extern cc=/home/runner/work/v2ray-rust/v2ray-rust/target/release/deps/libcc-364386759c91c768.rlib --cap-lints allow`
   Compiling tokio-util v0.7.10
     Running `/home/runner/.rustup/toolchains/stable-x86_64-unknown-linux-gnu/bin/rustc --crate-name tokio_util --edition=2021 /home/runner/.cargo/registry/src/index.crates.io-1949cf8c6b5b557f/tokio-util-0.7.10/src/lib.rs --error-format=json --json=diagnostic-rendered-ansi,artifacts,future-incompat --crate-type lib --emit=dep-info,metadata,link -C opt-level=3 -C linker-plugin-lto -C codegen-units=1 --cfg 'feature="codec"' --cfg 'feature="default"' --cfg 'feature="io"' --cfg 'feature="net"' --cfg 'feature="tracing"' --check-cfg 'cfg(docsrs,test)' --check-cfg 'cfg(feature, values("__docs_rs", "codec", "compat", "default", "full", "futures-io", "futures-util", "hashbrown", "io", "io-util", "net", "rt", "slab", "time", "tracing"))' -C metadata=c6f442eb671ebc52 -C extra-filename=-d03fbd878ef74a41 --out-dir /home/runner/work/v2ray-rust/v2ray-rust/target/aarch64-linux-android/release/deps --target aarch64-linux-android -C linker=/home/runner/.cargo/bin/cargo-ndk -C strip=symbols -L dependency=/home/runner/work/v2ray-rust/v2ray-rust/target/aarch64-linux-android/release/deps -L dependency=/home/runner/work/v2ray-rust/v2ray-rust/target/release/deps --extern bytes=/home/runner/work/v2ray-rust/v2ray-rust/target/aarch64-linux-android/release/deps/libbytes-5396a74fd9a7037d.rmeta --extern futures_core=/home/runner/work/v2ray-rust/v2ray-rust/target/aarch64-linux-android/release/deps/libfutures_core-4fccbc47ed1904aa.rmeta --extern futures_sink=/home/runner/work/v2ray-rust/v2ray-rust/target/aarch64-linux-android/release/deps/libfutures_sink-943e3ad78ff466f6.rmeta --extern pin_project_lite=/home/runner/work/v2ray-rust/v2ray-rust/target/aarch64-linux-android/release/deps/libpin_project_lite-2e4d95cd2456f886.rmeta --extern tokio=/home/runner/work/v2ray-rust/v2ray-rust/target/aarch64-linux-android/release/deps/libtokio-d261ade94ecabb64.rmeta --extern tracing=/home/runner/work/v2ray-rust/v2ray-rust/target/aarch64-linux-android/release/deps/libtracing-8690e20607fd7ed8.rmeta --cap-lints allow`
     Running `/home/runner/.rustup/toolchains/stable-x86_64-unknown-linux-gnu/bin/rustc --crate-name httparse --edition=2018 /home/runner/.cargo/registry/src/index.crates.io-1949cf8c6b5b557f/httparse-1.8.0/src/lib.rs --error-format=json --json=diagnostic-rendered-ansi,artifacts,future-incompat --crate-type lib --emit=dep-info,metadata,link -C opt-level=3 -C linker-plugin-lto -C codegen-units=1 --cfg 'feature="default"' --cfg 'feature="std"' --check-cfg 'cfg(docsrs,test)' --check-cfg 'cfg(feature, values("default", "std"))' -C metadata=5920c9ae16bb6cb8 -C extra-filename=-aede754903411f73 --out-dir /home/runner/work/v2ray-rust/v2ray-rust/target/aarch64-linux-android/release/deps --target aarch64-linux-android -C linker=/home/runner/.cargo/bin/cargo-ndk -C strip=symbols -L dependency=/home/runner/work/v2ray-rust/v2ray-rust/target/aarch64-linux-android/release/deps -L dependency=/home/runner/work/v2ray-rust/v2ray-rust/target/release/deps --cap-lints allow --cfg httparse_simd`
   Compiling inout v0.1.3
     Running `/home/runner/.rustup/toolchains/stable-x86_64-unknown-linux-gnu/bin/rustc --crate-name inout --edition=2021 /home/runner/.cargo/registry/src/index.crates.io-1949cf8c6b5b557f/inout-0.1.3/src/lib.rs --error-format=json --json=diagnostic-rendered-ansi,artifacts,future-incompat --crate-type lib --emit=dep-info,metadata,link -C opt-level=3 -C linker-plugin-lto -C codegen-units=1 --check-cfg 'cfg(docsrs,test)' --check-cfg 'cfg(feature, values("block-padding", "std"))' -C metadata=eef111400ae94d4c -C extra-filename=-eb5841cd82f5d9a2 --out-dir /home/runner/work/v2ray-rust/v2ray-rust/target/aarch64-linux-android/release/deps --target aarch64-linux-android -C linker=/home/runner/.cargo/bin/cargo-ndk -C strip=symbols -L dependency=/home/runner/work/v2ray-rust/v2ray-rust/target/aarch64-linux-android/release/deps -L dependency=/home/runner/work/v2ray-rust/v2ray-rust/target/release/deps --extern generic_array=/home/runner/work/v2ray-rust/v2ray-rust/target/aarch64-linux-android/release/deps/libgeneric_array-89288a9b20ed4130.rmeta --cap-lints allow`
   Compiling prettyplease v0.2.15
     Running `/home/runner/.rustup/toolchains/stable-x86_64-unknown-linux-gnu/bin/rustc --crate-name build_script_build --edition=2021 /home/runner/.cargo/registry/src/index.crates.io-1949cf8c6b5b557f/prettyplease-0.2.15/build.rs --error-format=json --json=diagnostic-rendered-ansi,artifacts,future-incompat --crate-type bin --emit=dep-info,link -C embed-bitcode=no -C debug-assertions=off --check-cfg 'cfg(docsrs,test)' --check-cfg 'cfg(feature, values("verbatim"))' -C metadata=580ee97de10215e2 -C extra-filename=-d60d54ea6752e611 --out-dir /home/runner/work/v2ray-rust/v2ray-rust/target/release/build/prettyplease-d60d54ea6752e611 -C strip=symbols -L dependency=/home/runner/work/v2ray-rust/v2ray-rust/target/release/deps --cap-lints allow`
     Running `/home/runner/.rustup/toolchains/stable-x86_64-unknown-linux-gnu/bin/rustc --crate-name log --edition=2015 /home/runner/.cargo/registry/src/index.crates.io-1949cf8c6b5b557f/log-0.4.20/src/lib.rs --error-format=json --json=diagnostic-rendered-ansi,artifacts,future-incompat --crate-type lib --emit=dep-info,metadata,link -C embed-bitcode=no -C debug-assertions=off --check-cfg 'cfg(docsrs,test)' --check-cfg 'cfg(feature, values("kv_unstable", "kv_unstable_serde", "kv_unstable_std", "kv_unstable_sval", "max_level_debug", "max_level_error", "max_level_info", "max_level_off", "max_level_trace", "max_level_warn", "release_max_level_debug", "release_max_level_error", "release_max_level_info", "release_max_level_off", "release_max_level_trace", "release_max_level_warn", "serde", "std", "sval", "sval_ref", "value-bag"))' -C metadata=6fbfe2e1d4f21b97 -C extra-filename=-075108d30111ac0f --out-dir /home/runner/work/v2ray-rust/v2ray-rust/target/release/deps -C strip=symbols -L dependency=/home/runner/work/v2ray-rust/v2ray-rust/target/release/deps --cap-lints allow`
     Running `/home/runner/.rustup/toolchains/stable-x86_64-unknown-linux-gnu/bin/rustc --crate-name bytes --edition=2018 /home/runner/.cargo/registry/src/index.crates.io-1949cf8c6b5b557f/bytes-1.5.0/src/lib.rs --error-format=json --json=diagnostic-rendered-ansi,artifacts,future-incompat --crate-type lib --emit=dep-info,metadata,link -C embed-bitcode=no -C debug-assertions=off --check-cfg 'cfg(docsrs,test)' --check-cfg 'cfg(feature, values("default", "serde", "std"))' -C metadata=ca5c028757f4309e -C extra-filename=-42fc02b795fd9146 --out-dir /home/runner/work/v2ray-rust/v2ray-rust/target/release/deps -C strip=symbols -L dependency=/home/runner/work/v2ray-rust/v2ray-rust/target/release/deps --cap-lints allow`
   Compiling percent-encoding v2.3.1
     Running `/home/runner/.rustup/toolchains/stable-x86_64-unknown-linux-gnu/bin/rustc --crate-name percent_encoding --edition=2018 /home/runner/.cargo/registry/src/index.crates.io-1949cf8c6b5b557f/percent-encoding-2.3.1/src/lib.rs --error-format=json --json=diagnostic-rendered-ansi,artifacts,future-incompat --crate-type lib --emit=dep-info,metadata,link -C opt-level=3 -C linker-plugin-lto -C codegen-units=1 --cfg 'feature="alloc"' --cfg 'feature="default"' --cfg 'feature="std"' --check-cfg 'cfg(docsrs,test)' --check-cfg 'cfg(feature, values("alloc", "default", "std"))' -C metadata=591d945c1c3205ed -C extra-filename=-21af6e8949d635f6 --out-dir /home/runner/work/v2ray-rust/v2ray-rust/target/aarch64-linux-android/release/deps --target aarch64-linux-android -C linker=/home/runner/.cargo/bin/cargo-ndk -C strip=symbols -L dependency=/home/runner/work/v2ray-rust/v2ray-rust/target/aarch64-linux-android/release/deps -L dependency=/home/runner/work/v2ray-rust/v2ray-rust/target/release/deps --cap-lints allow`
   Compiling protobuf v3.3.0
     Running `/home/runner/.rustup/toolchains/stable-x86_64-unknown-linux-gnu/bin/rustc --crate-name build_script_build --edition=2021 /home/runner/.cargo/registry/src/index.crates.io-1949cf8c6b5b557f/protobuf-3.3.0/build.rs --error-format=json --json=diagnostic-rendered-ansi,artifacts,future-incompat --crate-type bin --emit=dep-info,link -C embed-bitcode=no -C debug-assertions=off --cfg 'feature="default"' --check-cfg 'cfg(docsrs,test)' --check-cfg 'cfg(feature, values("bytes", "default", "with-bytes"))' -C metadata=42389830a77f41bf -C extra-filename=-5545cd30dd56001d --out-dir /home/runner/work/v2ray-rust/v2ray-rust/target/release/build/protobuf-5545cd30dd56001d -C strip=symbols -L dependency=/home/runner/work/v2ray-rust/v2ray-rust/target/release/deps --cap-lints allow`
   Compiling equivalent v1.0.1
     Running `/home/runner/.rustup/toolchains/stable-x86_64-unknown-linux-gnu/bin/rustc --crate-name equivalent --edition=2015 /home/runner/.cargo/registry/src/index.crates.io-1949cf8c6b5b557f/equivalent-1.0.1/src/lib.rs --error-format=json --json=diagnostic-rendered-ansi,artifacts,future-incompat --crate-type lib --emit=dep-info,metadata,link -C opt-level=3 -C linker-plugin-lto -C codegen-units=1 --check-cfg 'cfg(docsrs,test)' --check-cfg 'cfg(feature, values())' -C metadata=eab261a831861105 -C extra-filename=-245d15c49f8bda87 --out-dir /home/runner/work/v2ray-rust/v2ray-rust/target/aarch64-linux-android/release/deps --target aarch64-linux-android -C linker=/home/runner/.cargo/bin/cargo-ndk -C strip=symbols -L dependency=/home/runner/work/v2ray-rust/v2ray-rust/target/aarch64-linux-android/release/deps -L dependency=/home/runner/work/v2ray-rust/v2ray-rust/target/release/deps --cap-lints allow`
   Compiling hashbrown v0.14.3
     Running `/home/runner/.rustup/toolchains/stable-x86_64-unknown-linux-gnu/bin/rustc --crate-name hashbrown --edition=2021 /home/runner/.cargo/registry/src/index.crates.io-1949cf8c6b5b557f/hashbrown-0.14.3/src/lib.rs --error-format=json --json=diagnostic-rendered-ansi,artifacts,future-incompat --crate-type lib --emit=dep-info,metadata,link -C embed-bitcode=no -C debug-assertions=off --cfg 'feature="raw"' --check-cfg 'cfg(docsrs,test)' --check-cfg 'cfg(feature, values("ahash", "alloc", "allocator-api2", "compiler_builtins", "core", "default", "equivalent", "inline-more", "nightly", "raw", "rayon", "rkyv", "rustc-dep-of-std", "rustc-internal-api", "serde"))' -C metadata=5704d5ab1f79bdfb -C extra-filename=-8ddabb27b048d996 --out-dir /home/runner/work/v2ray-rust/v2ray-rust/target/release/deps -C strip=symbols -L dependency=/home/runner/work/v2ray-rust/v2ray-rust/target/release/deps --cap-lints allow`
     Running `/home/runner/.rustup/toolchains/stable-x86_64-unknown-linux-gnu/bin/rustc --crate-name hashbrown --edition=2021 /home/runner/.cargo/registry/src/index.crates.io-1949cf8c6b5b557f/hashbrown-0.14.3/src/lib.rs --error-format=json --json=diagnostic-rendered-ansi,artifacts,future-incompat --crate-type lib --emit=dep-info,metadata,link -C opt-level=3 -C linker-plugin-lto -C codegen-units=1 --cfg 'feature="raw"' --check-cfg 'cfg(docsrs,test)' --check-cfg 'cfg(feature, values("ahash", "alloc", "allocator-api2", "compiler_builtins", "core", "default", "equivalent", "inline-more", "nightly", "raw", "rayon", "rkyv", "rustc-dep-of-std", "rustc-internal-api", "serde"))' -C metadata=7b39c9bd67085305 -C extra-filename=-9e20d33588c126c4 --out-dir /home/runner/work/v2ray-rust/v2ray-rust/target/aarch64-linux-android/release/deps --target aarch64-linux-android -C linker=/home/runner/.cargo/bin/cargo-ndk -C strip=symbols -L dependency=/home/runner/work/v2ray-rust/v2ray-rust/target/aarch64-linux-android/release/deps -L dependency=/home/runner/work/v2ray-rust/v2ray-rust/target/release/deps --cap-lints allow`
   Compiling futures-channel v0.3.29
     Running `/home/runner/.rustup/toolchains/stable-x86_64-unknown-linux-gnu/bin/rustc --crate-name build_script_build --edition=2018 /home/runner/.cargo/registry/src/index.crates.io-1949cf8c6b5b557f/futures-channel-0.3.29/build.rs --error-format=json --json=diagnostic-rendered-ansi,artifacts,future-incompat --crate-type bin --emit=dep-info,link -C embed-bitcode=no -C debug-assertions=off --cfg 'feature="alloc"' --cfg 'feature="default"' --cfg 'feature="std"' --check-cfg 'cfg(docsrs,test)' --check-cfg 'cfg(feature, values("alloc", "cfg-target-has-atomic", "default", "futures-sink", "sink", "std", "unstable"))' -C metadata=86cbee88fa65d16b -C extra-filename=-28963214ccb4873e --out-dir /home/runner/work/v2ray-rust/v2ray-rust/target/release/build/futures-channel-28963214ccb4873e -C strip=symbols -L dependency=/home/runner/work/v2ray-rust/v2ray-rust/target/release/deps --cap-lints allow`
     Running `/home/runner/.rustup/toolchains/stable-x86_64-unknown-linux-gnu/bin/rustc --crate-name equivalent --edition=2015 /home/runner/.cargo/registry/src/index.crates.io-1949cf8c6b5b557f/equivalent-1.0.1/src/lib.rs --error-format=json --json=diagnostic-rendered-ansi,artifacts,future-incompat --crate-type lib --emit=dep-info,metadata,link -C embed-bitcode=no -C debug-assertions=off --check-cfg 'cfg(docsrs,test)' --check-cfg 'cfg(feature, values())' -C metadata=18caa0f700cd6af6 -C extra-filename=-76a2693aa532506f --out-dir /home/runner/work/v2ray-rust/v2ray-rust/target/release/deps -C strip=symbols -L dependency=/home/runner/work/v2ray-rust/v2ray-rust/target/release/deps --cap-lints allow`
   Compiling tower-service v0.3.2
     Running `/home/runner/.rustup/toolchains/stable-x86_64-unknown-linux-gnu/bin/rustc --crate-name tower_service --edition=2018 /home/runner/.cargo/registry/src/index.crates.io-1949cf8c6b5b557f/tower-service-0.3.2/src/lib.rs --error-format=json --json=diagnostic-rendered-ansi,artifacts,future-incompat --crate-type lib --emit=dep-info,metadata,link -C opt-level=3 -C linker-plugin-lto -C codegen-units=1 --check-cfg 'cfg(docsrs,test)' --check-cfg 'cfg(feature, values())' -C metadata=b362b84ba9360ae7 -C extra-filename=-fb78cbc4eafaec51 --out-dir /home/runner/work/v2ray-rust/v2ray-rust/target/aarch64-linux-android/release/deps --target aarch64-linux-android -C linker=/home/runner/.cargo/bin/cargo-ndk -C strip=symbols -L dependency=/home/runner/work/v2ray-rust/v2ray-rust/target/aarch64-linux-android/release/deps -L dependency=/home/runner/work/v2ray-rust/v2ray-rust/target/release/deps --cap-lints allow`
   Compiling tinyvec_macros v0.1.1
     Running `/home/runner/.rustup/toolchains/stable-x86_64-unknown-linux-gnu/bin/rustc --crate-name tinyvec_macros --edition=2018 /home/runner/.cargo/registry/src/index.crates.io-1949cf8c6b5b557f/tinyvec_macros-0.1.1/src/lib.rs --error-format=json --json=diagnostic-rendered-ansi,artifacts,future-incompat --crate-type lib --emit=dep-info,metadata,link -C opt-level=3 -C linker-plugin-lto -C codegen-units=1 --check-cfg 'cfg(docsrs,test)' --check-cfg 'cfg(feature, values())' -C metadata=77402be117671f2e -C extra-filename=-d275cbf62a8d758d --out-dir /home/runner/work/v2ray-rust/v2ray-rust/target/aarch64-linux-android/release/deps --target aarch64-linux-android -C linker=/home/runner/.cargo/bin/cargo-ndk -C strip=symbols -L dependency=/home/runner/work/v2ray-rust/v2ray-rust/target/aarch64-linux-android/release/deps -L dependency=/home/runner/work/v2ray-rust/v2ray-rust/target/release/deps --cap-lints allow`
   Compiling tinyvec v1.6.0
     Running `/home/runner/.rustup/toolchains/stable-x86_64-unknown-linux-gnu/bin/rustc --crate-name tinyvec --edition=2018 /home/runner/.cargo/registry/src/index.crates.io-1949cf8c6b5b557f/tinyvec-1.6.0/src/lib.rs --error-format=json --json=diagnostic-rendered-ansi,artifacts,future-incompat --crate-type lib --emit=dep-info,metadata,link -C opt-level=3 -C linker-plugin-lto -C codegen-units=1 --cfg 'feature="alloc"' --cfg 'feature="default"' --cfg 'feature="tinyvec_macros"' --check-cfg 'cfg(docsrs,test)' --check-cfg 'cfg(feature, values("alloc", "arbitrary", "default", "experimental_write_impl", "grab_spare_slice", "nightly_slice_partition_dedup", "real_blackbox", "rustc_1_40", "rustc_1_55", "rustc_1_57", "serde", "std", "tinyvec_macros"))' -C metadata=63d778627f466942 -C extra-filename=-7168253540f1bad6 --out-dir /home/runner/work/v2ray-rust/v2ray-rust/target/aarch64-linux-android/release/deps --target aarch64-linux-android -C linker=/home/runner/.cargo/bin/cargo-ndk -C strip=symbols -L dependency=/home/runner/work/v2ray-rust/v2ray-rust/target/aarch64-linux-android/release/deps -L dependency=/home/runner/work/v2ray-rust/v2ray-rust/target/release/deps --extern tinyvec_macros=/home/runner/work/v2ray-rust/v2ray-rust/target/aarch64-linux-android/release/deps/libtinyvec_macros-d275cbf62a8d758d.rmeta --cap-lints allow`
   Compiling indexmap v2.1.0
     Running `/home/runner/.rustup/toolchains/stable-x86_64-unknown-linux-gnu/bin/rustc --crate-name indexmap --edition=2021 /home/runner/.cargo/registry/src/index.crates.io-1949cf8c6b5b557f/indexmap-2.1.0/src/lib.rs --error-format=json --json=diagnostic-rendered-ansi,artifacts,future-incompat --crate-type lib --emit=dep-info,metadata,link -C embed-bitcode=no -C debug-assertions=off --cfg 'feature="default"' --cfg 'feature="std"' --check-cfg 'cfg(docsrs,test)' --check-cfg 'cfg(feature, values("arbitrary", "default", "quickcheck", "rayon", "rustc-rayon", "serde", "std", "test_debug"))' -C metadata=35a11e8f12d00cf0 -C extra-filename=-a99539f838b3501e --out-dir /home/runner/work/v2ray-rust/v2ray-rust/target/release/deps -C strip=symbols -L dependency=/home/runner/work/v2ray-rust/v2ray-rust/target/release/deps --extern equivalent=/home/runner/work/v2ray-rust/v2ray-rust/target/release/deps/libequivalent-76a2693aa532506f.rmeta --extern hashbrown=/home/runner/work/v2ray-rust/v2ray-rust/target/release/deps/libhashbrown-8ddabb27b048d996.rmeta --cap-lints allow`
     Running `/home/runner/.rustup/toolchains/stable-x86_64-unknown-linux-gnu/bin/rustc --crate-name indexmap --edition=2021 /home/runner/.cargo/registry/src/index.crates.io-1949cf8c6b5b557f/indexmap-2.1.0/src/lib.rs --error-format=json --json=diagnostic-rendered-ansi,artifacts,future-incompat --crate-type lib --emit=dep-info,metadata,link -C opt-level=3 -C linker-plugin-lto -C codegen-units=1 --cfg 'feature="default"' --cfg 'feature="std"' --check-cfg 'cfg(docsrs,test)' --check-cfg 'cfg(feature, values("arbitrary", "default", "quickcheck", "rayon", "rustc-rayon", "serde", "std", "test_debug"))' -C metadata=b91891cd4ddc0a09 -C extra-filename=-2ff3c3324acde7cc --out-dir /home/runner/work/v2ray-rust/v2ray-rust/target/aarch64-linux-android/release/deps --target aarch64-linux-android -C linker=/home/runner/.cargo/bin/cargo-ndk -C strip=symbols -L dependency=/home/runner/work/v2ray-rust/v2ray-rust/target/aarch64-linux-android/release/deps -L dependency=/home/runner/work/v2ray-rust/v2ray-rust/target/release/deps --extern equivalent=/home/runner/work/v2ray-rust/v2ray-rust/target/aarch64-linux-android/release/deps/libequivalent-245d15c49f8bda87.rmeta --extern hashbrown=/home/runner/work/v2ray-rust/v2ray-rust/target/aarch64-linux-android/release/deps/libhashbrown-9e20d33588c126c4.rmeta --cap-lints allow`
   Compiling regex v1.10.2
     Running `/home/runner/.rustup/toolchains/stable-x86_64-unknown-linux-gnu/bin/rustc --crate-name regex --edition=2021 /home/runner/.cargo/registry/src/index.crates.io-1949cf8c6b5b557f/regex-1.10.2/src/lib.rs --error-format=json --json=diagnostic-rendered-ansi,artifacts,future-incompat --crate-type lib --emit=dep-info,metadata,link -C embed-bitcode=no -C debug-assertions=off --cfg 'feature="default"' --cfg 'feature="perf"' --cfg 'feature="perf-backtrack"' --cfg 'feature="perf-cache"' --cfg 'feature="perf-dfa"' --cfg 'feature="perf-inline"' --cfg 'feature="perf-literal"' --cfg 'feature="perf-onepass"' --cfg 'feature="std"' --cfg 'feature="unicode"' --cfg 'feature="unicode-age"' --cfg 'feature="unicode-bool"' --cfg 'feature="unicode-case"' --cfg 'feature="unicode-gencat"' --cfg 'feature="unicode-perl"' --cfg 'feature="unicode-script"' --cfg 'feature="unicode-segment"' --check-cfg 'cfg(docsrs,test)' --check-cfg 'cfg(feature, values("default", "logging", "pattern", "perf", "perf-backtrack", "perf-cache", "perf-dfa", "perf-dfa-full", "perf-inline", "perf-literal", "perf-onepass", "std", "unicode", "unicode-age", "unicode-bool", "unicode-case", "unicode-gencat", "unicode-perl", "unicode-script", "unicode-segment", "unstable", "use_std"))' -C metadata=34a28a7a6447512a -C extra-filename=-5953b9a97db9e969 --out-dir /home/runner/work/v2ray-rust/v2ray-rust/target/release/deps -C strip=symbols -L dependency=/home/runner/work/v2ray-rust/v2ray-rust/target/release/deps --extern aho_corasick=/home/runner/work/v2ray-rust/v2ray-rust/target/release/deps/libaho_corasick-6f46dd224b7c2572.rmeta --extern memchr=/home/runner/work/v2ray-rust/v2ray-rust/target/release/deps/libmemchr-c7cad70fce20f22d.rmeta --extern regex_automata=/home/runner/work/v2ray-rust/v2ray-rust/target/release/deps/libregex_automata-23a8cdb9dbe4197c.rmeta --extern regex_syntax=/home/runner/work/v2ray-rust/v2ray-rust/target/release/deps/libregex_syntax-9a689274c3c6f56b.rmeta --cap-lints allow`
     Running `/home/runner/work/v2ray-rust/v2ray-rust/target/release/build/futures-channel-28963214ccb4873e/build-script-build`
     Running `/home/runner/work/v2ray-rust/v2ray-rust/target/release/build/protobuf-5545cd30dd56001d/build-script-build`
   Compiling prost v0.12.3
     Running `/home/runner/.rustup/toolchains/stable-x86_64-unknown-linux-gnu/bin/rustc --crate-name prost --edition=2021 /home/runner/.cargo/registry/src/index.crates.io-1949cf8c6b5b557f/prost-0.12.3/src/lib.rs --error-format=json --json=diagnostic-rendered-ansi,artifacts,future-incompat --crate-type lib --emit=dep-info,metadata,link -C embed-bitcode=no -C debug-assertions=off --cfg 'feature="prost-derive"' --check-cfg 'cfg(docsrs,test)' --check-cfg 'cfg(feature, values("default", "no-recursion-limit", "prost-derive", "std"))' -C metadata=290b77af7d6484a7 -C extra-filename=-9453fbcd4053cfde --out-dir /home/runner/work/v2ray-rust/v2ray-rust/target/release/deps -C strip=symbols -L dependency=/home/runner/work/v2ray-rust/v2ray-rust/target/release/deps --extern bytes=/home/runner/work/v2ray-rust/v2ray-rust/target/release/deps/libbytes-42fc02b795fd9146.rmeta --extern prost_derive=/home/runner/work/v2ray-rust/v2ray-rust/target/release/deps/libprost_derive-4312479dd6cd31f9.so --cap-lints allow`
     Running `/home/runner/work/v2ray-rust/v2ray-rust/target/release/build/prettyplease-d60d54ea6752e611/build-script-build`
   Compiling cipher v0.4.4
     Running `/home/runner/.rustup/toolchains/stable-x86_64-unknown-linux-gnu/bin/rustc --crate-name cipher --edition=2021 /home/runner/.cargo/registry/src/index.crates.io-1949cf8c6b5b557f/cipher-0.4.4/src/lib.rs --error-format=json --json=diagnostic-rendered-ansi,artifacts,future-incompat --crate-type lib --emit=dep-info,metadata,link -C opt-level=3 -C linker-plugin-lto -C codegen-units=1 --cfg 'feature="zeroize"' --check-cfg 'cfg(docsrs,test)' --check-cfg 'cfg(feature, values("alloc", "blobby", "block-padding", "dev", "rand_core", "std", "zeroize"))' -C metadata=93acd53e55b2774a -C extra-filename=-dc64aa75e2d90c8f --out-dir /home/runner/work/v2ray-rust/v2ray-rust/target/aarch64-linux-android/release/deps --target aarch64-linux-android -C linker=/home/runner/.cargo/bin/cargo-ndk -C strip=symbols -L dependency=/home/runner/work/v2ray-rust/v2ray-rust/target/aarch64-linux-android/release/deps -L dependency=/home/runner/work/v2ray-rust/v2ray-rust/target/release/deps --extern crypto_common=/home/runner/work/v2ray-rust/v2ray-rust/target/aarch64-linux-android/release/deps/libcrypto_common-6e3e462fffa5f0a0.rmeta --extern inout=/home/runner/work/v2ray-rust/v2ray-rust/target/aarch64-linux-android/release/deps/libinout-eb5841cd82f5d9a2.rmeta --extern zeroize=/home/runner/work/v2ray-rust/v2ray-rust/target/aarch64-linux-android/release/deps/libzeroize-f5097def0cbce85e.rmeta --cap-lints allow`
     Running `/home/runner/work/v2ray-rust/v2ray-rust/target/release/build/ring-3bddc6df351236ee/build-script-build`
   Compiling protobuf-support v3.3.0
     Running `/home/runner/.rustup/toolchains/stable-x86_64-unknown-linux-gnu/bin/rustc --crate-name protobuf_support --edition=2021 /home/runner/.cargo/registry/src/index.crates.io-1949cf8c6b5b557f/protobuf-support-3.3.0/src/lib.rs --error-format=json --json=diagnostic-rendered-ansi,artifacts,future-incompat --crate-type lib --emit=dep-info,metadata,link -C embed-bitcode=no -C debug-assertions=off --check-cfg 'cfg(docsrs,test)' --check-cfg 'cfg(feature, values())' -C metadata=1c187f4b9d0f689f -C extra-filename=-44022d72cbe5e45e --out-dir /home/runner/work/v2ray-rust/v2ray-rust/target/release/deps -C strip=symbols -L dependency=/home/runner/work/v2ray-rust/v2ray-rust/target/release/deps --extern thiserror=/home/runner/work/v2ray-rust/v2ray-rust/target/release/deps/libthiserror-ab90b5db95257033.rmeta --cap-lints allow`
   Compiling rand v0.8.5
     Running `/home/runner/.rustup/toolchains/stable-x86_64-unknown-linux-gnu/bin/rustc --crate-name rand --edition=2018 /home/runner/.cargo/registry/src/index.crates.io-1949cf8c6b5b557f/rand-0.8.5/src/lib.rs --error-format=json --json=diagnostic-rendered-ansi,artifacts,future-incompat --crate-type lib --emit=dep-info,metadata,link -C opt-level=3 -C linker-plugin-lto -C codegen-units=1 --cfg 'feature="alloc"' --cfg 'feature="default"' --cfg 'feature="getrandom"' --cfg 'feature="libc"' --cfg 'feature="rand_chacha"' --cfg 'feature="small_rng"' --cfg 'feature="std"' --cfg 'feature="std_rng"' --check-cfg 'cfg(docsrs,test)' --check-cfg 'cfg(feature, values("alloc", "default", "getrandom", "libc", "log", "min_const_gen", "nightly", "packed_simd", "rand_chacha", "serde", "serde1", "simd_support", "small_rng", "std", "std_rng"))' -C metadata=75ab78657b5c0a0d -C extra-filename=-196c42b9b330bb93 --out-dir /home/runner/work/v2ray-rust/v2ray-rust/target/aarch64-linux-android/release/deps --target aarch64-linux-android -C linker=/home/runner/.cargo/bin/cargo-ndk -C strip=symbols -L dependency=/home/runner/work/v2ray-rust/v2ray-rust/target/aarch64-linux-android/release/deps -L dependency=/home/runner/work/v2ray-rust/v2ray-rust/target/release/deps --extern libc=/home/runner/work/v2ray-rust/v2ray-rust/target/aarch64-linux-android/release/deps/liblibc-bc16d4b61bc11d13.rmeta --extern rand_chacha=/home/runner/work/v2ray-rust/v2ray-rust/target/aarch64-linux-android/release/deps/librand_chacha-39325a2c0682f539.rmeta --extern rand_core=/home/runner/work/v2ray-rust/v2ray-rust/target/aarch64-linux-android/release/deps/librand_core-478d4f902bce0f2e.rmeta --cap-lints allow`
   Compiling http-body v0.4.6
     Running `/home/runner/.rustup/toolchains/stable-x86_64-unknown-linux-gnu/bin/rustc --crate-name http_body --edition=2018 /home/runner/.cargo/registry/src/index.crates.io-1949cf8c6b5b557f/http-body-0.4.6/src/lib.rs --error-format=json --json=diagnostic-rendered-ansi,artifacts,future-incompat --crate-type lib --emit=dep-info,metadata,link -C opt-level=3 -C linker-plugin-lto -C codegen-units=1 --check-cfg 'cfg(docsrs,test)' --check-cfg 'cfg(feature, values())' -C metadata=86ba849af23020cf -C extra-filename=-4bec4e68e6e28f4a --out-dir /home/runner/work/v2ray-rust/v2ray-rust/target/aarch64-linux-android/release/deps --target aarch64-linux-android -C linker=/home/runner/.cargo/bin/cargo-ndk -C strip=symbols -L dependency=/home/runner/work/v2ray-rust/v2ray-rust/target/aarch64-linux-android/release/deps -L dependency=/home/runner/work/v2ray-rust/v2ray-rust/target/release/deps --extern bytes=/home/runner/work/v2ray-rust/v2ray-rust/target/aarch64-linux-android/release/deps/libbytes-5396a74fd9a7037d.rmeta --extern http=/home/runner/work/v2ray-rust/v2ray-rust/target/aarch64-linux-android/release/deps/libhttp-fefc21c58dc69fca.rmeta --extern pin_project_lite=/home/runner/work/v2ray-rust/v2ray-rust/target/aarch64-linux-android/release/deps/libpin_project_lite-2e4d95cd2456f886.rmeta --cap-lints allow`
     Running `/home/runner/work/v2ray-rust/v2ray-rust/target/release/build/indexmap-b707ebc67d7dbbae/build-script-build`
     Running `/home/runner/work/v2ray-rust/v2ray-rust/target/release/build/thiserror-681b002f89e8c35e/build-script-build`
   Compiling universal-hash v0.5.1
     Running `/home/runner/.rustup/toolchains/stable-x86_64-unknown-linux-gnu/bin/rustc --crate-name universal_hash --edition=2021 /home/runner/.cargo/registry/src/index.crates.io-1949cf8c6b5b557f/universal-hash-0.5.1/src/lib.rs --error-format=json --json=diagnostic-rendered-ansi,artifacts,future-incompat --crate-type lib --emit=dep-info,metadata,link -C opt-level=3 -C linker-plugin-lto -C codegen-units=1 --check-cfg 'cfg(docsrs,test)' --check-cfg 'cfg(feature, values("std"))' -C metadata=c2ea8b6f741e9ed0 -C extra-filename=-0b61a446abe410f4 --out-dir /home/runner/work/v2ray-rust/v2ray-rust/target/aarch64-linux-android/release/deps --target aarch64-linux-android -C linker=/home/runner/.cargo/bin/cargo-ndk -C strip=symbols -L dependency=/home/runner/work/v2ray-rust/v2ray-rust/target/aarch64-linux-android/release/deps -L dependency=/home/runner/work/v2ray-rust/v2ray-rust/target/release/deps --extern crypto_common=/home/runner/work/v2ray-rust/v2ray-rust/target/aarch64-linux-android/release/deps/libcrypto_common-6e3e462fffa5f0a0.rmeta --extern subtle=/home/runner/work/v2ray-rust/v2ray-rust/target/aarch64-linux-android/release/deps/libsubtle-d2b2c8b88409a3fe.rmeta --cap-lints allow`
   Compiling proc-macro-error-attr v1.0.4
     Running `/home/runner/.rustup/toolchains/stable-x86_64-unknown-linux-gnu/bin/rustc --crate-name build_script_build --edition=2018 /home/runner/.cargo/registry/src/index.crates.io-1949cf8c6b5b557f/proc-macro-error-attr-1.0.4/build.rs --error-format=json --json=diagnostic-rendered-ansi,artifacts,future-incompat --crate-type bin --emit=dep-info,link -C embed-bitcode=no -C debug-assertions=off --check-cfg 'cfg(docsrs,test)' --check-cfg 'cfg(feature, values())' -C metadata=68f4c0f8ebf553b6 -C extra-filename=-4d9751fd568e02f0 --out-dir /home/runner/work/v2ray-rust/v2ray-rust/target/release/build/proc-macro-error-attr-4d9751fd568e02f0 -C strip=symbols -L dependency=/home/runner/work/v2ray-rust/v2ray-rust/target/release/deps --extern version_check=/home/runner/work/v2ray-rust/v2ray-rust/target/release/deps/libversion_check-475b94e5eb619764.rlib --cap-lints allow`
   Compiling num-traits v0.2.17
     Running `/home/runner/.rustup/toolchains/stable-x86_64-unknown-linux-gnu/bin/rustc --crate-name build_script_build --edition=2018 /home/runner/.cargo/registry/src/index.crates.io-1949cf8c6b5b557f/num-traits-0.2.17/build.rs --error-format=json --json=diagnostic-rendered-ansi,artifacts,future-incompat --crate-type bin --emit=dep-info,link -C embed-bitcode=no -C debug-assertions=off --cfg 'feature="default"' --cfg 'feature="i128"' --cfg 'feature="std"' --check-cfg 'cfg(docsrs,test)' --check-cfg 'cfg(feature, values("default", "i128", "libm", "std"))' -C metadata=6c019a736355c994 -C extra-filename=-e4ec03daf88085c8 --out-dir /home/runner/work/v2ray-rust/v2ray-rust/target/release/build/num-traits-e4ec03daf88085c8 -C strip=symbols -L dependency=/home/runner/work/v2ray-rust/v2ray-rust/target/release/deps --extern autocfg=/home/runner/work/v2ray-rust/v2ray-rust/target/release/deps/libautocfg-af8a9bd2cfba7a09.rlib --cap-lints allow`
   Compiling fixedbitset v0.4.2
     Running `/home/runner/.rustup/toolchains/stable-x86_64-unknown-linux-gnu/bin/rustc --crate-name fixedbitset --edition=2015 /home/runner/.cargo/registry/src/index.crates.io-1949cf8c6b5b557f/fixedbitset-0.4.2/src/lib.rs --error-format=json --json=diagnostic-rendered-ansi,artifacts,future-incompat --crate-type lib --emit=dep-info,metadata,link -C embed-bitcode=no -C debug-assertions=off --check-cfg 'cfg(docsrs,test)' --check-cfg 'cfg(feature, values("default", "serde", "std"))' -C metadata=574bd04e28b890aa -C extra-filename=-be033dbc7092ff29 --out-dir /home/runner/work/v2ray-rust/v2ray-rust/target/release/deps -C strip=symbols -L dependency=/home/runner/work/v2ray-rust/v2ray-rust/target/release/deps --cap-lints allow`
   Compiling opaque-debug v0.3.0
     Running `/home/runner/.rustup/toolchains/stable-x86_64-unknown-linux-gnu/bin/rustc --crate-name opaque_debug --edition=2018 /home/runner/.cargo/registry/src/index.crates.io-1949cf8c6b5b557f/opaque-debug-0.3.0/src/lib.rs --error-format=json --json=diagnostic-rendered-ansi,artifacts,future-incompat --crate-type lib --emit=dep-info,metadata,link -C opt-level=3 -C linker-plugin-lto -C codegen-units=1 --check-cfg 'cfg(docsrs,test)' --check-cfg 'cfg(feature, values())' -C metadata=5460d95f5aa1b76f -C extra-filename=-4ddd4bb46915be3a --out-dir /home/runner/work/v2ray-rust/v2ray-rust/target/aarch64-linux-android/release/deps --target aarch64-linux-android -C linker=/home/runner/.cargo/bin/cargo-ndk -C strip=symbols -L dependency=/home/runner/work/v2ray-rust/v2ray-rust/target/aarch64-linux-android/release/deps -L dependency=/home/runner/work/v2ray-rust/v2ray-rust/target/release/deps --cap-lints allow`
   Compiling serde v1.0.193
     Running `/home/runner/.rustup/toolchains/stable-x86_64-unknown-linux-gnu/bin/rustc --crate-name build_script_build --edition=2018 /home/runner/.cargo/registry/src/index.crates.io-1949cf8c6b5b557f/serde-1.0.193/build.rs --error-format=json --json=diagnostic-rendered-ansi,artifacts,future-incompat --crate-type bin --emit=dep-info,link -C embed-bitcode=no -C debug-assertions=off --cfg 'feature="default"' --cfg 'feature="derive"' --cfg 'feature="serde_derive"' --cfg 'feature="std"' --check-cfg 'cfg(docsrs,test)' --check-cfg 'cfg(feature, values("alloc", "default", "derive", "rc", "serde_derive", "std", "unstable"))' -C metadata=6c0fc50470cfa671 -C extra-filename=-9c1e3761b2de7829 --out-dir /home/runner/work/v2ray-rust/v2ray-rust/target/release/build/serde-9c1e3761b2de7829 -C strip=symbols -L dependency=/home/runner/work/v2ray-rust/v2ray-rust/target/release/deps --cap-lints allow`
   Compiling hashbrown v0.12.3
     Running `/home/runner/.rustup/toolchains/stable-x86_64-unknown-linux-gnu/bin/rustc --crate-name hashbrown --edition=2021 /home/runner/.cargo/registry/src/index.crates.io-1949cf8c6b5b557f/hashbrown-0.12.3/src/lib.rs --error-format=json --json=diagnostic-rendered-ansi,artifacts,future-incompat --crate-type lib --emit=dep-info,metadata,link -C embed-bitcode=no -C debug-assertions=off --cfg 'feature="raw"' --check-cfg 'cfg(docsrs,test)' --check-cfg 'cfg(feature, values("ahash", "ahash-compile-time-rng", "alloc", "bumpalo", "compiler_builtins", "core", "default", "inline-more", "nightly", "raw", "rayon", "rustc-dep-of-std", "rustc-internal-api", "serde"))' -C metadata=309e806f3b1383e8 -C extra-filename=-c333ffa6ee93b9b7 --out-dir /home/runner/work/v2ray-rust/v2ray-rust/target/release/deps -C strip=symbols -L dependency=/home/runner/work/v2ray-rust/v2ray-rust/target/release/deps --cap-lints allow`
   Compiling async-trait v0.1.75
     Running `/home/runner/.rustup/toolchains/stable-x86_64-unknown-linux-gnu/bin/rustc --crate-name build_script_build --edition=2021 /home/runner/.cargo/registry/src/index.crates.io-1949cf8c6b5b557f/async-trait-0.1.75/build.rs --error-format=json --json=diagnostic-rendered-ansi,artifacts,future-incompat --crate-type bin --emit=dep-info,link -C embed-bitcode=no -C debug-assertions=off --check-cfg 'cfg(docsrs,test)' --check-cfg 'cfg(feature, values())' -C metadata=c54f9208549b798f -C extra-filename=-6b5018541b1ef20b --out-dir /home/runner/work/v2ray-rust/v2ray-rust/target/release/build/async-trait-6b5018541b1ef20b -C strip=symbols -L dependency=/home/runner/work/v2ray-rust/v2ray-rust/target/release/deps --cap-lints allow`
   Compiling try-lock v0.2.5
     Running `/home/runner/.rustup/toolchains/stable-x86_64-unknown-linux-gnu/bin/rustc --crate-name try_lock --edition=2015 /home/runner/.cargo/registry/src/index.crates.io-1949cf8c6b5b557f/try-lock-0.2.5/src/lib.rs --error-format=json --json=diagnostic-rendered-ansi,artifacts,future-incompat --crate-type lib --emit=dep-info,metadata,link -C opt-level=3 -C linker-plugin-lto -C codegen-units=1 --check-cfg 'cfg(docsrs,test)' --check-cfg 'cfg(feature, values())' -C metadata=af8241c3c7106aba -C extra-filename=-6c9d6bb5387efef5 --out-dir /home/runner/work/v2ray-rust/v2ray-rust/target/aarch64-linux-android/release/deps --target aarch64-linux-android -C linker=/home/runner/.cargo/bin/cargo-ndk -C strip=symbols -L dependency=/home/runner/work/v2ray-rust/v2ray-rust/target/aarch64-linux-android/release/deps -L dependency=/home/runner/work/v2ray-rust/v2ray-rust/target/release/deps --cap-lints allow`
   Compiling want v0.3.1
     Running `/home/runner/.rustup/toolchains/stable-x86_64-unknown-linux-gnu/bin/rustc --crate-name want --edition=2018 /home/runner/.cargo/registry/src/index.crates.io-1949cf8c6b5b557f/want-0.3.1/src/lib.rs --error-format=json --json=diagnostic-rendered-ansi,artifacts,future-incompat --crate-type lib --emit=dep-info,metadata,link -C opt-level=3 -C linker-plugin-lto -C codegen-units=1 --check-cfg 'cfg(docsrs,test)' --check-cfg 'cfg(feature, values())' -C metadata=78c30032e9032ee6 -C extra-filename=-b5f7b37a8d35edca --out-dir /home/runner/work/v2ray-rust/v2ray-rust/target/aarch64-linux-android/release/deps --target aarch64-linux-android -C linker=/home/runner/.cargo/bin/cargo-ndk -C strip=symbols -L dependency=/home/runner/work/v2ray-rust/v2ray-rust/target/aarch64-linux-android/release/deps -L dependency=/home/runner/work/v2ray-rust/v2ray-rust/target/release/deps --extern try_lock=/home/runner/work/v2ray-rust/v2ray-rust/target/aarch64-linux-android/release/deps/libtry_lock-6c9d6bb5387efef5.rmeta --cap-lints allow`
     Running `/home/runner/work/v2ray-rust/v2ray-rust/target/release/build/async-trait-6b5018541b1ef20b/build-script-build`
     Running `/home/runner/work/v2ray-rust/v2ray-rust/target/release/build/serde-9c1e3761b2de7829/build-script-build`
   Compiling petgraph v0.6.4
     Running `/home/runner/.rustup/toolchains/stable-x86_64-unknown-linux-gnu/bin/rustc --crate-name petgraph --edition=2018 /home/runner/.cargo/registry/src/index.crates.io-1949cf8c6b5b557f/petgraph-0.6.4/src/lib.rs --error-format=json --json=diagnostic-rendered-ansi,artifacts,future-incompat --crate-type lib --emit=dep-info,metadata,link -C embed-bitcode=no -C debug-assertions=off --check-cfg 'cfg(docsrs,test)' --check-cfg 'cfg(feature, values("all", "default", "generate", "graphmap", "matrix_graph", "quickcheck", "serde", "serde-1", "serde_derive", "stable_graph", "unstable"))' -C metadata=7cc7be590ea89025 -C extra-filename=-dff51d5d008d981e --out-dir /home/runner/work/v2ray-rust/v2ray-rust/target/release/deps -C strip=symbols -L dependency=/home/runner/work/v2ray-rust/v2ray-rust/target/release/deps --extern fixedbitset=/home/runner/work/v2ray-rust/v2ray-rust/target/release/deps/libfixedbitset-be033dbc7092ff29.rmeta --extern indexmap=/home/runner/work/v2ray-rust/v2ray-rust/target/release/deps/libindexmap-a99539f838b3501e.rmeta --cap-lints allow`
     Running `/home/runner/work/v2ray-rust/v2ray-rust/target/release/build/num-traits-e4ec03daf88085c8/build-script-build`
     Running `/home/runner/.rustup/toolchains/stable-x86_64-unknown-linux-gnu/bin/rustc --crate-name indexmap --edition=2021 /home/runner/.cargo/registry/src/index.crates.io-1949cf8c6b5b557f/indexmap-1.9.3/src/lib.rs --error-format=json --json=diagnostic-rendered-ansi,artifacts,future-incompat --crate-type lib --emit=dep-info,metadata,link -C embed-bitcode=no -C debug-assertions=off --check-cfg 'cfg(docsrs,test)' --check-cfg 'cfg(feature, values("arbitrary", "quickcheck", "rayon", "rustc-rayon", "serde", "serde-1", "std", "test_debug", "test_low_transition_point"))' -C metadata=2ff06447ba01ab24 -C extra-filename=-bbc00844df020a98 --out-dir /home/runner/work/v2ray-rust/v2ray-rust/target/release/deps -C strip=symbols -L dependency=/home/runner/work/v2ray-rust/v2ray-rust/target/release/deps --extern hashbrown=/home/runner/work/v2ray-rust/v2ray-rust/target/release/deps/libhashbrown-c333ffa6ee93b9b7.rmeta --cap-lints allow --cfg has_std`
     Running `/home/runner/work/v2ray-rust/v2ray-rust/target/release/build/proc-macro-error-attr-4d9751fd568e02f0/build-script-build`
     Running `/home/runner/.rustup/toolchains/stable-x86_64-unknown-linux-gnu/bin/rustc --crate-name thiserror --edition=2021 /home/runner/.cargo/registry/src/index.crates.io-1949cf8c6b5b557f/thiserror-1.0.51/src/lib.rs --error-format=json --json=diagnostic-rendered-ansi,artifacts,future-incompat --crate-type lib --emit=dep-info,metadata,link -C opt-level=3 -C linker-plugin-lto -C codegen-units=1 --check-cfg 'cfg(docsrs,test)' --check-cfg 'cfg(feature, values())' -C metadata=6524409eabe49d49 -C extra-filename=-f1027d0320c3d86d --out-dir /home/runner/work/v2ray-rust/v2ray-rust/target/aarch64-linux-android/release/deps --target aarch64-linux-android -C linker=/home/runner/.cargo/bin/cargo-ndk -C strip=symbols -L dependency=/home/runner/work/v2ray-rust/v2ray-rust/target/aarch64-linux-android/release/deps -L dependency=/home/runner/work/v2ray-rust/v2ray-rust/target/release/deps --extern thiserror_impl=/home/runner/work/v2ray-rust/v2ray-rust/target/release/deps/libthiserror_impl-50e8a24ebd527e56.so --cap-lints allow`
     Running `/home/runner/.rustup/toolchains/stable-x86_64-unknown-linux-gnu/bin/rustc --crate-name protobuf --edition=2021 /home/runner/.cargo/registry/src/index.crates.io-1949cf8c6b5b557f/protobuf-3.3.0/src/lib.rs --error-format=json --json=diagnostic-rendered-ansi,artifacts,future-incompat --crate-type lib --emit=dep-info,metadata,link -C embed-bitcode=no -C debug-assertions=off --cfg 'feature="default"' --check-cfg 'cfg(docsrs,test)' --check-cfg 'cfg(feature, values("bytes", "default", "with-bytes"))' -C metadata=69e0c8dcb3a2285e -C extra-filename=-f027eb303ccf04b8 --out-dir /home/runner/work/v2ray-rust/v2ray-rust/target/release/deps -C strip=symbols -L dependency=/home/runner/work/v2ray-rust/v2ray-rust/target/release/deps --extern once_cell=/home/runner/work/v2ray-rust/v2ray-rust/target/release/deps/libonce_cell-b9179d7fd484c947.rmeta --extern protobuf_support=/home/runner/work/v2ray-rust/v2ray-rust/target/release/deps/libprotobuf_support-44022d72cbe5e45e.rmeta --extern thiserror=/home/runner/work/v2ray-rust/v2ray-rust/target/release/deps/libthiserror-ab90b5db95257033.rmeta --cap-lints allow`
   Compiling prost-types v0.12.3
     Running `/home/runner/.rustup/toolchains/stable-x86_64-unknown-linux-gnu/bin/rustc --crate-name prost_types --edition=2021 /home/runner/.cargo/registry/src/index.crates.io-1949cf8c6b5b557f/prost-types-0.12.3/src/lib.rs --error-format=json --json=diagnostic-rendered-ansi,artifacts,future-incompat --crate-type lib --emit=dep-info,metadata,link -C embed-bitcode=no -C debug-assertions=off --check-cfg 'cfg(docsrs,test)' --check-cfg 'cfg(feature, values("default", "std"))' -C metadata=829dc222e4d20989 -C extra-filename=-a574ef7e09e80df3 --out-dir /home/runner/work/v2ray-rust/v2ray-rust/target/release/deps -C strip=symbols -L dependency=/home/runner/work/v2ray-rust/v2ray-rust/target/release/deps --extern prost=/home/runner/work/v2ray-rust/v2ray-rust/target/release/deps/libprost-9453fbcd4053cfde.rmeta --cap-lints allow`
     Running `/home/runner/.rustup/toolchains/stable-x86_64-unknown-linux-gnu/bin/rustc --crate-name prettyplease --edition=2021 /home/runner/.cargo/registry/src/index.crates.io-1949cf8c6b5b557f/prettyplease-0.2.15/src/lib.rs --error-format=json --json=diagnostic-rendered-ansi,artifacts,future-incompat --crate-type lib --emit=dep-info,metadata,link -C embed-bitcode=no -C debug-assertions=off --check-cfg 'cfg(docsrs,test)' --check-cfg 'cfg(feature, values("verbatim"))' -C metadata=44248fd31623e7c9 -C extra-filename=-1d4580cb06f4d503 --out-dir /home/runner/work/v2ray-rust/v2ray-rust/target/release/deps -C strip=symbols -L dependency=/home/runner/work/v2ray-rust/v2ray-rust/target/release/deps --extern proc_macro2=/home/runner/work/v2ray-rust/v2ray-rust/target/release/deps/libproc_macro2-091c85badb332630.rmeta --extern syn=/home/runner/work/v2ray-rust/v2ray-rust/target/release/deps/libsyn-cec8b9261c989107.rmeta --cap-lints allow`
   Compiling h2 v0.3.22
     Running `/home/runner/.rustup/toolchains/stable-x86_64-unknown-linux-gnu/bin/rustc --crate-name h2 --edition=2018 /home/runner/.cargo/registry/src/index.crates.io-1949cf8c6b5b557f/h2-0.3.22/src/lib.rs --error-format=json --json=diagnostic-rendered-ansi,artifacts,future-incompat --crate-type lib --emit=dep-info,metadata,link -C opt-level=3 -C linker-plugin-lto -C codegen-units=1 --check-cfg 'cfg(docsrs,test)' --check-cfg 'cfg(feature, values("stream", "unstable"))' -C metadata=b4e899a06f26c0d9 -C extra-filename=-27199f6123a64607 --out-dir /home/runner/work/v2ray-rust/v2ray-rust/target/aarch64-linux-android/release/deps --target aarch64-linux-android -C linker=/home/runner/.cargo/bin/cargo-ndk -C strip=symbols -L dependency=/home/runner/work/v2ray-rust/v2ray-rust/target/aarch64-linux-android/release/deps -L dependency=/home/runner/work/v2ray-rust/v2ray-rust/target/release/deps --extern bytes=/home/runner/work/v2ray-rust/v2ray-rust/target/aarch64-linux-android/release/deps/libbytes-5396a74fd9a7037d.rmeta --extern fnv=/home/runner/work/v2ray-rust/v2ray-rust/target/aarch64-linux-android/release/deps/libfnv-5933d638ed499c61.rmeta --extern futures_core=/home/runner/work/v2ray-rust/v2ray-rust/target/aarch64-linux-android/release/deps/libfutures_core-4fccbc47ed1904aa.rmeta --extern futures_sink=/home/runner/work/v2ray-rust/v2ray-rust/target/aarch64-linux-android/release/deps/libfutures_sink-943e3ad78ff466f6.rmeta --extern futures_util=/home/runner/work/v2ray-rust/v2ray-rust/target/aarch64-linux-android/release/deps/libfutures_util-e669b40623ab146e.rmeta --extern http=/home/runner/work/v2ray-rust/v2ray-rust/target/aarch64-linux-android/release/deps/libhttp-fefc21c58dc69fca.rmeta --extern indexmap=/home/runner/work/v2ray-rust/v2ray-rust/target/aarch64-linux-android/release/deps/libindexmap-2ff3c3324acde7cc.rmeta --extern slab=/home/runner/work/v2ray-rust/v2ray-rust/target/aarch64-linux-android/release/deps/libslab-fac18e780943622b.rmeta --extern tokio=/home/runner/work/v2ray-rust/v2ray-rust/target/aarch64-linux-android/release/deps/libtokio-d261ade94ecabb64.rmeta --extern tokio_util=/home/runner/work/v2ray-rust/v2ray-rust/target/aarch64-linux-android/release/deps/libtokio_util-d03fbd878ef74a41.rmeta --extern tracing=/home/runner/work/v2ray-rust/v2ray-rust/target/aarch64-linux-android/release/deps/libtracing-8690e20607fd7ed8.rmeta --cap-lints allow`
     Running `/home/runner/.rustup/toolchains/stable-x86_64-unknown-linux-gnu/bin/rustc --crate-name futures_channel --edition=2018 /home/runner/.cargo/registry/src/index.crates.io-1949cf8c6b5b557f/futures-channel-0.3.29/src/lib.rs --error-format=json --json=diagnostic-rendered-ansi,artifacts,future-incompat --crate-type lib --emit=dep-info,metadata,link -C opt-level=3 -C linker-plugin-lto -C codegen-units=1 --cfg 'feature="alloc"' --cfg 'feature="default"' --cfg 'feature="std"' --check-cfg 'cfg(docsrs,test)' --check-cfg 'cfg(feature, values("alloc", "cfg-target-has-atomic", "default", "futures-sink", "sink", "std", "unstable"))' -C metadata=27f03ffb8b481200 -C extra-filename=-a3a229537147e84c --out-dir /home/runner/work/v2ray-rust/v2ray-rust/target/aarch64-linux-android/release/deps --target aarch64-linux-android -C linker=/home/runner/.cargo/bin/cargo-ndk -C strip=symbols -L dependency=/home/runner/work/v2ray-rust/v2ray-rust/target/aarch64-linux-android/release/deps -L dependency=/home/runner/work/v2ray-rust/v2ray-rust/target/release/deps --extern futures_core=/home/runner/work/v2ray-rust/v2ray-rust/target/aarch64-linux-android/release/deps/libfutures_core-4fccbc47ed1904aa.rmeta --cap-lints allow`
   Compiling unicode-normalization v0.1.22
     Running `/home/runner/.rustup/toolchains/stable-x86_64-unknown-linux-gnu/bin/rustc --crate-name unicode_normalization --edition=2018 /home/runner/.cargo/registry/src/index.crates.io-1949cf8c6b5b557f/unicode-normalization-0.1.22/src/lib.rs --error-format=json --json=diagnostic-rendered-ansi,artifacts,future-incompat --crate-type lib --emit=dep-info,metadata,link -C opt-level=3 -C linker-plugin-lto -C codegen-units=1 --cfg 'feature="std"' --check-cfg 'cfg(docsrs,test)' --check-cfg 'cfg(feature, values("default", "std"))' -C metadata=dc1258fdbb4d004c -C extra-filename=-40c3a692b4a5bf5a --out-dir /home/runner/work/v2ray-rust/v2ray-rust/target/aarch64-linux-android/release/deps --target aarch64-linux-android -C linker=/home/runner/.cargo/bin/cargo-ndk -C strip=symbols -L dependency=/home/runner/work/v2ray-rust/v2ray-rust/target/aarch64-linux-android/release/deps -L dependency=/home/runner/work/v2ray-rust/v2ray-rust/target/release/deps --extern tinyvec=/home/runner/work/v2ray-rust/v2ray-rust/target/aarch64-linux-android/release/deps/libtinyvec-7168253540f1bad6.rmeta --cap-lints allow`
     Running `/home/runner/.rustup/toolchains/stable-x86_64-unknown-linux-gnu/bin/rustc --crate-name aho_corasick --edition=2021 /home/runner/.cargo/registry/src/index.crates.io-1949cf8c6b5b557f/aho-corasick-1.1.2/src/lib.rs --error-format=json --json=diagnostic-rendered-ansi,artifacts,future-incompat --crate-type lib --emit=dep-info,metadata,link -C opt-level=3 -C linker-plugin-lto -C codegen-units=1 --cfg 'feature="default"' --cfg 'feature="perf-literal"' --cfg 'feature="std"' --check-cfg 'cfg(docsrs,test)' --check-cfg 'cfg(feature, values("default", "logging", "perf-literal", "std"))' -C metadata=e781862c5fe3419c -C extra-filename=-05599baebced02bd --out-dir /home/runner/work/v2ray-rust/v2ray-rust/target/aarch64-linux-android/release/deps --target aarch64-linux-android -C linker=/home/runner/.cargo/bin/cargo-ndk -C strip=symbols -L dependency=/home/runner/work/v2ray-rust/v2ray-rust/target/aarch64-linux-android/release/deps -L dependency=/home/runner/work/v2ray-rust/v2ray-rust/target/release/deps --extern memchr=/home/runner/work/v2ray-rust/v2ray-rust/target/aarch64-linux-android/release/deps/libmemchr-bad283da18ecdf9a.rmeta --cap-lints allow`
   Compiling axum-core v0.3.4
     Running `/home/runner/.rustup/toolchains/stable-x86_64-unknown-linux-gnu/bin/rustc --crate-name build_script_build --edition=2021 /home/runner/.cargo/registry/src/index.crates.io-1949cf8c6b5b557f/axum-core-0.3.4/build.rs --error-format=json --json=diagnostic-rendered-ansi,artifacts,future-incompat --crate-type bin --emit=dep-info,link -C embed-bitcode=no -C debug-assertions=off --check-cfg 'cfg(docsrs,test)' --check-cfg 'cfg(feature, values("__private_docs", "tracing"))' -C metadata=9993d35149ec060a -C extra-filename=-3cc5b623f9bf11a1 --out-dir /home/runner/work/v2ray-rust/v2ray-rust/target/release/build/axum-core-3cc5b623f9bf11a1 -C strip=symbols -L dependency=/home/runner/work/v2ray-rust/v2ray-rust/target/release/deps --extern rustversion=/home/runner/work/v2ray-rust/v2ray-rust/target/release/deps/librustversion-748bca696414497a.so --cap-lints allow`
   Compiling serde_derive v1.0.193
     Running `/home/runner/.rustup/toolchains/stable-x86_64-unknown-linux-gnu/bin/rustc --crate-name serde_derive --edition=2015 /home/runner/.cargo/registry/src/index.crates.io-1949cf8c6b5b557f/serde_derive-1.0.193/src/lib.rs --error-format=json --json=diagnostic-rendered-ansi,artifacts,future-incompat --crate-type proc-macro --emit=dep-info,link -C prefer-dynamic -C embed-bitcode=no -C debug-assertions=off --cfg 'feature="default"' --check-cfg 'cfg(docsrs,test)' --check-cfg 'cfg(feature, values("default", "deserialize_in_place"))' -C metadata=180fd0bfa4ed527f -C extra-filename=-ac5c8c6fabe5ce7d --out-dir /home/runner/work/v2ray-rust/v2ray-rust/target/release/deps -C strip=symbols -L dependency=/home/runner/work/v2ray-rust/v2ray-rust/target/release/deps --extern proc_macro2=/home/runner/work/v2ray-rust/v2ray-rust/target/release/deps/libproc_macro2-091c85badb332630.rlib --extern quote=/home/runner/work/v2ray-rust/v2ray-rust/target/release/deps/libquote-e167b4859fbe4962.rlib --extern syn=/home/runner/work/v2ray-rust/v2ray-rust/target/release/deps/libsyn-cec8b9261c989107.rlib --extern proc_macro --cap-lints allow`
   Compiling pin-project-internal v1.1.3
     Running `/home/runner/.rustup/toolchains/stable-x86_64-unknown-linux-gnu/bin/rustc --crate-name pin_project_internal --edition=2021 /home/runner/.cargo/registry/src/index.crates.io-1949cf8c6b5b557f/pin-project-internal-1.1.3/src/lib.rs --error-format=json --json=diagnostic-rendered-ansi,artifacts,future-incompat --crate-type proc-macro --emit=dep-info,link -C prefer-dynamic -C embed-bitcode=no -C debug-assertions=off --check-cfg 'cfg(docsrs,test)' --check-cfg 'cfg(feature, values())' -C metadata=af2c2de473aa1fb1 -C extra-filename=-efc79f85fb9a0f3d --out-dir /home/runner/work/v2ray-rust/v2ray-rust/target/release/deps -C strip=symbols -L dependency=/home/runner/work/v2ray-rust/v2ray-rust/target/release/deps --extern proc_macro2=/home/runner/work/v2ray-rust/v2ray-rust/target/release/deps/libproc_macro2-091c85badb332630.rlib --extern quote=/home/runner/work/v2ray-rust/v2ray-rust/target/release/deps/libquote-e167b4859fbe4962.rlib --extern syn=/home/runner/work/v2ray-rust/v2ray-rust/target/release/deps/libsyn-cec8b9261c989107.rlib --extern proc_macro --cap-lints allow`
     Running `/home/runner/work/v2ray-rust/v2ray-rust/target/release/build/indexmap-b707ebc67d7dbbae/build-script-build`
   Compiling proc-macro-error v1.0.4
     Running `/home/runner/.rustup/toolchains/stable-x86_64-unknown-linux-gnu/bin/rustc --crate-name build_script_build --edition=2018 /home/runner/.cargo/registry/src/index.crates.io-1949cf8c6b5b557f/proc-macro-error-1.0.4/build.rs --error-format=json --json=diagnostic-rendered-ansi,artifacts,future-incompat --crate-type bin --emit=dep-info,link -C embed-bitcode=no -C debug-assertions=off --cfg 'feature="default"' --cfg 'feature="syn"' --cfg 'feature="syn-error"' --check-cfg 'cfg(docsrs,test)' --check-cfg 'cfg(feature, values("default", "syn", "syn-error"))' -C metadata=05a8d8ddfb4e976b -C extra-filename=-7bec83751d5a9943 --out-dir /home/runner/work/v2ray-rust/v2ray-rust/target/release/build/proc-macro-error-7bec83751d5a9943 -C strip=symbols -L dependency=/home/runner/work/v2ray-rust/v2ray-rust/target/release/deps --extern version_check=/home/runner/work/v2ray-rust/v2ray-rust/target/release/deps/libversion_check-475b94e5eb619764.rlib --cap-lints allow`
   Compiling num-integer v0.1.45
     Running `/home/runner/.rustup/toolchains/stable-x86_64-unknown-linux-gnu/bin/rustc --crate-name build_script_build --edition=2015 /home/runner/.cargo/registry/src/index.crates.io-1949cf8c6b5b557f/num-integer-0.1.45/build.rs --error-format=json --json=diagnostic-rendered-ansi,artifacts,future-incompat --crate-type bin --emit=dep-info,link -C embed-bitcode=no -C debug-assertions=off --cfg 'feature="i128"' --cfg 'feature="std"' --check-cfg 'cfg(docsrs,test)' --check-cfg 'cfg(feature, values("default", "i128", "std"))' -C metadata=baf9181c59fdc9a7 -C extra-filename=-386ab75177d46592 --out-dir /home/runner/work/v2ray-rust/v2ray-rust/target/release/build/num-integer-386ab75177d46592 -C strip=symbols -L dependency=/home/runner/work/v2ray-rust/v2ray-rust/target/release/deps --extern autocfg=/home/runner/work/v2ray-rust/v2ray-rust/target/release/deps/libautocfg-af8a9bd2cfba7a09.rlib --cap-lints allow`
   Compiling tower-layer v0.3.2
     Running `/home/runner/.rustup/toolchains/stable-x86_64-unknown-linux-gnu/bin/rustc --crate-name tower_layer --edition=2018 /home/runner/.cargo/registry/src/index.crates.io-1949cf8c6b5b557f/tower-layer-0.3.2/src/lib.rs --error-format=json --json=diagnostic-rendered-ansi,artifacts,future-incompat --crate-type lib --emit=dep-info,metadata,link -C opt-level=3 -C linker-plugin-lto -C codegen-units=1 --check-cfg 'cfg(docsrs,test)' --check-cfg 'cfg(feature, values())' -C metadata=381e575a9d645b60 -C extra-filename=-d83f0e5e0811e26e --out-dir /home/runner/work/v2ray-rust/v2ray-rust/target/aarch64-linux-android/release/deps --target aarch64-linux-android -C linker=/home/runner/.cargo/bin/cargo-ndk -C strip=symbols -L dependency=/home/runner/work/v2ray-rust/v2ray-rust/target/aarch64-linux-android/release/deps -L dependency=/home/runner/work/v2ray-rust/v2ray-rust/target/release/deps --cap-lints allow`
     Running `/home/runner/.rustup/toolchains/stable-x86_64-unknown-linux-gnu/bin/rustc --crate-name regex_syntax --edition=2021 /home/runner/.cargo/registry/src/index.crates.io-1949cf8c6b5b557f/regex-syntax-0.8.2/src/lib.rs --error-format=json --json=diagnostic-rendered-ansi,artifacts,future-incompat --crate-type lib --emit=dep-info,metadata,link -C opt-level=3 -C linker-plugin-lto -C codegen-units=1 --cfg 'feature="default"' --cfg 'feature="std"' --cfg 'feature="unicode"' --cfg 'feature="unicode-age"' --cfg 'feature="unicode-bool"' --cfg 'feature="unicode-case"' --cfg 'feature="unicode-gencat"' --cfg 'feature="unicode-perl"' --cfg 'feature="unicode-script"' --cfg 'feature="unicode-segment"' --check-cfg 'cfg(docsrs,test)' --check-cfg 'cfg(feature, values("arbitrary", "default", "std", "unicode", "unicode-age", "unicode-bool", "unicode-case", "unicode-gencat", "unicode-perl", "unicode-script", "unicode-segment"))' -C metadata=7fa1fbfed54ec4eb -C extra-filename=-8ea22b799d444472 --out-dir /home/runner/work/v2ray-rust/v2ray-rust/target/aarch64-linux-android/release/deps --target aarch64-linux-android -C linker=/home/runner/.cargo/bin/cargo-ndk -C strip=symbols -L dependency=/home/runner/work/v2ray-rust/v2ray-rust/target/aarch64-linux-android/release/deps -L dependency=/home/runner/work/v2ray-rust/v2ray-rust/target/release/deps --cap-lints allow`
   Compiling utf8parse v0.2.1
     Running `/home/runner/.rustup/toolchains/stable-x86_64-unknown-linux-gnu/bin/rustc --crate-name utf8parse --edition=2018 /home/runner/.cargo/registry/src/index.crates.io-1949cf8c6b5b557f/utf8parse-0.2.1/src/lib.rs --error-format=json --json=diagnostic-rendered-ansi,artifacts,future-incompat --crate-type lib --emit=dep-info,metadata,link -C opt-level=3 -C linker-plugin-lto -C codegen-units=1 --cfg 'feature="default"' --check-cfg 'cfg(docsrs,test)' --check-cfg 'cfg(feature, values("default", "nightly"))' -C metadata=d69e2d0444ba5b17 -C extra-filename=-09f4d76a262b0c63 --out-dir /home/runner/work/v2ray-rust/v2ray-rust/target/aarch64-linux-android/release/deps --target aarch64-linux-android -C linker=/home/runner/.cargo/bin/cargo-ndk -C strip=symbols -L dependency=/home/runner/work/v2ray-rust/v2ray-rust/target/aarch64-linux-android/release/deps -L dependency=/home/runner/work/v2ray-rust/v2ray-rust/target/release/deps --cap-lints allow`
   Compiling httpdate v1.0.3
     Running `/home/runner/.rustup/toolchains/stable-x86_64-unknown-linux-gnu/bin/rustc --crate-name httpdate --edition=2021 /home/runner/.cargo/registry/src/index.crates.io-1949cf8c6b5b557f/httpdate-1.0.3/src/lib.rs --error-format=json --json=diagnostic-rendered-ansi,artifacts,future-incompat --crate-type lib --emit=dep-info,metadata,link -C opt-level=3 -C linker-plugin-lto -C codegen-units=1 --check-cfg 'cfg(docsrs,test)' --check-cfg 'cfg(feature, values())' -C metadata=47ade978a9dc485e -C extra-filename=-e12002b4ff5f5fa4 --out-dir /home/runner/work/v2ray-rust/v2ray-rust/target/aarch64-linux-android/release/deps --target aarch64-linux-android -C linker=/home/runner/.cargo/bin/cargo-ndk -C strip=symbols -L dependency=/home/runner/work/v2ray-rust/v2ray-rust/target/aarch64-linux-android/release/deps -L dependency=/home/runner/work/v2ray-rust/v2ray-rust/target/release/deps --cap-lints allow`
   Compiling unicode-bidi v0.3.14
     Running `/home/runner/.rustup/toolchains/stable-x86_64-unknown-linux-gnu/bin/rustc --crate-name unicode_bidi --edition=2018 /home/runner/.cargo/registry/src/index.crates.io-1949cf8c6b5b557f/unicode-bidi-0.3.14/src/lib.rs --error-format=json --json=diagnostic-rendered-ansi,artifacts,future-incompat --crate-type lib --emit=dep-info,metadata,link -C opt-level=3 -C linker-plugin-lto -C codegen-units=1 --cfg 'feature="hardcoded-data"' --cfg 'feature="std"' --check-cfg 'cfg(docsrs,test)' --check-cfg 'cfg(feature, values("bench_it", "default", "flame", "flame_it", "flamer", "hardcoded-data", "serde", "std", "unstable", "with_serde"))' -C metadata=ea6cda5881c839b5 -C extra-filename=-cae73bdff23b18ca --out-dir /home/runner/work/v2ray-rust/v2ray-rust/target/aarch64-linux-android/release/deps --target aarch64-linux-android -C linker=/home/runner/.cargo/bin/cargo-ndk -C strip=symbols -L dependency=/home/runner/work/v2ray-rust/v2ray-rust/target/aarch64-linux-android/release/deps -L dependency=/home/runner/work/v2ray-rust/v2ray-rust/target/release/deps --cap-lints allow`
     Running `/home/runner/.rustup/toolchains/stable-x86_64-unknown-linux-gnu/bin/rustc --crate-name build_script_build --edition=2021 /home/runner/.cargo/registry/src/index.crates.io-1949cf8c6b5b557f/rustix-0.38.28/build.rs --error-format=json --json=diagnostic-rendered-ansi,artifacts,future-incompat --crate-type bin --emit=dep-info,link -C embed-bitcode=no -C debug-assertions=off --cfg 'feature="alloc"' --cfg 'feature="default"' --cfg 'feature="std"' --cfg 'feature="termios"' --cfg 'feature="use-libc-auxv"' --check-cfg 'cfg(docsrs,test)' --check-cfg 'cfg(feature, values("all-apis", "alloc", "cc", "default", "event", "fs", "io_uring", "itoa", "libc", "libc_errno", "linux_4_11", "linux_latest", "mm", "mount", "net", "once_cell", "param", "pipe", "process", "procfs", "pty", "rand", "runtime", "rustc-dep-of-std", "shm", "std", "stdio", "system", "termios", "thread", "time", "use-explicitly-provided-auxv", "use-libc", "use-libc-auxv"))' -C metadata=6cfbb4575352b7b4 -C extra-filename=-2e3773ba40a0c728 --out-dir /home/runner/work/v2ray-rust/v2ray-rust/target/release/build/rustix-2e3773ba40a0c728 -C strip=symbols -L dependency=/home/runner/work/v2ray-rust/v2ray-rust/target/release/deps --cap-lints allow`
     Running `/home/runner/.rustup/toolchains/stable-x86_64-unknown-linux-gnu/bin/rustc --crate-name hashbrown --edition=2021 /home/runner/.cargo/registry/src/index.crates.io-1949cf8c6b5b557f/hashbrown-0.12.3/src/lib.rs --error-format=json --json=diagnostic-rendered-ansi,artifacts,future-incompat --crate-type lib --emit=dep-info,metadata,link -C opt-level=3 -C linker-plugin-lto -C codegen-units=1 --cfg 'feature="raw"' --check-cfg 'cfg(docsrs,test)' --check-cfg 'cfg(feature, values("ahash", "ahash-compile-time-rng", "alloc", "bumpalo", "compiler_builtins", "core", "default", "inline-more", "nightly", "raw", "rayon", "rustc-dep-of-std", "rustc-internal-api", "serde"))' -C metadata=d2cb59ef546bed5f -C extra-filename=-dd610a4cd40b8e6d --out-dir /home/runner/work/v2ray-rust/v2ray-rust/target/aarch64-linux-android/release/deps --target aarch64-linux-android -C linker=/home/runner/.cargo/bin/cargo-ndk -C strip=symbols -L dependency=/home/runner/work/v2ray-rust/v2ray-rust/target/aarch64-linux-android/release/deps -L dependency=/home/runner/work/v2ray-rust/v2ray-rust/target/release/deps --cap-lints allow`
   Compiling paste v1.0.14
     Running `/home/runner/.rustup/toolchains/stable-x86_64-unknown-linux-gnu/bin/rustc --crate-name build_script_build --edition=2018 /home/runner/.cargo/registry/src/index.crates.io-1949cf8c6b5b557f/paste-1.0.14/build.rs --error-format=json --json=diagnostic-rendered-ansi,artifacts,future-incompat --crate-type bin --emit=dep-info,link -C embed-bitcode=no -C debug-assertions=off --check-cfg 'cfg(docsrs,test)' --check-cfg 'cfg(feature, values())' -C metadata=d802bc1da15794fb -C extra-filename=-c0894b9a659666ae --out-dir /home/runner/work/v2ray-rust/v2ray-rust/target/release/build/paste-c0894b9a659666ae -C strip=symbols -L dependency=/home/runner/work/v2ray-rust/v2ray-rust/target/release/deps --cap-lints allow`
   Compiling heck v0.4.1
     Running `/home/runner/.rustup/toolchains/stable-x86_64-unknown-linux-gnu/bin/rustc --crate-name heck --edition=2018 /home/runner/.cargo/registry/src/index.crates.io-1949cf8c6b5b557f/heck-0.4.1/src/lib.rs --error-format=json --json=diagnostic-rendered-ansi,artifacts,future-incompat --crate-type lib --emit=dep-info,metadata,link -C embed-bitcode=no -C debug-assertions=off --cfg 'feature="default"' --check-cfg 'cfg(docsrs,test)' --check-cfg 'cfg(feature, values("default", "unicode", "unicode-segmentation"))' -C metadata=b5b61cf45fb89cf1 -C extra-filename=-fc80302b5e78af9b --out-dir /home/runner/work/v2ray-rust/v2ray-rust/target/release/deps -C strip=symbols -L dependency=/home/runner/work/v2ray-rust/v2ray-rust/target/release/deps --cap-lints allow`
   Compiling untrusted v0.9.0
     Running `/home/runner/.rustup/toolchains/stable-x86_64-unknown-linux-gnu/bin/rustc --crate-name untrusted --edition=2018 /home/runner/.cargo/registry/src/index.crates.io-1949cf8c6b5b557f/untrusted-0.9.0/src/lib.rs --error-format=json --json=diagnostic-rendered-ansi,artifacts,future-incompat --crate-type lib --emit=dep-info,metadata,link -C opt-level=3 -C linker-plugin-lto -C codegen-units=1 --check-cfg 'cfg(docsrs,test)' --check-cfg 'cfg(feature, values())' -C metadata=bbe546d02eea59fe -C extra-filename=-da2816a5705bfa25 --out-dir /home/runner/work/v2ray-rust/v2ray-rust/target/aarch64-linux-android/release/deps --target aarch64-linux-android -C linker=/home/runner/.cargo/bin/cargo-ndk -C strip=symbols -L dependency=/home/runner/work/v2ray-rust/v2ray-rust/target/aarch64-linux-android/release/deps -L dependency=/home/runner/work/v2ray-rust/v2ray-rust/target/release/deps --cap-lints allow`
   Compiling multimap v0.8.3
     Running `/home/runner/.rustup/toolchains/stable-x86_64-unknown-linux-gnu/bin/rustc --crate-name multimap --edition=2015 /home/runner/.cargo/registry/src/index.crates.io-1949cf8c6b5b557f/multimap-0.8.3/src/lib.rs --error-format=json --json=diagnostic-rendered-ansi,artifacts,future-incompat --crate-type lib --emit=dep-info,metadata,link -C embed-bitcode=no -C debug-assertions=off --check-cfg 'cfg(docsrs,test)' --check-cfg 'cfg(feature, values("default", "serde", "serde_impl"))' -C metadata=19256d7876218d25 -C extra-filename=-a87537bf396bd091 --out-dir /home/runner/work/v2ray-rust/v2ray-rust/target/release/deps -C strip=symbols -L dependency=/home/runner/work/v2ray-rust/v2ray-rust/target/release/deps --cap-lints allow`
     Running `/home/runner/.rustup/toolchains/stable-x86_64-unknown-linux-gnu/bin/rustc --crate-name indexmap --edition=2021 /home/runner/.cargo/registry/src/index.crates.io-1949cf8c6b5b557f/indexmap-1.9.3/src/lib.rs --error-format=json --json=diagnostic-rendered-ansi,artifacts,future-incompat --crate-type lib --emit=dep-info,metadata,link -C opt-level=3 -C linker-plugin-lto -C codegen-units=1 --check-cfg 'cfg(docsrs,test)' --check-cfg 'cfg(feature, values("arbitrary", "quickcheck", "rayon", "rustc-rayon", "serde", "serde-1", "std", "test_debug", "test_low_transition_point"))' -C metadata=d781816ee5f2cada -C extra-filename=-a04b87a5286a4ea2 --out-dir /home/runner/work/v2ray-rust/v2ray-rust/target/aarch64-linux-android/release/deps --target aarch64-linux-android -C linker=/home/runner/.cargo/bin/cargo-ndk -C strip=symbols -L dependency=/home/runner/work/v2ray-rust/v2ray-rust/target/aarch64-linux-android/release/deps -L dependency=/home/runner/work/v2ray-rust/v2ray-rust/target/release/deps --extern hashbrown=/home/runner/work/v2ray-rust/v2ray-rust/target/aarch64-linux-android/release/deps/libhashbrown-dd610a4cd40b8e6d.rmeta --cap-lints allow --cfg has_std`
   Compiling prost-build v0.12.3
     Running `/home/runner/.rustup/toolchains/stable-x86_64-unknown-linux-gnu/bin/rustc --crate-name prost_build --edition=2021 /home/runner/.cargo/registry/src/index.crates.io-1949cf8c6b5b557f/prost-build-0.12.3/src/lib.rs --error-format=json --json=diagnostic-rendered-ansi,artifacts,future-incompat --crate-type lib --emit=dep-info,metadata,link -C embed-bitcode=no -C debug-assertions=off --cfg 'feature="default"' --cfg 'feature="format"' --cfg 'feature="prettyplease"' --cfg 'feature="syn"' --check-cfg 'cfg(docsrs,test)' --check-cfg 'cfg(feature, values("cleanup-markdown", "default", "format", "prettyplease", "pulldown-cmark", "pulldown-cmark-to-cmark", "syn"))' -C metadata=602129c332e751ed -C extra-filename=-06ebd64968ac6481 --out-dir /home/runner/work/v2ray-rust/v2ray-rust/target/release/deps -C strip=symbols -L dependency=/home/runner/work/v2ray-rust/v2ray-rust/target/release/deps --extern bytes=/home/runner/work/v2ray-rust/v2ray-rust/target/release/deps/libbytes-42fc02b795fd9146.rmeta --extern heck=/home/runner/work/v2ray-rust/v2ray-rust/target/release/deps/libheck-fc80302b5e78af9b.rmeta --extern itertools=/home/runner/work/v2ray-rust/v2ray-rust/target/release/deps/libitertools-981211589632c4a1.rmeta --extern log=/home/runner/work/v2ray-rust/v2ray-rust/target/release/deps/liblog-075108d30111ac0f.rmeta --extern multimap=/home/runner/work/v2ray-rust/v2ray-rust/target/release/deps/libmultimap-a87537bf396bd091.rmeta --extern once_cell=/home/runner/work/v2ray-rust/v2ray-rust/target/release/deps/libonce_cell-b9179d7fd484c947.rmeta --extern petgraph=/home/runner/work/v2ray-rust/v2ray-rust/target/release/deps/libpetgraph-dff51d5d008d981e.rmeta --extern prettyplease=/home/runner/work/v2ray-rust/v2ray-rust/target/release/deps/libprettyplease-1d4580cb06f4d503.rmeta --extern prost=/home/runner/work/v2ray-rust/v2ray-rust/target/release/deps/libprost-9453fbcd4053cfde.rmeta --extern prost_types=/home/runner/work/v2ray-rust/v2ray-rust/target/release/deps/libprost_types-a574ef7e09e80df3.rmeta --extern regex=/home/runner/work/v2ray-rust/v2ray-rust/target/release/deps/libregex-5953b9a97db9e969.rmeta --extern syn=/home/runner/work/v2ray-rust/v2ray-rust/target/release/deps/libsyn-cec8b9261c989107.rmeta --extern tempfile=/home/runner/work/v2ray-rust/v2ray-rust/target/release/deps/libtempfile-127dbea23ff6e8f5.rmeta --extern which=/home/runner/work/v2ray-rust/v2ray-rust/target/release/deps/libwhich-7336f06a9976d7e5.rmeta --cap-lints allow`
     Running `/home/runner/work/v2ray-rust/v2ray-rust/target/release/build/paste-c0894b9a659666ae/build-script-build`
     Running `/home/runner/.rustup/toolchains/stable-x86_64-unknown-linux-gnu/bin/rustc --crate-name regex_automata --edition=2021 /home/runner/.cargo/registry/src/index.crates.io-1949cf8c6b5b557f/regex-automata-0.4.3/src/lib.rs --error-format=json --json=diagnostic-rendered-ansi,artifacts,future-incompat --crate-type lib --emit=dep-info,metadata,link -C opt-level=3 -C linker-plugin-lto -C codegen-units=1 --cfg 'feature="alloc"' --cfg 'feature="dfa-onepass"' --cfg 'feature="hybrid"' --cfg 'feature="meta"' --cfg 'feature="nfa-backtrack"' --cfg 'feature="nfa-pikevm"' --cfg 'feature="nfa-thompson"' --cfg 'feature="perf-inline"' --cfg 'feature="perf-literal"' --cfg 'feature="perf-literal-multisubstring"' --cfg 'feature="perf-literal-substring"' --cfg 'feature="std"' --cfg 'feature="syntax"' --cfg 'feature="unicode"' --cfg 'feature="unicode-age"' --cfg 'feature="unicode-bool"' --cfg 'feature="unicode-case"' --cfg 'feature="unicode-gencat"' --cfg 'feature="unicode-perl"' --cfg 'feature="unicode-script"' --cfg 'feature="unicode-segment"' --cfg 'feature="unicode-word-boundary"' --check-cfg 'cfg(docsrs,test)' --check-cfg 'cfg(feature, values("alloc", "default", "dfa", "dfa-build", "dfa-onepass", "dfa-search", "hybrid", "internal-instrument", "internal-instrument-pikevm", "logging", "meta", "nfa", "nfa-backtrack", "nfa-pikevm", "nfa-thompson", "perf", "perf-inline", "perf-literal", "perf-literal-multisubstring", "perf-literal-substring", "std", "syntax", "unicode", "unicode-age", "unicode-bool", "unicode-case", "unicode-gencat", "unicode-perl", "unicode-script", "unicode-segment", "unicode-word-boundary"))' -C metadata=1aae75915d510d03 -C extra-filename=-e914565784bebbc3 --out-dir /home/runner/work/v2ray-rust/v2ray-rust/target/aarch64-linux-android/release/deps --target aarch64-linux-android -C linker=/home/runner/.cargo/bin/cargo-ndk -C strip=symbols -L dependency=/home/runner/work/v2ray-rust/v2ray-rust/target/aarch64-linux-android/release/deps -L dependency=/home/runner/work/v2ray-rust/v2ray-rust/target/release/deps --extern aho_corasick=/home/runner/work/v2ray-rust/v2ray-rust/target/aarch64-linux-android/release/deps/libaho_corasick-05599baebced02bd.rmeta --extern memchr=/home/runner/work/v2ray-rust/v2ray-rust/target/aarch64-linux-android/release/deps/libmemchr-bad283da18ecdf9a.rmeta --extern regex_syntax=/home/runner/work/v2ray-rust/v2ray-rust/target/aarch64-linux-android/release/deps/libregex_syntax-8ea22b799d444472.rmeta --cap-lints allow`
     Running `/home/runner/work/v2ray-rust/v2ray-rust/target/release/build/rustix-2e3773ba40a0c728/build-script-build`
   Compiling idna v0.5.0
     Running `/home/runner/.rustup/toolchains/stable-x86_64-unknown-linux-gnu/bin/rustc --crate-name idna --edition=2018 /home/runner/.cargo/registry/src/index.crates.io-1949cf8c6b5b557f/idna-0.5.0/src/lib.rs --error-format=json --json=diagnostic-rendered-ansi,artifacts,future-incompat --crate-type lib --emit=dep-info,metadata,link -C opt-level=3 -C linker-plugin-lto -C codegen-units=1 --cfg 'feature="alloc"' --cfg 'feature="default"' --cfg 'feature="std"' --check-cfg 'cfg(docsrs,test)' --check-cfg 'cfg(feature, values("alloc", "default", "std"))' -C metadata=8a79580cd6e3e92c -C extra-filename=-61d32b196369fa08 --out-dir /home/runner/work/v2ray-rust/v2ray-rust/target/aarch64-linux-android/release/deps --target aarch64-linux-android -C linker=/home/runner/.cargo/bin/cargo-ndk -C strip=symbols -L dependency=/home/runner/work/v2ray-rust/v2ray-rust/target/aarch64-linux-android/release/deps -L dependency=/home/runner/work/v2ray-rust/v2ray-rust/target/release/deps --extern unicode_bidi=/home/runner/work/v2ray-rust/v2ray-rust/target/aarch64-linux-android/release/deps/libunicode_bidi-cae73bdff23b18ca.rmeta --extern unicode_normalization=/home/runner/work/v2ray-rust/v2ray-rust/target/aarch64-linux-android/release/deps/libunicode_normalization-40c3a692b4a5bf5a.rmeta --cap-lints allow`
     Running `/home/runner/.rustup/toolchains/stable-x86_64-unknown-linux-gnu/bin/rustc --crate-name ring --edition=2021 /home/runner/.cargo/registry/src/index.crates.io-1949cf8c6b5b557f/ring-0.17.14/src/lib.rs --error-format=json --json=diagnostic-rendered-ansi,artifacts,future-incompat --crate-type lib --emit=dep-info,metadata,link -C opt-level=3 -C linker-plugin-lto -C codegen-units=1 --cfg 'feature="alloc"' --cfg 'feature="default"' --cfg 'feature="dev_urandom_fallback"' --check-cfg 'cfg(docsrs,test)' --check-cfg 'cfg(feature, values("alloc", "default", "dev_urandom_fallback", "less-safe-getrandom-custom-or-rdrand", "less-safe-getrandom-espidf", "slow_tests", "std", "test_logging", "unstable-testing-arm-no-hw", "unstable-testing-arm-no-neon", "wasm32_unknown_unknown_js"))' -C metadata=23e13e5cf8e99b17 -C extra-filename=-235bd18f91eb78ca --out-dir /home/runner/work/v2ray-rust/v2ray-rust/target/aarch64-linux-android/release/deps --target aarch64-linux-android -C linker=/home/runner/.cargo/bin/cargo-ndk -C strip=symbols -L dependency=/home/runner/work/v2ray-rust/v2ray-rust/target/aarch64-linux-android/release/deps -L dependency=/home/runner/work/v2ray-rust/v2ray-rust/target/release/deps --extern cfg_if=/home/runner/work/v2ray-rust/v2ray-rust/target/aarch64-linux-android/release/deps/libcfg_if-4759f9181b9a8545.rmeta --extern getrandom=/home/runner/work/v2ray-rust/v2ray-rust/target/aarch64-linux-android/release/deps/libgetrandom-841a4f8a6d49a1f7.rmeta --extern libc=/home/runner/work/v2ray-rust/v2ray-rust/target/aarch64-linux-android/release/deps/liblibc-bc16d4b61bc11d13.rmeta --extern untrusted=/home/runner/work/v2ray-rust/v2ray-rust/target/aarch64-linux-android/release/deps/libuntrusted-da2816a5705bfa25.rmeta --cap-lints allow -L native=/home/runner/work/v2ray-rust/v2ray-rust/target/aarch64-linux-android/release/build/ring-b444a92f6cf4c334/out -l static=ring_core_0_17_14_ -l static=ring_core_0_17_14__test`
   Compiling hyper v0.14.28
     Running `/home/runner/.rustup/toolchains/stable-x86_64-unknown-linux-gnu/bin/rustc --crate-name hyper --edition=2018 /home/runner/.cargo/registry/src/index.crates.io-1949cf8c6b5b557f/hyper-0.14.28/src/lib.rs --error-format=json --json=diagnostic-rendered-ansi,artifacts,future-incompat --crate-type lib --emit=dep-info,metadata,link -C opt-level=3 -C linker-plugin-lto -C codegen-units=1 --cfg 'feature="client"' --cfg 'feature="default"' --cfg 'feature="full"' --cfg 'feature="h2"' --cfg 'feature="http1"' --cfg 'feature="http2"' --cfg 'feature="runtime"' --cfg 'feature="server"' --cfg 'feature="socket2"' --cfg 'feature="stream"' --cfg 'feature="tcp"' --check-cfg 'cfg(docsrs,test)' --check-cfg 'cfg(feature, values("__internal_happy_eyeballs_tests", "backports", "client", "default", "deprecated", "ffi", "full", "h2", "http1", "http2", "libc", "nightly", "runtime", "server", "socket2", "stream", "tcp"))' -C metadata=62aed40a44a1e482 -C extra-filename=-c76cc5cb14722a18 --out-dir /home/runner/work/v2ray-rust/v2ray-rust/target/aarch64-linux-android/release/deps --target aarch64-linux-android -C linker=/home/runner/.cargo/bin/cargo-ndk -C strip=symbols -L dependency=/home/runner/work/v2ray-rust/v2ray-rust/target/aarch64-linux-android/release/deps -L dependency=/home/runner/work/v2ray-rust/v2ray-rust/target/release/deps --extern bytes=/home/runner/work/v2ray-rust/v2ray-rust/target/aarch64-linux-android/release/deps/libbytes-5396a74fd9a7037d.rmeta --extern futures_channel=/home/runner/work/v2ray-rust/v2ray-rust/target/aarch64-linux-android/release/deps/libfutures_channel-a3a229537147e84c.rmeta --extern futures_core=/home/runner/work/v2ray-rust/v2ray-rust/target/aarch64-linux-android/release/deps/libfutures_core-4fccbc47ed1904aa.rmeta --extern futures_util=/home/runner/work/v2ray-rust/v2ray-rust/target/aarch64-linux-android/release/deps/libfutures_util-e669b40623ab146e.rmeta --extern h2=/home/runner/work/v2ray-rust/v2ray-rust/target/aarch64-linux-android/release/deps/libh2-27199f6123a64607.rmeta --extern http=/home/runner/work/v2ray-rust/v2ray-rust/target/aarch64-linux-android/release/deps/libhttp-fefc21c58dc69fca.rmeta --extern http_body=/home/runner/work/v2ray-rust/v2ray-rust/target/aarch64-linux-android/release/deps/libhttp_body-4bec4e68e6e28f4a.rmeta --extern httparse=/home/runner/work/v2ray-rust/v2ray-rust/target/aarch64-linux-android/release/deps/libhttparse-aede754903411f73.rmeta --extern httpdate=/home/runner/work/v2ray-rust/v2ray-rust/target/aarch64-linux-android/release/deps/libhttpdate-e12002b4ff5f5fa4.rmeta --extern itoa=/home/runner/work/v2ray-rust/v2ray-rust/target/aarch64-linux-android/release/deps/libitoa-9eba12bc56248f01.rmeta --extern pin_project_lite=/home/runner/work/v2ray-rust/v2ray-rust/target/aarch64-linux-android/release/deps/libpin_project_lite-2e4d95cd2456f886.rmeta --extern socket2=/home/runner/work/v2ray-rust/v2ray-rust/target/aarch64-linux-android/release/deps/libsocket2-223296766230cc43.rmeta --extern tokio=/home/runner/work/v2ray-rust/v2ray-rust/target/aarch64-linux-android/release/deps/libtokio-d261ade94ecabb64.rmeta --extern tower_service=/home/runner/work/v2ray-rust/v2ray-rust/target/aarch64-linux-android/release/deps/libtower_service-fb78cbc4eafaec51.rmeta --extern tracing=/home/runner/work/v2ray-rust/v2ray-rust/target/aarch64-linux-android/release/deps/libtracing-8690e20607fd7ed8.rmeta --extern want=/home/runner/work/v2ray-rust/v2ray-rust/target/aarch64-linux-android/release/deps/libwant-b5f7b37a8d35edca.rmeta --cap-lints allow`
   Compiling anstyle-parse v0.2.3
     Running `/home/runner/.rustup/toolchains/stable-x86_64-unknown-linux-gnu/bin/rustc --crate-name anstyle_parse --edition=2021 /home/runner/.cargo/registry/src/index.crates.io-1949cf8c6b5b557f/anstyle-parse-0.2.3/src/lib.rs --error-format=json --json=diagnostic-rendered-ansi,artifacts,future-incompat --crate-type lib --emit=dep-info,metadata,link -C opt-level=3 -C linker-plugin-lto -C codegen-units=1 --cfg 'feature="default"' --cfg 'feature="utf8"' --check-cfg 'cfg(docsrs,test)' --check-cfg 'cfg(feature, values("core", "default", "utf8"))' -C metadata=ef0306aa8e07f352 -C extra-filename=-4f541bd5dda354d3 --out-dir /home/runner/work/v2ray-rust/v2ray-rust/target/aarch64-linux-android/release/deps --target aarch64-linux-android -C linker=/home/runner/.cargo/bin/cargo-ndk -C strip=symbols -L dependency=/home/runner/work/v2ray-rust/v2ray-rust/target/aarch64-linux-android/release/deps -L dependency=/home/runner/work/v2ray-rust/v2ray-rust/target/release/deps --extern utf8parse=/home/runner/work/v2ray-rust/v2ray-rust/target/aarch64-linux-android/release/deps/libutf8parse-09f4d76a262b0c63.rmeta --cap-lints allow`
     Running `/home/runner/.rustup/toolchains/stable-x86_64-unknown-linux-gnu/bin/rustc --crate-name serde --edition=2018 /home/runner/.cargo/registry/src/index.crates.io-1949cf8c6b5b557f/serde-1.0.193/src/lib.rs --error-format=json --json=diagnostic-rendered-ansi,artifacts,future-incompat --crate-type lib --emit=dep-info,metadata,link -C opt-level=3 -C linker-plugin-lto -C codegen-units=1 --cfg 'feature="default"' --cfg 'feature="derive"' --cfg 'feature="serde_derive"' --cfg 'feature="std"' --check-cfg 'cfg(docsrs,test)' --check-cfg 'cfg(feature, values("alloc", "default", "derive", "rc", "serde_derive", "std", "unstable"))' -C metadata=9925ce32789d7d96 -C extra-filename=-560082b4f222c501 --out-dir /home/runner/work/v2ray-rust/v2ray-rust/target/aarch64-linux-android/release/deps --target aarch64-linux-android -C linker=/home/runner/.cargo/bin/cargo-ndk -C strip=symbols -L dependency=/home/runner/work/v2ray-rust/v2ray-rust/target/aarch64-linux-android/release/deps -L dependency=/home/runner/work/v2ray-rust/v2ray-rust/target/release/deps --extern serde_derive=/home/runner/work/v2ray-rust/v2ray-rust/target/release/deps/libserde_derive-ac5c8c6fabe5ce7d.so --cap-lints allow`
     Running `/home/runner/work/v2ray-rust/v2ray-rust/target/release/build/num-integer-386ab75177d46592/build-script-build`
     Running `/home/runner/work/v2ray-rust/v2ray-rust/target/release/build/proc-macro-error-7bec83751d5a9943/build-script-build`
   Compiling pin-project v1.1.3
     Running `/home/runner/.rustup/toolchains/stable-x86_64-unknown-linux-gnu/bin/rustc --crate-name pin_project --edition=2021 /home/runner/.cargo/registry/src/index.crates.io-1949cf8c6b5b557f/pin-project-1.1.3/src/lib.rs --error-format=json --json=diagnostic-rendered-ansi,artifacts,future-incompat --crate-type lib --emit=dep-info,metadata,link -C opt-level=3 -C linker-plugin-lto -C codegen-units=1 --check-cfg 'cfg(docsrs,test)' --check-cfg 'cfg(feature, values())' -C metadata=af88fba3e6acb7a1 -C extra-filename=-288b452e334ebd1b --out-dir /home/runner/work/v2ray-rust/v2ray-rust/target/aarch64-linux-android/release/deps --target aarch64-linux-android -C linker=/home/runner/.cargo/bin/cargo-ndk -C strip=symbols -L dependency=/home/runner/work/v2ray-rust/v2ray-rust/target/aarch64-linux-android/release/deps -L dependency=/home/runner/work/v2ray-rust/v2ray-rust/target/release/deps --extern pin_project_internal=/home/runner/work/v2ray-rust/v2ray-rust/target/release/deps/libpin_project_internal-efc79f85fb9a0f3d.so --cap-lints allow`
     Running `/home/runner/work/v2ray-rust/v2ray-rust/target/release/build/axum-core-3cc5b623f9bf11a1/build-script-build`
   Compiling protobuf-parse v3.3.0
     Running `/home/runner/.rustup/toolchains/stable-x86_64-unknown-linux-gnu/bin/rustc --crate-name protobuf_parse --edition=2021 /home/runner/.cargo/registry/src/index.crates.io-1949cf8c6b5b557f/protobuf-parse-3.3.0/src/lib.rs --error-format=json --json=diagnostic-rendered-ansi,artifacts,future-incompat --crate-type lib --emit=dep-info,metadata,link -C embed-bitcode=no -C debug-assertions=off --check-cfg 'cfg(docsrs,test)' --check-cfg 'cfg(feature, values())' -C metadata=5e186bbf2f55c8f5 -C extra-filename=-593670a636df91bd --out-dir /home/runner/work/v2ray-rust/v2ray-rust/target/release/deps -C strip=symbols -L dependency=/home/runner/work/v2ray-rust/v2ray-rust/target/release/deps --extern anyhow=/home/runner/work/v2ray-rust/v2ray-rust/target/release/deps/libanyhow-3eaef9d2bd9014ca.rmeta --extern indexmap=/home/runner/work/v2ray-rust/v2ray-rust/target/release/deps/libindexmap-bbc00844df020a98.rmeta --extern log=/home/runner/work/v2ray-rust/v2ray-rust/target/release/deps/liblog-075108d30111ac0f.rmeta --extern protobuf=/home/runner/work/v2ray-rust/v2ray-rust/target/release/deps/libprotobuf-f027eb303ccf04b8.rmeta --extern protobuf_support=/home/runner/work/v2ray-rust/v2ray-rust/target/release/deps/libprotobuf_support-44022d72cbe5e45e.rmeta --extern tempfile=/home/runner/work/v2ray-rust/v2ray-rust/target/release/deps/libtempfile-127dbea23ff6e8f5.rmeta --extern thiserror=/home/runner/work/v2ray-rust/v2ray-rust/target/release/deps/libthiserror-ab90b5db95257033.rmeta --extern which=/home/runner/work/v2ray-rust/v2ray-rust/target/release/deps/libwhich-7336f06a9976d7e5.rmeta --cap-lints allow`
     Running `/home/runner/.rustup/toolchains/stable-x86_64-unknown-linux-gnu/bin/rustc --crate-name proc_macro_error_attr --edition=2018 /home/runner/.cargo/registry/src/index.crates.io-1949cf8c6b5b557f/proc-macro-error-attr-1.0.4/src/lib.rs --error-format=json --json=diagnostic-rendered-ansi,artifacts,future-incompat --crate-type proc-macro --emit=dep-info,link -C prefer-dynamic -C embed-bitcode=no -C debug-assertions=off --check-cfg 'cfg(docsrs,test)' --check-cfg 'cfg(feature, values())' -C metadata=c604266235a1b12c -C extra-filename=-1103efd4f3bacbe3 --out-dir /home/runner/work/v2ray-rust/v2ray-rust/target/release/deps -C strip=symbols -L dependency=/home/runner/work/v2ray-rust/v2ray-rust/target/release/deps --extern proc_macro2=/home/runner/work/v2ray-rust/v2ray-rust/target/release/deps/libproc_macro2-091c85badb332630.rlib --extern quote=/home/runner/work/v2ray-rust/v2ray-rust/target/release/deps/libquote-e167b4859fbe4962.rlib --extern proc_macro --cap-lints allow`
     Running `/home/runner/.rustup/toolchains/stable-x86_64-unknown-linux-gnu/bin/rustc --crate-name num_traits --edition=2018 /home/runner/.cargo/registry/src/index.crates.io-1949cf8c6b5b557f/num-traits-0.2.17/src/lib.rs --error-format=json --json=diagnostic-rendered-ansi,artifacts,future-incompat --crate-type lib --emit=dep-info,metadata,link -C opt-level=3 -C linker-plugin-lto -C codegen-units=1 --cfg 'feature="default"' --cfg 'feature="i128"' --cfg 'feature="std"' --check-cfg 'cfg(docsrs,test)' --check-cfg 'cfg(feature, values("default", "i128", "libm", "std"))' -C metadata=5e73c04425b63f12 -C extra-filename=-73e3c9c7fde05bf7 --out-dir /home/runner/work/v2ray-rust/v2ray-rust/target/aarch64-linux-android/release/deps --target aarch64-linux-android -C linker=/home/runner/.cargo/bin/cargo-ndk -C strip=symbols -L dependency=/home/runner/work/v2ray-rust/v2ray-rust/target/aarch64-linux-android/release/deps -L dependency=/home/runner/work/v2ray-rust/v2ray-rust/target/release/deps --cap-lints allow --cfg has_to_int_unchecked --cfg has_reverse_bits --cfg has_leading_trailing_ones --cfg has_div_euclid --cfg has_copysign --cfg has_is_subnormal --cfg has_int_to_from_bytes --cfg has_float_to_from_bytes`
     Running `/home/runner/.rustup/toolchains/stable-x86_64-unknown-linux-gnu/bin/rustc --crate-name async_trait --edition=2021 /home/runner/.cargo/registry/src/index.crates.io-1949cf8c6b5b557f/async-trait-0.1.75/src/lib.rs --error-format=json --json=diagnostic-rendered-ansi,artifacts,future-incompat --crate-type proc-macro --emit=dep-info,link -C prefer-dynamic -C embed-bitcode=no -C debug-assertions=off --check-cfg 'cfg(docsrs,test)' --check-cfg 'cfg(feature, values())' -C metadata=882dc0a916b20bfc -C extra-filename=-ccf680efd99bb5ef --out-dir /home/runner/work/v2ray-rust/v2ray-rust/target/release/deps -C strip=symbols -L dependency=/home/runner/work/v2ray-rust/v2ray-rust/target/release/deps --extern proc_macro2=/home/runner/work/v2ray-rust/v2ray-rust/target/release/deps/libproc_macro2-091c85badb332630.rlib --extern quote=/home/runner/work/v2ray-rust/v2ray-rust/target/release/deps/libquote-e167b4859fbe4962.rlib --extern syn=/home/runner/work/v2ray-rust/v2ray-rust/target/release/deps/libsyn-cec8b9261c989107.rlib --extern proc_macro --cap-lints allow --cfg native_async_fn_in_trait`
   Compiling form_urlencoded v1.2.1
     Running `/home/runner/.rustup/toolchains/stable-x86_64-unknown-linux-gnu/bin/rustc --crate-name form_urlencoded --edition=2018 /home/runner/.cargo/registry/src/index.crates.io-1949cf8c6b5b557f/form_urlencoded-1.2.1/src/lib.rs --error-format=json --json=diagnostic-rendered-ansi,artifacts,future-incompat --crate-type lib --emit=dep-info,metadata,link -C opt-level=3 -C linker-plugin-lto -C codegen-units=1 --cfg 'feature="alloc"' --cfg 'feature="default"' --cfg 'feature="std"' --check-cfg 'cfg(docsrs,test)' --check-cfg 'cfg(feature, values("alloc", "default", "std"))' -C metadata=de8d371a37971295 -C extra-filename=-64f384ebc42b6e71 --out-dir /home/runner/work/v2ray-rust/v2ray-rust/target/aarch64-linux-android/release/deps --target aarch64-linux-android -C linker=/home/runner/.cargo/bin/cargo-ndk -C strip=symbols -L dependency=/home/runner/work/v2ray-rust/v2ray-rust/target/aarch64-linux-android/release/deps -L dependency=/home/runner/work/v2ray-rust/v2ray-rust/target/release/deps --extern percent_encoding=/home/runner/work/v2ray-rust/v2ray-rust/target/aarch64-linux-android/release/deps/libpercent_encoding-21af6e8949d635f6.rmeta --cap-lints allow`
   Compiling axum v0.6.20
     Running `/home/runner/.rustup/toolchains/stable-x86_64-unknown-linux-gnu/bin/rustc --crate-name build_script_build --edition=2021 /home/runner/.cargo/registry/src/index.crates.io-1949cf8c6b5b557f/axum-0.6.20/build.rs --error-format=json --json=diagnostic-rendered-ansi,artifacts,future-incompat --crate-type bin --emit=dep-info,link -C embed-bitcode=no -C debug-assertions=off --check-cfg 'cfg(docsrs,test)' --check-cfg 'cfg(feature, values("__private_docs", "default", "form", "headers", "http1", "http2", "json", "macros", "matched-path", "multipart", "original-uri", "query", "tokio", "tower-log", "tracing", "ws"))' -C metadata=3438b5034be705ec -C extra-filename=-7ed3feed6441bdf3 --out-dir /home/runner/work/v2ray-rust/v2ray-rust/target/release/build/axum-7ed3feed6441bdf3 -C strip=symbols -L dependency=/home/runner/work/v2ray-rust/v2ray-rust/target/release/deps --extern rustversion=/home/runner/work/v2ray-rust/v2ray-rust/target/release/deps/librustversion-748bca696414497a.so --cap-lints allow`
   Compiling itertools v0.10.5
     Running `/home/runner/.rustup/toolchains/stable-x86_64-unknown-linux-gnu/bin/rustc --crate-name itertools --edition=2018 /home/runner/.cargo/registry/src/index.crates.io-1949cf8c6b5b557f/itertools-0.10.5/src/lib.rs --error-format=json --json=diagnostic-rendered-ansi,artifacts,future-incompat --crate-type lib --emit=dep-info,metadata,link -C embed-bitcode=no -C debug-assertions=off --cfg 'feature="use_alloc"' --check-cfg 'cfg(docsrs,test)' --check-cfg 'cfg(feature, values("default", "use_alloc", "use_std"))' -C metadata=0686b922b9c6ada0 -C extra-filename=-135edb4c23348baa --out-dir /home/runner/work/v2ray-rust/v2ray-rust/target/release/deps -C strip=symbols -L dependency=/home/runner/work/v2ray-rust/v2ray-rust/target/release/deps --extern either=/home/runner/work/v2ray-rust/v2ray-rust/target/release/deps/libeither-008db5e8cfd14461.rmeta --cap-lints allow`
   Compiling errno v0.3.8
     Running `/home/runner/.rustup/toolchains/stable-x86_64-unknown-linux-gnu/bin/rustc --crate-name errno --edition=2018 /home/runner/.cargo/registry/src/index.crates.io-1949cf8c6b5b557f/errno-0.3.8/src/lib.rs --error-format=json --json=diagnostic-rendered-ansi,artifacts,future-incompat --crate-type lib --emit=dep-info,metadata,link -C opt-level=3 -C linker-plugin-lto -C codegen-units=1 --cfg 'feature="std"' --check-cfg 'cfg(docsrs,test)' --check-cfg 'cfg(feature, values("default", "std"))' -C metadata=d9040a9e250b8f59 -C extra-filename=-dda568399b9deb08 --out-dir /home/runner/work/v2ray-rust/v2ray-rust/target/aarch64-linux-android/release/deps --target aarch64-linux-android -C linker=/home/runner/.cargo/bin/cargo-ndk -C strip=symbols -L dependency=/home/runner/work/v2ray-rust/v2ray-rust/target/aarch64-linux-android/release/deps -L dependency=/home/runner/work/v2ray-rust/v2ray-rust/target/release/deps --extern libc=/home/runner/work/v2ray-rust/v2ray-rust/target/aarch64-linux-android/release/deps/liblibc-bc16d4b61bc11d13.rmeta --cap-lints allow`
   Compiling num-bigint v0.4.4
     Running `/home/runner/.rustup/toolchains/stable-x86_64-unknown-linux-gnu/bin/rustc --crate-name build_script_build --edition=2018 /home/runner/.cargo/registry/src/index.crates.io-1949cf8c6b5b557f/num-bigint-0.4.4/build.rs --error-format=json --json=diagnostic-rendered-ansi,artifacts,future-incompat --crate-type bin --emit=dep-info,link -C embed-bitcode=no -C debug-assertions=off --cfg 'feature="default"' --cfg 'feature="std"' --check-cfg 'cfg(docsrs,test)' --check-cfg 'cfg(feature, values("arbitrary", "default", "quickcheck", "rand", "serde", "std"))' -C metadata=0e8ff21c2de44624 -C extra-filename=-cfde8c67ba78b8fc --out-dir /home/runner/work/v2ray-rust/v2ray-rust/target/release/build/num-bigint-cfde8c67ba78b8fc -C strip=symbols -L dependency=/home/runner/work/v2ray-rust/v2ray-rust/target/release/deps --extern autocfg=/home/runner/work/v2ray-rust/v2ray-rust/target/release/deps/libautocfg-af8a9bd2cfba7a09.rlib --cap-lints allow`
   Compiling colorchoice v1.0.0
     Running `/home/runner/.rustup/toolchains/stable-x86_64-unknown-linux-gnu/bin/rustc --crate-name colorchoice --edition=2021 /home/runner/.cargo/registry/src/index.crates.io-1949cf8c6b5b557f/colorchoice-1.0.0/src/lib.rs --error-format=json --json=diagnostic-rendered-ansi,artifacts,future-incompat --crate-type lib --emit=dep-info,metadata,link -C opt-level=3 -C linker-plugin-lto -C codegen-units=1 --check-cfg 'cfg(docsrs,test)' --check-cfg 'cfg(feature, values())' -C metadata=ba97ca8ac5397182 -C extra-filename=-3dd2a226e1985647 --out-dir /home/runner/work/v2ray-rust/v2ray-rust/target/aarch64-linux-android/release/deps --target aarch64-linux-android -C linker=/home/runner/.cargo/bin/cargo-ndk -C strip=symbols -L dependency=/home/runner/work/v2ray-rust/v2ray-rust/target/aarch64-linux-android/release/deps -L dependency=/home/runner/work/v2ray-rust/v2ray-rust/target/release/deps --cap-lints allow`
   Compiling rustls v0.23.31
     Running `/home/runner/.rustup/toolchains/stable-x86_64-unknown-linux-gnu/bin/rustc --crate-name build_script_build --edition=2021 /home/runner/.cargo/registry/src/index.crates.io-1949cf8c6b5b557f/rustls-0.23.31/build.rs --error-format=json --json=diagnostic-rendered-ansi,artifacts,future-incompat --crate-type bin --emit=dep-info,link -C embed-bitcode=no --warn=unexpected_cfgs --check-cfg 'cfg(bench)' --check-cfg 'cfg(coverage_nightly)' --check-cfg 'cfg(read_buf)' -C debug-assertions=off --cfg 'feature="ring"' --cfg 'feature="std"' --cfg 'feature="tls12"' --check-cfg 'cfg(docsrs,test)' --check-cfg 'cfg(feature, values("aws-lc-rs", "aws_lc_rs", "brotli", "custom-provider", "default", "fips", "hashbrown", "log", "logging", "prefer-post-quantum", "read_buf", "ring", "rustversion", "std", "tls12", "zlib"))' -C metadata=4a1c89908ef857ce -C extra-filename=-8248cbdd7c57603b --out-dir /home/runner/work/v2ray-rust/v2ray-rust/target/release/build/rustls-8248cbdd7c57603b -C strip=symbols -L dependency=/home/runner/work/v2ray-rust/v2ray-rust/target/release/deps --cap-lints allow`
   Compiling anstyle v1.0.4
     Running `/home/runner/.rustup/toolchains/stable-x86_64-unknown-linux-gnu/bin/rustc --crate-name anstyle --edition=2021 /home/runner/.cargo/registry/src/index.crates.io-1949cf8c6b5b557f/anstyle-1.0.4/src/lib.rs --error-format=json --json=diagnostic-rendered-ansi,artifacts,future-incompat --crate-type lib --emit=dep-info,metadata,link -C opt-level=3 -C linker-plugin-lto -C codegen-units=1 --cfg 'feature="default"' --cfg 'feature="std"' --check-cfg 'cfg(docsrs,test)' --check-cfg 'cfg(feature, values("default", "std"))' -C metadata=b9625105b12f9053 -C extra-filename=-87aad2e9b85a12e3 --out-dir /home/runner/work/v2ray-rust/v2ray-rust/target/aarch64-linux-android/release/deps --target aarch64-linux-android -C linker=/home/runner/.cargo/bin/cargo-ndk -C strip=symbols -L dependency=/home/runner/work/v2ray-rust/v2ray-rust/target/aarch64-linux-android/release/deps -L dependency=/home/runner/work/v2ray-rust/v2ray-rust/target/release/deps --cap-lints allow`
   Compiling anstyle-query v1.0.2
     Running `/home/runner/.rustup/toolchains/stable-x86_64-unknown-linux-gnu/bin/rustc --crate-name anstyle_query --edition=2021 /home/runner/.cargo/registry/src/index.crates.io-1949cf8c6b5b557f/anstyle-query-1.0.2/src/lib.rs --error-format=json --json=diagnostic-rendered-ansi,artifacts,future-incompat --crate-type lib --emit=dep-info,metadata,link -C opt-level=3 -C linker-plugin-lto -C codegen-units=1 --check-cfg 'cfg(docsrs,test)' --check-cfg 'cfg(feature, values())' -C metadata=0edb2bbaa5027298 -C extra-filename=-857190cd43d2e206 --out-dir /home/runner/work/v2ray-rust/v2ray-rust/target/aarch64-linux-android/release/deps --target aarch64-linux-android -C linker=/home/runner/.cargo/bin/cargo-ndk -C strip=symbols -L dependency=/home/runner/work/v2ray-rust/v2ray-rust/target/aarch64-linux-android/release/deps -L dependency=/home/runner/work/v2ray-rust/v2ray-rust/target/release/deps --cap-lints allow`
   Compiling mime v0.3.17
     Running `/home/runner/.rustup/toolchains/stable-x86_64-unknown-linux-gnu/bin/rustc --crate-name mime --edition=2015 /home/runner/.cargo/registry/src/index.crates.io-1949cf8c6b5b557f/mime-0.3.17/src/lib.rs --error-format=json --json=diagnostic-rendered-ansi,artifacts,future-incompat --crate-type lib --emit=dep-info,metadata,link -C opt-level=3 -C linker-plugin-lto -C codegen-units=1 --check-cfg 'cfg(docsrs,test)' --check-cfg 'cfg(feature, values())' -C metadata=4c6a641518323dec -C extra-filename=-b32c3cf5b700a003 --out-dir /home/runner/work/v2ray-rust/v2ray-rust/target/aarch64-linux-android/release/deps --target aarch64-linux-android -C linker=/home/runner/.cargo/bin/cargo-ndk -C strip=symbols -L dependency=/home/runner/work/v2ray-rust/v2ray-rust/target/aarch64-linux-android/release/deps -L dependency=/home/runner/work/v2ray-rust/v2ray-rust/target/release/deps --cap-lints allow`
   Compiling unicode-segmentation v1.10.1
   Compiling alloc-no-stdlib v2.0.4
     Running `/home/runner/.rustup/toolchains/stable-x86_64-unknown-linux-gnu/bin/rustc --crate-name unicode_segmentation --edition=2018 /home/runner/.cargo/registry/src/index.crates.io-1949cf8c6b5b557f/unicode-segmentation-1.10.1/src/lib.rs --error-format=json --json=diagnostic-rendered-ansi,artifacts,future-incompat --crate-type lib --emit=dep-info,metadata,link -C embed-bitcode=no -C debug-assertions=off --check-cfg 'cfg(docsrs,test)' --check-cfg 'cfg(feature, values("no_std"))' -C metadata=3a75356b23648fd7 -C extra-filename=-b26b5671242da84b --out-dir /home/runner/work/v2ray-rust/v2ray-rust/target/release/deps -C strip=symbols -L dependency=/home/runner/work/v2ray-rust/v2ray-rust/target/release/deps --cap-lints allow`
     Running `/home/runner/.rustup/toolchains/stable-x86_64-unknown-linux-gnu/bin/rustc --crate-name alloc_no_stdlib --edition=2015 /home/runner/.cargo/registry/src/index.crates.io-1949cf8c6b5b557f/alloc-no-stdlib-2.0.4/src/lib.rs --error-format=json --json=diagnostic-rendered-ansi,artifacts,future-incompat --crate-type lib --emit=dep-info,metadata,link -C opt-level=3 -C linker-plugin-lto -C codegen-units=1 --check-cfg 'cfg(docsrs,test)' --check-cfg 'cfg(feature, values("unsafe"))' -C metadata=b08360b8f23b1cb6 -C extra-filename=-9e8c96be6e74aeb4 --out-dir /home/runner/work/v2ray-rust/v2ray-rust/target/aarch64-linux-android/release/deps --target aarch64-linux-android -C linker=/home/runner/.cargo/bin/cargo-ndk -C strip=symbols -L dependency=/home/runner/work/v2ray-rust/v2ray-rust/target/aarch64-linux-android/release/deps -L dependency=/home/runner/work/v2ray-rust/v2ray-rust/target/release/deps --cap-lints allow`
     Running `/home/runner/.rustup/toolchains/stable-x86_64-unknown-linux-gnu/bin/rustc --crate-name linux_raw_sys --edition=2021 /home/runner/.cargo/registry/src/index.crates.io-1949cf8c6b5b557f/linux-raw-sys-0.4.12/src/lib.rs --error-format=json --json=diagnostic-rendered-ansi,artifacts,future-incompat --crate-type lib --emit=dep-info,metadata,link -C opt-level=3 -C linker-plugin-lto -C codegen-units=1 --cfg 'feature="general"' --cfg 'feature="ioctl"' --cfg 'feature="no_std"' --check-cfg 'cfg(docsrs,test)' --check-cfg 'cfg(feature, values("compiler_builtins", "core", "default", "elf", "errno", "general", "if_ether", "io_uring", "ioctl", "mempolicy", "net", "netlink", "no_std", "prctl", "rustc-dep-of-std", "std", "system", "xdp"))' -C metadata=e53eb5314dc6ad1b -C extra-filename=-6d1ea6c3b7a41e98 --out-dir /home/runner/work/v2ray-rust/v2ray-rust/target/aarch64-linux-android/release/deps --target aarch64-linux-android -C linker=/home/runner/.cargo/bin/cargo-ndk -C strip=symbols -L dependency=/home/runner/work/v2ray-rust/v2ray-rust/target/aarch64-linux-android/release/deps -L dependency=/home/runner/work/v2ray-rust/v2ray-rust/target/release/deps --cap-lints allow`
     Running `/home/runner/.rustup/toolchains/stable-x86_64-unknown-linux-gnu/bin/rustc --crate-name bitflags --edition=2021 /home/runner/.cargo/registry/src/index.crates.io-1949cf8c6b5b557f/bitflags-2.13.2/src/lib.rs --error-format=json --json=diagnostic-rendered-ansi,artifacts,future-incompat --crate-type lib --emit=dep-info,metadata,link -C opt-level=3 -C linker-plugin-lto -C codegen-units=1 --cfg 'feature="std"' --check-cfg 'cfg(docsrs,test)' --check-cfg 'cfg(feature, values("arbitrary", "bytemuck", "example_generated", "serde", "serde_core", "std"))' -C metadata=7b107ffef49ece66 -C extra-filename=-da17dba0baf2a3ae --out-dir /home/runner/work/v2ray-rust/v2ray-rust/target/aarch64-linux-android/release/deps --target aarch64-linux-android -C linker=/home/runner/.cargo/bin/cargo-ndk -C strip=symbols -L dependency=/home/runner/work/v2ray-rust/v2ray-rust/target/aarch64-linux-android/release/deps -L dependency=/home/runner/work/v2ray-rust/v2ray-rust/target/release/deps --cap-lints allow`
   Compiling radium v0.7.0
     Running `/home/runner/.rustup/toolchains/stable-x86_64-unknown-linux-gnu/bin/rustc --crate-name build_script_build --edition=2018 /home/runner/.cargo/registry/src/index.crates.io-1949cf8c6b5b557f/radium-0.7.0/build.rs --error-format=json --json=diagnostic-rendered-ansi,artifacts,future-incompat --crate-type bin --emit=dep-info,link -C embed-bitcode=no -C debug-assertions=off --check-cfg 'cfg(docsrs,test)' --check-cfg 'cfg(feature, values())' -C metadata=e029392a85cc0728 -C extra-filename=-81138f1e22bb882f --out-dir /home/runner/work/v2ray-rust/v2ray-rust/target/release/build/radium-81138f1e22bb882f -C strip=symbols -L dependency=/home/runner/work/v2ray-rust/v2ray-rust/target/release/deps --cap-lints allow`
     Running `/home/runner/.rustup/toolchains/stable-x86_64-unknown-linux-gnu/bin/rustc --crate-name rustix --edition=2021 /home/runner/.cargo/registry/src/index.crates.io-1949cf8c6b5b557f/rustix-0.38.28/src/lib.rs --error-format=json --json=diagnostic-rendered-ansi,artifacts,future-incompat --crate-type lib --emit=dep-info,metadata,link -C opt-level=3 -C linker-plugin-lto -C codegen-units=1 --cfg 'feature="alloc"' --cfg 'feature="default"' --cfg 'feature="std"' --cfg 'feature="termios"' --cfg 'feature="use-libc-auxv"' --check-cfg 'cfg(docsrs,test)' --check-cfg 'cfg(feature, values("all-apis", "alloc", "cc", "default", "event", "fs", "io_uring", "itoa", "libc", "libc_errno", "linux_4_11", "linux_latest", "mm", "mount", "net", "once_cell", "param", "pipe", "process", "procfs", "pty", "rand", "runtime", "rustc-dep-of-std", "shm", "std", "stdio", "system", "termios", "thread", "time", "use-explicitly-provided-auxv", "use-libc", "use-libc-auxv"))' -C metadata=a7bc604745e66d49 -C extra-filename=-b2332f707e8a8280 --out-dir /home/runner/work/v2ray-rust/v2ray-rust/target/aarch64-linux-android/release/deps --target aarch64-linux-android -C linker=/home/runner/.cargo/bin/cargo-ndk -C strip=symbols -L dependency=/home/runner/work/v2ray-rust/v2ray-rust/target/aarch64-linux-android/release/deps -L dependency=/home/runner/work/v2ray-rust/v2ray-rust/target/release/deps --extern bitflags=/home/runner/work/v2ray-rust/v2ray-rust/target/aarch64-linux-android/release/deps/libbitflags-da17dba0baf2a3ae.rmeta --extern libc_errno=/home/runner/work/v2ray-rust/v2ray-rust/target/aarch64-linux-android/release/deps/liberrno-dda568399b9deb08.rmeta --extern libc=/home/runner/work/v2ray-rust/v2ray-rust/target/aarch64-linux-android/release/deps/liblibc-bc16d4b61bc11d13.rmeta --extern linux_raw_sys=/home/runner/work/v2ray-rust/v2ray-rust/target/aarch64-linux-android/release/deps/liblinux_raw_sys-6d1ea6c3b7a41e98.rmeta --cap-lints allow --cfg static_assertions --cfg libc --cfg linux_like --cfg linux_kernel`
     Running `/home/runner/work/v2ray-rust/v2ray-rust/target/release/build/radium-81138f1e22bb882f/build-script-build`
   Compiling heck v0.3.3
     Running `/home/runner/.rustup/toolchains/stable-x86_64-unknown-linux-gnu/bin/rustc --crate-name heck --edition=2018 /home/runner/.cargo/registry/src/index.crates.io-1949cf8c6b5b557f/heck-0.3.3/src/lib.rs --error-format=json --json=diagnostic-rendered-ansi,artifacts,future-incompat --crate-type lib --emit=dep-info,metadata,link -C embed-bitcode=no -C debug-assertions=off --check-cfg 'cfg(docsrs,test)' --check-cfg 'cfg(feature, values())' -C metadata=7155eff47074ebda -C extra-filename=-b27b538121409101 --out-dir /home/runner/work/v2ray-rust/v2ray-rust/target/release/deps -C strip=symbols -L dependency=/home/runner/work/v2ray-rust/v2ray-rust/target/release/deps --extern unicode_segmentation=/home/runner/work/v2ray-rust/v2ray-rust/target/release/deps/libunicode_segmentation-b26b5671242da84b.rmeta --cap-lints allow`
     Running `/home/runner/.rustup/toolchains/stable-x86_64-unknown-linux-gnu/bin/rustc --crate-name axum_core --edition=2021 /home/runner/.cargo/registry/src/index.crates.io-1949cf8c6b5b557f/axum-core-0.3.4/src/lib.rs --error-format=json --json=diagnostic-rendered-ansi,artifacts,future-incompat --crate-type lib --emit=dep-info,metadata,link -C opt-level=3 -C linker-plugin-lto -C codegen-units=1 --check-cfg 'cfg(docsrs,test)' --check-cfg 'cfg(feature, values("__private_docs", "tracing"))' -C metadata=8f8b272773b27566 -C extra-filename=-d96180d40613c639 --out-dir /home/runner/work/v2ray-rust/v2ray-rust/target/aarch64-linux-android/release/deps --target aarch64-linux-android -C linker=/home/runner/.cargo/bin/cargo-ndk -C strip=symbols -L dependency=/home/runner/work/v2ray-rust/v2ray-rust/target/aarch64-linux-android/release/deps -L dependency=/home/runner/work/v2ray-rust/v2ray-rust/target/release/deps --extern async_trait=/home/runner/work/v2ray-rust/v2ray-rust/target/release/deps/libasync_trait-ccf680efd99bb5ef.so --extern bytes=/home/runner/work/v2ray-rust/v2ray-rust/target/aarch64-linux-android/release/deps/libbytes-5396a74fd9a7037d.rmeta --extern futures_util=/home/runner/work/v2ray-rust/v2ray-rust/target/aarch64-linux-android/release/deps/libfutures_util-e669b40623ab146e.rmeta --extern http=/home/runner/work/v2ray-rust/v2ray-rust/target/aarch64-linux-android/release/deps/libhttp-fefc21c58dc69fca.rmeta --extern http_body=/home/runner/work/v2ray-rust/v2ray-rust/target/aarch64-linux-android/release/deps/libhttp_body-4bec4e68e6e28f4a.rmeta --extern mime=/home/runner/work/v2ray-rust/v2ray-rust/target/aarch64-linux-android/release/deps/libmime-b32c3cf5b700a003.rmeta --extern tower_layer=/home/runner/work/v2ray-rust/v2ray-rust/target/aarch64-linux-android/release/deps/libtower_layer-d83f0e5e0811e26e.rmeta --extern tower_service=/home/runner/work/v2ray-rust/v2ray-rust/target/aarch64-linux-android/release/deps/libtower_service-fb78cbc4eafaec51.rmeta --cap-lints allow`
   Compiling alloc-stdlib v0.2.2
     Running `/home/runner/.rustup/toolchains/stable-x86_64-unknown-linux-gnu/bin/rustc --crate-name alloc_stdlib --edition=2015 /home/runner/.cargo/registry/src/index.crates.io-1949cf8c6b5b557f/alloc-stdlib-0.2.2/src/lib.rs --error-format=json --json=diagnostic-rendered-ansi,artifacts,future-incompat --crate-type lib --emit=dep-info,metadata,link -C opt-level=3 -C linker-plugin-lto -C codegen-units=1 --check-cfg 'cfg(docsrs,test)' --check-cfg 'cfg(feature, values("unsafe"))' -C metadata=e757bcb2e7ae00dd -C extra-filename=-c711342a7dd3d1ca --out-dir /home/runner/work/v2ray-rust/v2ray-rust/target/aarch64-linux-android/release/deps --target aarch64-linux-android -C linker=/home/runner/.cargo/bin/cargo-ndk -C strip=symbols -L dependency=/home/runner/work/v2ray-rust/v2ray-rust/target/aarch64-linux-android/release/deps -L dependency=/home/runner/work/v2ray-rust/v2ray-rust/target/release/deps --extern alloc_no_stdlib=/home/runner/work/v2ray-rust/v2ray-rust/target/aarch64-linux-android/release/deps/liballoc_no_stdlib-9e8c96be6e74aeb4.rmeta --cap-lints allow`
   Compiling prost-derive v0.11.9
     Running `/home/runner/.rustup/toolchains/stable-x86_64-unknown-linux-gnu/bin/rustc --crate-name prost_derive --edition=2021 /home/runner/.cargo/registry/src/index.crates.io-1949cf8c6b5b557f/prost-derive-0.11.9/src/lib.rs --error-format=json --json=diagnostic-rendered-ansi,artifacts,future-incompat --crate-type proc-macro --emit=dep-info,link -C prefer-dynamic -C embed-bitcode=no -C debug-assertions=off --check-cfg 'cfg(docsrs,test)' --check-cfg 'cfg(feature, values())' -C metadata=18e399b5b547bcc2 -C extra-filename=-8e27970e819e85a8 --out-dir /home/runner/work/v2ray-rust/v2ray-rust/target/release/deps -C strip=symbols -L dependency=/home/runner/work/v2ray-rust/v2ray-rust/target/release/deps --extern anyhow=/home/runner/work/v2ray-rust/v2ray-rust/target/release/deps/libanyhow-3eaef9d2bd9014ca.rlib --extern itertools=/home/runner/work/v2ray-rust/v2ray-rust/target/release/deps/libitertools-135edb4c23348baa.rlib --extern proc_macro2=/home/runner/work/v2ray-rust/v2ray-rust/target/release/deps/libproc_macro2-091c85badb332630.rlib --extern quote=/home/runner/work/v2ray-rust/v2ray-rust/target/release/deps/libquote-e167b4859fbe4962.rlib --extern syn=/home/runner/work/v2ray-rust/v2ray-rust/target/release/deps/libsyn-1d0024537a82f46d.rlib --extern proc_macro --cap-lints allow`
   Compiling anstream v0.6.5
     Running `/home/runner/.rustup/toolchains/stable-x86_64-unknown-linux-gnu/bin/rustc --crate-name anstream --edition=2021 /home/runner/.cargo/registry/src/index.crates.io-1949cf8c6b5b557f/anstream-0.6.5/src/lib.rs --error-format=json --json=diagnostic-rendered-ansi,artifacts,future-incompat --crate-type lib --emit=dep-info,metadata,link -C opt-level=3 -C linker-plugin-lto -C codegen-units=1 --cfg 'feature="auto"' --cfg 'feature="default"' --cfg 'feature="wincon"' --check-cfg 'cfg(docsrs,test)' --check-cfg 'cfg(feature, values("auto", "default", "test", "wincon"))' -C metadata=b6770b83ed42b4c4 -C extra-filename=-7f1b44c10b517bd2 --out-dir /home/runner/work/v2ray-rust/v2ray-rust/target/aarch64-linux-android/release/deps --target aarch64-linux-android -C linker=/home/runner/.cargo/bin/cargo-ndk -C strip=symbols -L dependency=/home/runner/work/v2ray-rust/v2ray-rust/target/aarch64-linux-android/release/deps -L dependency=/home/runner/work/v2ray-rust/v2ray-rust/target/release/deps --extern anstyle=/home/runner/work/v2ray-rust/v2ray-rust/target/aarch64-linux-android/release/deps/libanstyle-87aad2e9b85a12e3.rmeta --extern anstyle_parse=/home/runner/work/v2ray-rust/v2ray-rust/target/aarch64-linux-android/release/deps/libanstyle_parse-4f541bd5dda354d3.rmeta --extern anstyle_query=/home/runner/work/v2ray-rust/v2ray-rust/target/aarch64-linux-android/release/deps/libanstyle_query-857190cd43d2e206.rmeta --extern colorchoice=/home/runner/work/v2ray-rust/v2ray-rust/target/aarch64-linux-android/release/deps/libcolorchoice-3dd2a226e1985647.rmeta --extern utf8parse=/home/runner/work/v2ray-rust/v2ray-rust/target/aarch64-linux-android/release/deps/libutf8parse-09f4d76a262b0c63.rmeta --cap-lints allow`
     Running `/home/runner/work/v2ray-rust/v2ray-rust/target/release/build/rustls-8248cbdd7c57603b/build-script-build`
     Running `/home/runner/work/v2ray-rust/v2ray-rust/target/release/build/num-bigint-cfde8c67ba78b8fc/build-script-build`
     Running `/home/runner/work/v2ray-rust/v2ray-rust/target/release/build/axum-7ed3feed6441bdf3/build-script-build`
   Compiling url v2.5.0
     Running `/home/runner/.rustup/toolchains/stable-x86_64-unknown-linux-gnu/bin/rustc --crate-name url --edition=2018 /home/runner/.cargo/registry/src/index.crates.io-1949cf8c6b5b557f/url-2.5.0/src/lib.rs --error-format=json --json=diagnostic-rendered-ansi,artifacts,future-incompat --crate-type lib --emit=dep-info,metadata,link -C opt-level=3 -C linker-plugin-lto -C codegen-units=1 --cfg 'feature="default"' --check-cfg 'cfg(docsrs,test)' --check-cfg 'cfg(feature, values("debugger_visualizer", "default", "expose_internals", "serde"))' -C metadata=f6524b0ad9410c1f -C extra-filename=-08623747101043bf --out-dir /home/runner/work/v2ray-rust/v2ray-rust/target/aarch64-linux-android/release/deps --target aarch64-linux-android -C linker=/home/runner/.cargo/bin/cargo-ndk -C strip=symbols -L dependency=/home/runner/work/v2ray-rust/v2ray-rust/target/aarch64-linux-android/release/deps -L dependency=/home/runner/work/v2ray-rust/v2ray-rust/target/release/deps --extern form_urlencoded=/home/runner/work/v2ray-rust/v2ray-rust/target/aarch64-linux-android/release/deps/libform_urlencoded-64f384ebc42b6e71.rmeta --extern idna=/home/runner/work/v2ray-rust/v2ray-rust/target/aarch64-linux-android/release/deps/libidna-61d32b196369fa08.rmeta --extern percent_encoding=/home/runner/work/v2ray-rust/v2ray-rust/target/aarch64-linux-android/release/deps/libpercent_encoding-21af6e8949d635f6.rmeta --cap-lints allow`
     Running `/home/runner/.rustup/toolchains/stable-x86_64-unknown-linux-gnu/bin/rustc --crate-name num_integer --edition=2015 /home/runner/.cargo/registry/src/index.crates.io-1949cf8c6b5b557f/num-integer-0.1.45/src/lib.rs --error-format=json --json=diagnostic-rendered-ansi,artifacts,future-incompat --crate-type lib --emit=dep-info,metadata,link -C opt-level=3 -C linker-plugin-lto -C codegen-units=1 --cfg 'feature="i128"' --cfg 'feature="std"' --check-cfg 'cfg(docsrs,test)' --check-cfg 'cfg(feature, values("default", "i128", "std"))' -C metadata=cf81eea80e7f6dce -C extra-filename=-508e61f0b09b0980 --out-dir /home/runner/work/v2ray-rust/v2ray-rust/target/aarch64-linux-android/release/deps --target aarch64-linux-android -C linker=/home/runner/.cargo/bin/cargo-ndk -C strip=symbols -L dependency=/home/runner/work/v2ray-rust/v2ray-rust/target/aarch64-linux-android/release/deps -L dependency=/home/runner/work/v2ray-rust/v2ray-rust/target/release/deps --extern num_traits=/home/runner/work/v2ray-rust/v2ray-rust/target/aarch64-linux-android/release/deps/libnum_traits-73e3c9c7fde05bf7.rmeta --cap-lints allow --cfg has_i128`
     Running `/home/runner/.rustup/toolchains/stable-x86_64-unknown-linux-gnu/bin/rustc --crate-name proc_macro_error --edition=2018 /home/runner/.cargo/registry/src/index.crates.io-1949cf8c6b5b557f/proc-macro-error-1.0.4/src/lib.rs --error-format=json --json=diagnostic-rendered-ansi,artifacts,future-incompat --crate-type lib --emit=dep-info,metadata,link -C embed-bitcode=no -C debug-assertions=off --cfg 'feature="default"' --cfg 'feature="syn"' --cfg 'feature="syn-error"' --check-cfg 'cfg(docsrs,test)' --check-cfg 'cfg(feature, values("default", "syn", "syn-error"))' -C metadata=5f34cde8cec0bba6 -C extra-filename=-cdcb77c2aeede696 --out-dir /home/runner/work/v2ray-rust/v2ray-rust/target/release/deps -C strip=symbols -L dependency=/home/runner/work/v2ray-rust/v2ray-rust/target/release/deps --extern proc_macro_error_attr=/home/runner/work/v2ray-rust/v2ray-rust/target/release/deps/libproc_macro_error_attr-1103efd4f3bacbe3.so --extern proc_macro2=/home/runner/work/v2ray-rust/v2ray-rust/target/release/deps/libproc_macro2-091c85badb332630.rmeta --extern quote=/home/runner/work/v2ray-rust/v2ray-rust/target/release/deps/libquote-e167b4859fbe4962.rmeta --extern syn=/home/runner/work/v2ray-rust/v2ray-rust/target/release/deps/libsyn-1d0024537a82f46d.rmeta --cap-lints allow --cfg use_fallback`
   Compiling protobuf-codegen v3.3.0
     Running `/home/runner/.rustup/toolchains/stable-x86_64-unknown-linux-gnu/bin/rustc --crate-name protobuf_codegen --edition=2021 /home/runner/.cargo/registry/src/index.crates.io-1949cf8c6b5b557f/protobuf-codegen-3.3.0/src/lib.rs --error-format=json --json=diagnostic-rendered-ansi,artifacts,future-incompat --crate-type lib --emit=dep-info,metadata,link -C embed-bitcode=no -C debug-assertions=off --check-cfg 'cfg(docsrs,test)' --check-cfg 'cfg(feature, values())' -C metadata=ab85e0553b06ac3a -C extra-filename=-cb3e073462117cea --out-dir /home/runner/work/v2ray-rust/v2ray-rust/target/release/deps -C strip=symbols -L dependency=/home/runner/work/v2ray-rust/v2ray-rust/target/release/deps --extern anyhow=/home/runner/work/v2ray-rust/v2ray-rust/target/release/deps/libanyhow-3eaef9d2bd9014ca.rmeta --extern once_cell=/home/runner/work/v2ray-rust/v2ray-rust/target/release/deps/libonce_cell-b9179d7fd484c947.rmeta --extern protobuf=/home/runner/work/v2ray-rust/v2ray-rust/target/release/deps/libprotobuf-f027eb303ccf04b8.rmeta --extern protobuf_parse=/home/runner/work/v2ray-rust/v2ray-rust/target/release/deps/libprotobuf_parse-593670a636df91bd.rmeta --extern regex=/home/runner/work/v2ray-rust/v2ray-rust/target/release/deps/libregex-5953b9a97db9e969.rmeta --extern tempfile=/home/runner/work/v2ray-rust/v2ray-rust/target/release/deps/libtempfile-127dbea23ff6e8f5.rmeta --extern thiserror=/home/runner/work/v2ray-rust/v2ray-rust/target/release/deps/libthiserror-ab90b5db95257033.rmeta --cap-lints allow`
   Compiling tower v0.4.13
     Running `/home/runner/.rustup/toolchains/stable-x86_64-unknown-linux-gnu/bin/rustc --crate-name tower --edition=2018 /home/runner/.cargo/registry/src/index.crates.io-1949cf8c6b5b557f/tower-0.4.13/src/lib.rs --error-format=json --json=diagnostic-rendered-ansi,artifacts,future-incompat --crate-type lib --emit=dep-info,metadata,link -C opt-level=3 -C linker-plugin-lto -C codegen-units=1 --cfg 'feature="__common"' --cfg 'feature="balance"' --cfg 'feature="buffer"' --cfg 'feature="default"' --cfg 'feature="discover"' --cfg 'feature="futures-core"' --cfg 'feature="futures-util"' --cfg 'feature="indexmap"' --cfg 'feature="limit"' --cfg 'feature="load"' --cfg 'feature="log"' --cfg 'feature="make"' --cfg 'feature="pin-project"' --cfg 'feature="pin-project-lite"' --cfg 'feature="rand"' --cfg 'feature="ready-cache"' --cfg 'feature="slab"' --cfg 'feature="timeout"' --cfg 'feature="tokio"' --cfg 'feature="tokio-util"' --cfg 'feature="tracing"' --cfg 'feature="util"' --check-cfg 'cfg(docsrs,test)' --check-cfg 'cfg(feature, values("__common", "balance", "buffer", "default", "discover", "filter", "full", "futures-core", "futures-util", "hdrhistogram", "hedge", "indexmap", "limit", "load", "load-shed", "log", "make", "pin-project", "pin-project-lite", "rand", "ready-cache", "reconnect", "retry", "slab", "spawn-ready", "steer", "timeout", "tokio", "tokio-stream", "tokio-util", "tracing", "util"))' -C metadata=4ab885320341368e -C extra-filename=-fd33e174320f3ac9 --out-dir /home/runner/work/v2ray-rust/v2ray-rust/target/aarch64-linux-android/release/deps --target aarch64-linux-android -C linker=/home/runner/.cargo/bin/cargo-ndk -C strip=symbols -L dependency=/home/runner/work/v2ray-rust/v2ray-rust/target/aarch64-linux-android/release/deps -L dependency=/home/runner/work/v2ray-rust/v2ray-rust/target/release/deps --extern futures_core=/home/runner/work/v2ray-rust/v2ray-rust/target/aarch64-linux-android/release/deps/libfutures_core-4fccbc47ed1904aa.rmeta --extern futures_util=/home/runner/work/v2ray-rust/v2ray-rust/target/aarch64-linux-android/release/deps/libfutures_util-e669b40623ab146e.rmeta --extern indexmap=/home/runner/work/v2ray-rust/v2ray-rust/target/aarch64-linux-android/release/deps/libindexmap-a04b87a5286a4ea2.rmeta --extern pin_project=/home/runner/work/v2ray-rust/v2ray-rust/target/aarch64-linux-android/release/deps/libpin_project-288b452e334ebd1b.rmeta --extern pin_project_lite=/home/runner/work/v2ray-rust/v2ray-rust/target/aarch64-linux-android/release/deps/libpin_project_lite-2e4d95cd2456f886.rmeta --extern rand=/home/runner/work/v2ray-rust/v2ray-rust/target/aarch64-linux-android/release/deps/librand-196c42b9b330bb93.rmeta --extern slab=/home/runner/work/v2ray-rust/v2ray-rust/target/aarch64-linux-android/release/deps/libslab-fac18e780943622b.rmeta --extern tokio=/home/runner/work/v2ray-rust/v2ray-rust/target/aarch64-linux-android/release/deps/libtokio-d261ade94ecabb64.rmeta --extern tokio_util=/home/runner/work/v2ray-rust/v2ray-rust/target/aarch64-linux-android/release/deps/libtokio_util-d03fbd878ef74a41.rmeta --extern tower_layer=/home/runner/work/v2ray-rust/v2ray-rust/target/aarch64-linux-android/release/deps/libtower_layer-d83f0e5e0811e26e.rmeta --extern tower_service=/home/runner/work/v2ray-rust/v2ray-rust/target/aarch64-linux-android/release/deps/libtower_service-fb78cbc4eafaec51.rmeta --extern tracing=/home/runner/work/v2ray-rust/v2ray-rust/target/aarch64-linux-android/release/deps/libtracing-8690e20607fd7ed8.rmeta --cap-lints allow`
     Running `/home/runner/.rustup/toolchains/stable-x86_64-unknown-linux-gnu/bin/rustc --crate-name regex --edition=2021 /home/runner/.cargo/registry/src/index.crates.io-1949cf8c6b5b557f/regex-1.10.2/src/lib.rs --error-format=json --json=diagnostic-rendered-ansi,artifacts,future-incompat --crate-type lib --emit=dep-info,metadata,link -C opt-level=3 -C linker-plugin-lto -C codegen-units=1 --cfg 'feature="default"' --cfg 'feature="perf"' --cfg 'feature="perf-backtrack"' --cfg 'feature="perf-cache"' --cfg 'feature="perf-dfa"' --cfg 'feature="perf-inline"' --cfg 'feature="perf-literal"' --cfg 'feature="perf-onepass"' --cfg 'feature="std"' --cfg 'feature="unicode"' --cfg 'feature="unicode-age"' --cfg 'feature="unicode-bool"' --cfg 'feature="unicode-case"' --cfg 'feature="unicode-gencat"' --cfg 'feature="unicode-perl"' --cfg 'feature="unicode-script"' --cfg 'feature="unicode-segment"' --check-cfg 'cfg(docsrs,test)' --check-cfg 'cfg(feature, values("default", "logging", "pattern", "perf", "perf-backtrack", "perf-cache", "perf-dfa", "perf-dfa-full", "perf-inline", "perf-literal", "perf-onepass", "std", "unicode", "unicode-age", "unicode-bool", "unicode-case", "unicode-gencat", "unicode-perl", "unicode-script", "unicode-segment", "unstable", "use_std"))' -C metadata=c31d2e4c51651d17 -C extra-filename=-3bc7008fbccb0616 --out-dir /home/runner/work/v2ray-rust/v2ray-rust/target/aarch64-linux-android/release/deps --target aarch64-linux-android -C linker=/home/runner/.cargo/bin/cargo-ndk -C strip=symbols -L dependency=/home/runner/work/v2ray-rust/v2ray-rust/target/aarch64-linux-android/release/deps -L dependency=/home/runner/work/v2ray-rust/v2ray-rust/target/release/deps --extern aho_corasick=/home/runner/work/v2ray-rust/v2ray-rust/target/aarch64-linux-android/release/deps/libaho_corasick-05599baebced02bd.rmeta --extern memchr=/home/runner/work/v2ray-rust/v2ray-rust/target/aarch64-linux-android/release/deps/libmemchr-bad283da18ecdf9a.rmeta --extern regex_automata=/home/runner/work/v2ray-rust/v2ray-rust/target/aarch64-linux-android/release/deps/libregex_automata-e914565784bebbc3.rmeta --extern regex_syntax=/home/runner/work/v2ray-rust/v2ray-rust/target/aarch64-linux-android/release/deps/libregex_syntax-8ea22b799d444472.rmeta --cap-lints allow`
   Compiling rustls-webpki v0.103.15
     Running `/home/runner/.rustup/toolchains/stable-x86_64-unknown-linux-gnu/bin/rustc --crate-name webpki --edition=2021 /home/runner/.cargo/registry/src/index.crates.io-1949cf8c6b5b557f/rustls-webpki-0.103.15/src/lib.rs --error-format=json --json=diagnostic-rendered-ansi,artifacts,future-incompat --crate-type lib --emit=dep-info,metadata,link -C opt-level=3 -C linker-plugin-lto -C codegen-units=1 --warn=unexpected_cfgs --check-cfg 'cfg(webpki_docsrs)' --cfg 'feature="alloc"' --cfg 'feature="ring"' --cfg 'feature="std"' --check-cfg 'cfg(docsrs,test)' --check-cfg 'cfg(feature, values("alloc", "aws-lc-rs", "aws-lc-rs-fips", "aws-lc-rs-unstable", "default", "ring", "std"))' -C metadata=517a9df30d8b94f0 -C extra-filename=-a54f326f74f7336c --out-dir /home/runner/work/v2ray-rust/v2ray-rust/target/aarch64-linux-android/release/deps --target aarch64-linux-android -C linker=/home/runner/.cargo/bin/cargo-ndk -C strip=symbols -L dependency=/home/runner/work/v2ray-rust/v2ray-rust/target/aarch64-linux-android/release/deps -L dependency=/home/runner/work/v2ray-rust/v2ray-rust/target/release/deps --extern ring=/home/runner/work/v2ray-rust/v2ray-rust/target/aarch64-linux-android/release/deps/libring-235bd18f91eb78ca.rmeta --extern pki_types=/home/runner/work/v2ray-rust/v2ray-rust/target/aarch64-linux-android/release/deps/librustls_pki_types-308e4e99e92e1e22.rmeta --extern untrusted=/home/runner/work/v2ray-rust/v2ray-rust/target/aarch64-linux-android/release/deps/libuntrusted-da2816a5705bfa25.rmeta --cap-lints allow -L native=/home/runner/work/v2ray-rust/v2ray-rust/target/aarch64-linux-android/release/build/ring-b444a92f6cf4c334/out`
   Compiling tonic-build v0.10.2
     Running `/home/runner/.rustup/toolchains/stable-x86_64-unknown-linux-gnu/bin/rustc --crate-name tonic_build --edition=2021 /home/runner/.cargo/registry/src/index.crates.io-1949cf8c6b5b557f/tonic-build-0.10.2/src/lib.rs --error-format=json --json=diagnostic-rendered-ansi,artifacts,future-incompat --crate-type lib --emit=dep-info,metadata,link -C embed-bitcode=no -C debug-assertions=off --cfg 'feature="default"' --cfg 'feature="prost"' --cfg 'feature="prost-build"' --cfg 'feature="transport"' --check-cfg 'cfg(docsrs,test)' --check-cfg 'cfg(feature, values("cleanup-markdown", "default", "prost", "prost-build", "transport"))' -C metadata=e22b357469a62e28 -C extra-filename=-cae5242e06d0542f --out-dir /home/runner/work/v2ray-rust/v2ray-rust/target/release/deps -C strip=symbols -L dependency=/home/runner/work/v2ray-rust/v2ray-rust/target/release/deps --extern prettyplease=/home/runner/work/v2ray-rust/v2ray-rust/target/release/deps/libprettyplease-1d4580cb06f4d503.rmeta --extern proc_macro2=/home/runner/work/v2ray-rust/v2ray-rust/target/release/deps/libproc_macro2-091c85badb332630.rmeta --extern prost_build=/home/runner/work/v2ray-rust/v2ray-rust/target/release/deps/libprost_build-06ebd64968ac6481.rmeta --extern quote=/home/runner/work/v2ray-rust/v2ray-rust/target/release/deps/libquote-e167b4859fbe4962.rmeta --extern syn=/home/runner/work/v2ray-rust/v2ray-rust/target/release/deps/libsyn-cec8b9261c989107.rmeta --cap-lints allow`
     Running `/home/runner/.rustup/toolchains/stable-x86_64-unknown-linux-gnu/bin/rustc --crate-name paste --edition=2018 /home/runner/.cargo/registry/src/index.crates.io-1949cf8c6b5b557f/paste-1.0.14/src/lib.rs --error-format=json --json=diagnostic-rendered-ansi,artifacts,future-incompat --crate-type proc-macro --emit=dep-info,link -C prefer-dynamic -C embed-bitcode=no -C debug-assertions=off --check-cfg 'cfg(docsrs,test)' --check-cfg 'cfg(feature, values())' -C metadata=a952ed16565fbccb -C extra-filename=-24225518c7277e2c --out-dir /home/runner/work/v2ray-rust/v2ray-rust/target/release/deps -C strip=symbols -L dependency=/home/runner/work/v2ray-rust/v2ray-rust/target/release/deps --extern proc_macro --cap-lints allow`
   Compiling polyval v0.6.1
     Running `/home/runner/.rustup/toolchains/stable-x86_64-unknown-linux-gnu/bin/rustc --crate-name polyval --edition=2021 /home/runner/.cargo/registry/src/index.crates.io-1949cf8c6b5b557f/polyval-0.6.1/src/lib.rs --error-format=json --json=diagnostic-rendered-ansi,artifacts,future-incompat --crate-type lib --emit=dep-info,metadata,link -C opt-level=3 -C linker-plugin-lto -C codegen-units=1 --check-cfg 'cfg(docsrs,test)' --check-cfg 'cfg(feature, values("std", "zeroize"))' -C metadata=e52c4d30a2f06925 -C extra-filename=-a49cfaeabdf709ac --out-dir /home/runner/work/v2ray-rust/v2ray-rust/target/aarch64-linux-android/release/deps --target aarch64-linux-android -C linker=/home/runner/.cargo/bin/cargo-ndk -C strip=symbols -L dependency=/home/runner/work/v2ray-rust/v2ray-rust/target/aarch64-linux-android/release/deps -L dependency=/home/runner/work/v2ray-rust/v2ray-rust/target/release/deps --extern cfg_if=/home/runner/work/v2ray-rust/v2ray-rust/target/aarch64-linux-android/release/deps/libcfg_if-4759f9181b9a8545.rmeta --extern cpufeatures=/home/runner/work/v2ray-rust/v2ray-rust/target/aarch64-linux-android/release/deps/libcpufeatures-3aa5ff40a357d360.rmeta --extern opaque_debug=/home/runner/work/v2ray-rust/v2ray-rust/target/aarch64-linux-android/release/deps/libopaque_debug-4ddd4bb46915be3a.rmeta --extern universal_hash=/home/runner/work/v2ray-rust/v2ray-rust/target/aarch64-linux-android/release/deps/libuniversal_hash-0b61a446abe410f4.rmeta --cap-lints allow`
   Compiling tokio-io-timeout v1.2.0
     Running `/home/runner/.rustup/toolchains/stable-x86_64-unknown-linux-gnu/bin/rustc --crate-name tokio_io_timeout --edition=2018 /home/runner/.cargo/registry/src/index.crates.io-1949cf8c6b5b557f/tokio-io-timeout-1.2.0/src/lib.rs --error-format=json --json=diagnostic-rendered-ansi,artifacts,future-incompat --crate-type lib --emit=dep-info,metadata,link -C opt-level=3 -C linker-plugin-lto -C codegen-units=1 --check-cfg 'cfg(docsrs,test)' --check-cfg 'cfg(feature, values())' -C metadata=237d9b3b66cfc8d2 -C extra-filename=-981a7075f3fe899c --out-dir /home/runner/work/v2ray-rust/v2ray-rust/target/aarch64-linux-android/release/deps --target aarch64-linux-android -C linker=/home/runner/.cargo/bin/cargo-ndk -C strip=symbols -L dependency=/home/runner/work/v2ray-rust/v2ray-rust/target/aarch64-linux-android/release/deps -L dependency=/home/runner/work/v2ray-rust/v2ray-rust/target/release/deps --extern pin_project_lite=/home/runner/work/v2ray-rust/v2ray-rust/target/aarch64-linux-android/release/deps/libpin_project_lite-2e4d95cd2456f886.rmeta --extern tokio=/home/runner/work/v2ray-rust/v2ray-rust/target/aarch64-linux-android/release/deps/libtokio-d261ade94ecabb64.rmeta --cap-lints allow`
   Compiling deepsize_derive v0.1.2
     Running `/home/runner/.rustup/toolchains/stable-x86_64-unknown-linux-gnu/bin/rustc --crate-name deepsize_derive --edition=2018 /home/runner/.cargo/registry/src/index.crates.io-1949cf8c6b5b557f/deepsize_derive-0.1.2/src/lib.rs --error-format=json --json=diagnostic-rendered-ansi,artifacts,future-incompat --crate-type proc-macro --emit=dep-info,link -C prefer-dynamic -C embed-bitcode=no -C debug-assertions=off --check-cfg 'cfg(docsrs,test)' --check-cfg 'cfg(feature, values())' -C metadata=e26d24c8a9690cac -C extra-filename=-a4a15e5417f561d4 --out-dir /home/runner/work/v2ray-rust/v2ray-rust/target/release/deps -C strip=symbols -L dependency=/home/runner/work/v2ray-rust/v2ray-rust/target/release/deps --extern proc_macro2=/home/runner/work/v2ray-rust/v2ray-rust/target/release/deps/libproc_macro2-091c85badb332630.rlib --extern quote=/home/runner/work/v2ray-rust/v2ray-rust/target/release/deps/libquote-e167b4859fbe4962.rlib --extern syn=/home/runner/work/v2ray-rust/v2ray-rust/target/release/deps/libsyn-1d0024537a82f46d.rlib --extern proc_macro --cap-lints allow`
   Compiling sha1 v0.10.6
     Running `/home/runner/.rustup/toolchains/stable-x86_64-unknown-linux-gnu/bin/rustc --crate-name sha1 --edition=2018 /home/runner/.cargo/registry/src/index.crates.io-1949cf8c6b5b557f/sha1-0.10.6/src/lib.rs --error-format=json --json=diagnostic-rendered-ansi,artifacts,future-incompat --crate-type lib --emit=dep-info,metadata,link -C opt-level=3 -C linker-plugin-lto -C codegen-units=1 --cfg 'feature="default"' --cfg 'feature="std"' --check-cfg 'cfg(docsrs,test)' --check-cfg 'cfg(feature, values("asm", "compress", "default", "force-soft", "loongarch64_asm", "oid", "sha1-asm", "std"))' -C metadata=3a6119fdf7ad93d7 -C extra-filename=-74acc294088d1e8d --out-dir /home/runner/work/v2ray-rust/v2ray-rust/target/aarch64-linux-android/release/deps --target aarch64-linux-android -C linker=/home/runner/.cargo/bin/cargo-ndk -C strip=symbols -L dependency=/home/runner/work/v2ray-rust/v2ray-rust/target/aarch64-linux-android/release/deps -L dependency=/home/runner/work/v2ray-rust/v2ray-rust/target/release/deps --extern cfg_if=/home/runner/work/v2ray-rust/v2ray-rust/target/aarch64-linux-android/release/deps/libcfg_if-4759f9181b9a8545.rmeta --extern cpufeatures=/home/runner/work/v2ray-rust/v2ray-rust/target/aarch64-linux-android/release/deps/libcpufeatures-3aa5ff40a357d360.rmeta --extern digest=/home/runner/work/v2ray-rust/v2ray-rust/target/aarch64-linux-android/release/deps/libdigest-aff9c976ed09de6a.rmeta --cap-lints allow`
   Compiling actix-macros v0.2.4
     Running `/home/runner/.rustup/toolchains/stable-x86_64-unknown-linux-gnu/bin/rustc --crate-name actix_macros --edition=2021 /home/runner/.cargo/registry/src/index.crates.io-1949cf8c6b5b557f/actix-macros-0.2.4/src/lib.rs --error-format=json --json=diagnostic-rendered-ansi,artifacts,future-incompat --crate-type proc-macro --emit=dep-info,link -C prefer-dynamic -C embed-bitcode=no -C debug-assertions=off --check-cfg 'cfg(docsrs,test)' --check-cfg 'cfg(feature, values())' -C metadata=b45b205b130746d9 -C extra-filename=-bc52ae7772a9565b --out-dir /home/runner/work/v2ray-rust/v2ray-rust/target/release/deps -C strip=symbols -L dependency=/home/runner/work/v2ray-rust/v2ray-rust/target/release/deps --extern quote=/home/runner/work/v2ray-rust/v2ray-rust/target/release/deps/libquote-e167b4859fbe4962.rlib --extern syn=/home/runner/work/v2ray-rust/v2ray-rust/target/release/deps/libsyn-cec8b9261c989107.rlib --extern proc_macro --cap-lints allow`
   Compiling aead v0.5.2
     Running `/home/runner/.rustup/toolchains/stable-x86_64-unknown-linux-gnu/bin/rustc --crate-name aead --edition=2021 /home/runner/.cargo/registry/src/index.crates.io-1949cf8c6b5b557f/aead-0.5.2/src/lib.rs --error-format=json --json=diagnostic-rendered-ansi,artifacts,future-incompat --crate-type lib --emit=dep-info,metadata,link -C opt-level=3 -C linker-plugin-lto -C codegen-units=1 --cfg 'feature="alloc"' --cfg 'feature="default"' --cfg 'feature="getrandom"' --cfg 'feature="rand_core"' --check-cfg 'cfg(docsrs,test)' --check-cfg 'cfg(feature, values("alloc", "arrayvec", "blobby", "bytes", "default", "dev", "getrandom", "heapless", "rand_core", "std", "stream"))' -C metadata=29aab42b909a38dc -C extra-filename=-1ee8e7985b7cbed1 --out-dir /home/runner/work/v2ray-rust/v2ray-rust/target/aarch64-linux-android/release/deps --target aarch64-linux-android -C linker=/home/runner/.cargo/bin/cargo-ndk -C strip=symbols -L dependency=/home/runner/work/v2ray-rust/v2ray-rust/target/aarch64-linux-android/release/deps -L dependency=/home/runner/work/v2ray-rust/v2ray-rust/target/release/deps --extern crypto_common=/home/runner/work/v2ray-rust/v2ray-rust/target/aarch64-linux-android/release/deps/libcrypto_common-6e3e462fffa5f0a0.rmeta --extern generic_array=/home/runner/work/v2ray-rust/v2ray-rust/target/aarch64-linux-android/release/deps/libgeneric_array-89288a9b20ed4130.rmeta --cap-lints allow`
   Compiling local-waker v0.1.4
     Running `/home/runner/.rustup/toolchains/stable-x86_64-unknown-linux-gnu/bin/rustc --crate-name local_waker --edition=2021 /home/runner/.cargo/registry/src/index.crates.io-1949cf8c6b5b557f/local-waker-0.1.4/src/lib.rs --error-format=json --json=diagnostic-rendered-ansi,artifacts,future-incompat --crate-type lib --emit=dep-info,metadata,link -C opt-level=3 -C linker-plugin-lto -C codegen-units=1 --check-cfg 'cfg(docsrs,test)' --check-cfg 'cfg(feature, values())' -C metadata=2931f635d1d5381f -C extra-filename=-6789006d9c0b9436 --out-dir /home/runner/work/v2ray-rust/v2ray-rust/target/aarch64-linux-android/release/deps --target aarch64-linux-android -C linker=/home/runner/.cargo/bin/cargo-ndk -C strip=symbols -L dependency=/home/runner/work/v2ray-rust/v2ray-rust/target/aarch64-linux-android/release/deps -L dependency=/home/runner/work/v2ray-rust/v2ray-rust/target/release/deps --cap-lints allow`
   Compiling utf-8 v0.7.6
     Running `/home/runner/.rustup/toolchains/stable-x86_64-unknown-linux-gnu/bin/rustc --crate-name utf8 --edition=2015 /home/runner/.cargo/registry/src/index.crates.io-1949cf8c6b5b557f/utf-8-0.7.6/src/lib.rs --error-format=json --json=diagnostic-rendered-ansi,artifacts,future-incompat --crate-type lib --emit=dep-info,metadata,link -C opt-level=3 -C linker-plugin-lto -C codegen-units=1 --check-cfg 'cfg(docsrs,test)' --check-cfg 'cfg(feature, values())' -C metadata=eb7460a9904212b4 -C extra-filename=-4a84a2950d739572 --out-dir /home/runner/work/v2ray-rust/v2ray-rust/target/aarch64-linux-android/release/deps --target aarch64-linux-android -C linker=/home/runner/.cargo/bin/cargo-ndk -C strip=symbols -L dependency=/home/runner/work/v2ray-rust/v2ray-rust/target/aarch64-linux-android/release/deps -L dependency=/home/runner/work/v2ray-rust/v2ray-rust/target/release/deps --cap-lints allow`
   Compiling sync_wrapper v0.1.2
     Running `/home/runner/.rustup/toolchains/stable-x86_64-unknown-linux-gnu/bin/rustc --crate-name sync_wrapper --edition=2018 /home/runner/.cargo/registry/src/index.crates.io-1949cf8c6b5b557f/sync_wrapper-0.1.2/src/lib.rs --error-format=json --json=diagnostic-rendered-ansi,artifacts,future-incompat --crate-type lib --emit=dep-info,metadata,link -C opt-level=3 -C linker-plugin-lto -C codegen-units=1 --check-cfg 'cfg(docsrs,test)' --check-cfg 'cfg(feature, values("futures", "futures-core"))' -C metadata=2980f93905ae9084 -C extra-filename=-d3c2fd647eeb6e5c --out-dir /home/runner/work/v2ray-rust/v2ray-rust/target/aarch64-linux-android/release/deps --target aarch64-linux-android -C linker=/home/runner/.cargo/bin/cargo-ndk -C strip=symbols -L dependency=/home/runner/work/v2ray-rust/v2ray-rust/target/aarch64-linux-android/release/deps -L dependency=/home/runner/work/v2ray-rust/v2ray-rust/target/release/deps --cap-lints allow`
   Compiling data-encoding v2.5.0
     Running `/home/runner/.rustup/toolchains/stable-x86_64-unknown-linux-gnu/bin/rustc --crate-name data_encoding --edition=2018 /home/runner/.cargo/registry/src/index.crates.io-1949cf8c6b5b557f/data-encoding-2.5.0/src/lib.rs --error-format=json --json=diagnostic-rendered-ansi,artifacts,future-incompat --crate-type lib --emit=dep-info,metadata,link -C opt-level=3 -C linker-plugin-lto -C codegen-units=1 --cfg 'feature="alloc"' --cfg 'feature="default"' --cfg 'feature="std"' --check-cfg 'cfg(docsrs,test)' --check-cfg 'cfg(feature, values("alloc", "default", "std"))' -C metadata=0de7d6e54801d9ad -C extra-filename=-58697735087cc41b --out-dir /home/runner/work/v2ray-rust/v2ray-rust/target/aarch64-linux-android/release/deps --target aarch64-linux-android -C linker=/home/runner/.cargo/bin/cargo-ndk -C strip=symbols -L dependency=/home/runner/work/v2ray-rust/v2ray-rust/target/aarch64-linux-android/release/deps -L dependency=/home/runner/work/v2ray-rust/v2ray-rust/target/release/deps --cap-lints allow`
   Compiling tap v1.0.1
     Running `/home/runner/.rustup/toolchains/stable-x86_64-unknown-linux-gnu/bin/rustc --crate-name tap --edition=2015 /home/runner/.cargo/registry/src/index.crates.io-1949cf8c6b5b557f/tap-1.0.1/src/lib.rs --error-format=json --json=diagnostic-rendered-ansi,artifacts,future-incompat --crate-type lib --emit=dep-info,metadata,link -C opt-level=3 -C linker-plugin-lto -C codegen-units=1 --check-cfg 'cfg(docsrs,test)' --check-cfg 'cfg(feature, values())' -C metadata=95055704898d0028 -C extra-filename=-5087040dca37eb0e --out-dir /home/runner/work/v2ray-rust/v2ray-rust/target/aarch64-linux-android/release/deps --target aarch64-linux-android -C linker=/home/runner/.cargo/bin/cargo-ndk -C strip=symbols -L dependency=/home/runner/work/v2ray-rust/v2ray-rust/target/aarch64-linux-android/release/deps -L dependency=/home/runner/work/v2ray-rust/v2ray-rust/target/release/deps --cap-lints allow`
   Compiling crc32fast v1.3.2
     Running `/home/runner/.rustup/toolchains/stable-x86_64-unknown-linux-gnu/bin/rustc --crate-name build_script_build --edition=2015 /home/runner/.cargo/registry/src/index.crates.io-1949cf8c6b5b557f/crc32fast-1.3.2/build.rs --error-format=json --json=diagnostic-rendered-ansi,artifacts,future-incompat --crate-type bin --emit=dep-info,link -C embed-bitcode=no -C debug-assertions=off --cfg 'feature="default"' --cfg 'feature="std"' --check-cfg 'cfg(docsrs,test)' --check-cfg 'cfg(feature, values("default", "nightly", "std"))' -C metadata=430960a3a7953cc5 -C extra-filename=-5420f9b31e9debcf --out-dir /home/runner/work/v2ray-rust/v2ray-rust/target/release/build/crc32fast-5420f9b31e9debcf -C strip=symbols -L dependency=/home/runner/work/v2ray-rust/v2ray-rust/target/release/deps --cap-lints allow`
   Compiling matchit v0.7.3
     Running `/home/runner/.rustup/toolchains/stable-x86_64-unknown-linux-gnu/bin/rustc --crate-name matchit --edition=2021 /home/runner/.cargo/registry/src/index.crates.io-1949cf8c6b5b557f/matchit-0.7.3/src/lib.rs --error-format=json --json=diagnostic-rendered-ansi,artifacts,future-incompat --crate-type lib --emit=dep-info,metadata,link -C opt-level=3 -C linker-plugin-lto -C codegen-units=1 --cfg 'feature="default"' --check-cfg 'cfg(docsrs,test)' --check-cfg 'cfg(feature, values("__test_helpers", "default"))' -C metadata=61fd8033cc6c47a8 -C extra-filename=-beccdf1f911d8f11 --out-dir /home/runner/work/v2ray-rust/v2ray-rust/target/aarch64-linux-android/release/deps --target aarch64-linux-android -C linker=/home/runner/.cargo/bin/cargo-ndk -C strip=symbols -L dependency=/home/runner/work/v2ray-rust/v2ray-rust/target/aarch64-linux-android/release/deps -L dependency=/home/runner/work/v2ray-rust/v2ray-rust/target/release/deps --cap-lints allow`
   Compiling strsim v0.10.0
     Running `/home/runner/.rustup/toolchains/stable-x86_64-unknown-linux-gnu/bin/rustc --crate-name strsim --edition=2015 /home/runner/.cargo/registry/src/index.crates.io-1949cf8c6b5b557f/strsim-0.10.0/src/lib.rs --error-format=json --json=diagnostic-rendered-ansi,artifacts,future-incompat --crate-type lib --emit=dep-info,metadata,link -C opt-level=3 -C linker-plugin-lto -C codegen-units=1 --check-cfg 'cfg(docsrs,test)' --check-cfg 'cfg(feature, values())' -C metadata=cd6bd92fa784c709 -C extra-filename=-9ea8a2557d536b41 --out-dir /home/runner/work/v2ray-rust/v2ray-rust/target/aarch64-linux-android/release/deps --target aarch64-linux-android -C linker=/home/runner/.cargo/bin/cargo-ndk -C strip=symbols -L dependency=/home/runner/work/v2ray-rust/v2ray-rust/target/aarch64-linux-android/release/deps -L dependency=/home/runner/work/v2ray-rust/v2ray-rust/target/release/deps --cap-lints allow`
   Compiling bitflags v1.3.2
     Running `/home/runner/.rustup/toolchains/stable-x86_64-unknown-linux-gnu/bin/rustc --crate-name bitflags --edition=2018 /home/runner/.cargo/registry/src/index.crates.io-1949cf8c6b5b557f/bitflags-1.3.2/src/lib.rs --error-format=json --json=diagnostic-rendered-ansi,artifacts,future-incompat --crate-type lib --emit=dep-info,metadata,link -C opt-level=3 -C linker-plugin-lto -C codegen-units=1 --cfg 'feature="default"' --check-cfg 'cfg(docsrs,test)' --check-cfg 'cfg(feature, values("compiler_builtins", "core", "default", "example_generated", "rustc-dep-of-std"))' -C metadata=9259c0feab7aa9cd -C extra-filename=-3d27473b94a6fa75 --out-dir /home/runner/work/v2ray-rust/v2ray-rust/target/aarch64-linux-android/release/deps --target aarch64-linux-android -C linker=/home/runner/.cargo/bin/cargo-ndk -C strip=symbols -L dependency=/home/runner/work/v2ray-rust/v2ray-rust/target/aarch64-linux-android/release/deps -L dependency=/home/runner/work/v2ray-rust/v2ray-rust/target/release/deps --cap-lints allow`
   Compiling clap_lex v0.6.0
     Running `/home/runner/.rustup/toolchains/stable-x86_64-unknown-linux-gnu/bin/rustc --crate-name clap_lex --edition=2021 /home/runner/.cargo/registry/src/index.crates.io-1949cf8c6b5b557f/clap_lex-0.6.0/src/lib.rs --error-format=json --json=diagnostic-rendered-ansi,artifacts,future-incompat --crate-type lib --emit=dep-info,metadata,link -C opt-level=3 -C linker-plugin-lto -C codegen-units=1 --check-cfg 'cfg(docsrs,test)' --check-cfg 'cfg(feature, values())' -C metadata=232ef49c8b1c880a -C extra-filename=-5ffd997f2de3c318 --out-dir /home/runner/work/v2ray-rust/v2ray-rust/target/aarch64-linux-android/release/deps --target aarch64-linux-android -C linker=/home/runner/.cargo/bin/cargo-ndk -C strip=symbols -L dependency=/home/runner/work/v2ray-rust/v2ray-rust/target/aarch64-linux-android/release/deps -L dependency=/home/runner/work/v2ray-rust/v2ray-rust/target/release/deps --cap-lints allow`
   Compiling byteorder v1.5.0
     Running `/home/runner/.rustup/toolchains/stable-x86_64-unknown-linux-gnu/bin/rustc --crate-name byteorder --edition=2021 /home/runner/.cargo/registry/src/index.crates.io-1949cf8c6b5b557f/byteorder-1.5.0/src/lib.rs --error-format=json --json=diagnostic-rendered-ansi,artifacts,future-incompat --crate-type lib --emit=dep-info,metadata,link -C opt-level=3 -C linker-plugin-lto -C codegen-units=1 --cfg 'feature="default"' --cfg 'feature="std"' --check-cfg 'cfg(docsrs,test)' --check-cfg 'cfg(feature, values("default", "i128", "std"))' -C metadata=bcb46cb0f854d538 -C extra-filename=-827e403986f8bd96 --out-dir /home/runner/work/v2ray-rust/v2ray-rust/target/aarch64-linux-android/release/deps --target aarch64-linux-android -C linker=/home/runner/.cargo/bin/cargo-ndk -C strip=symbols -L dependency=/home/runner/work/v2ray-rust/v2ray-rust/target/aarch64-linux-android/release/deps -L dependency=/home/runner/work/v2ray-rust/v2ray-rust/target/release/deps --cap-lints allow`
     Running `/home/runner/.rustup/toolchains/stable-x86_64-unknown-linux-gnu/bin/rustc --crate-name build_script_build --edition=2021 /home/runner/.cargo/registry/src/index.crates.io-1949cf8c6b5b557f/protobuf-3.3.0/build.rs --error-format=json --json=diagnostic-rendered-ansi,artifacts,future-incompat --crate-type bin --emit=dep-info,link -C embed-bitcode=no -C debug-assertions=off --cfg 'feature="bytes"' --cfg 'feature="default"' --cfg 'feature="with-bytes"' --check-cfg 'cfg(docsrs,test)' --check-cfg 'cfg(feature, values("bytes", "default", "with-bytes"))' -C metadata=562b041310c02e91 -C extra-filename=-ffbb876c0cf9997f --out-dir /home/runner/work/v2ray-rust/v2ray-rust/target/release/build/protobuf-ffbb876c0cf9997f -C strip=symbols -L dependency=/home/runner/work/v2ray-rust/v2ray-rust/target/release/deps --cap-lints allow`
   Compiling clap_builder v4.4.11
     Running `/home/runner/.rustup/toolchains/stable-x86_64-unknown-linux-gnu/bin/rustc --crate-name clap_builder --edition=2021 /home/runner/.cargo/registry/src/index.crates.io-1949cf8c6b5b557f/clap_builder-4.4.11/src/lib.rs --error-format=json --json=diagnostic-rendered-ansi,artifacts,future-incompat --crate-type lib --emit=dep-info,metadata,link -C opt-level=3 -C linker-plugin-lto -C codegen-units=1 --cfg 'feature="color"' --cfg 'feature="error-context"' --cfg 'feature="help"' --cfg 'feature="std"' --cfg 'feature="suggestions"' --cfg 'feature="usage"' --check-cfg 'cfg(docsrs,test)' --check-cfg 'cfg(feature, values("cargo", "color", "debug", "default", "deprecated", "env", "error-context", "help", "std", "string", "suggestions", "unicode", "unstable-doc", "unstable-styles", "unstable-v5", "usage", "wrap_help"))' -C metadata=c444ec9c3239d451 -C extra-filename=-7084ce2d885ffd5a --out-dir /home/runner/work/v2ray-rust/v2ray-rust/target/aarch64-linux-android/release/deps --target aarch64-linux-android -C linker=/home/runner/.cargo/bin/cargo-ndk -C strip=symbols -L dependency=/home/runner/work/v2ray-rust/v2ray-rust/target/aarch64-linux-android/release/deps -L dependency=/home/runner/work/v2ray-rust/v2ray-rust/target/release/deps --extern anstream=/home/runner/work/v2ray-rust/v2ray-rust/target/aarch64-linux-android/release/deps/libanstream-7f1b44c10b517bd2.rmeta --extern anstyle=/home/runner/work/v2ray-rust/v2ray-rust/target/aarch64-linux-android/release/deps/libanstyle-87aad2e9b85a12e3.rmeta --extern clap_lex=/home/runner/work/v2ray-rust/v2ray-rust/target/aarch64-linux-android/release/deps/libclap_lex-5ffd997f2de3c318.rmeta --extern strsim=/home/runner/work/v2ray-rust/v2ray-rust/target/aarch64-linux-android/release/deps/libstrsim-9ea8a2557d536b41.rmeta --cap-lints allow`
     Running `/home/runner/work/v2ray-rust/v2ray-rust/target/release/build/protobuf-ffbb876c0cf9997f/build-script-build`
   Compiling tungstenite v0.20.1
     Running `/home/runner/.rustup/toolchains/stable-x86_64-unknown-linux-gnu/bin/rustc --crate-name tungstenite --edition=2018 /home/runner/.cargo/registry/src/index.crates.io-1949cf8c6b5b557f/tungstenite-0.20.1/src/lib.rs --error-format=json --json=diagnostic-rendered-ansi,artifacts,future-incompat --crate-type lib --emit=dep-info,metadata,link -C opt-level=3 -C linker-plugin-lto -C codegen-units=1 --cfg 'feature="data-encoding"' --cfg 'feature="handshake"' --cfg 'feature="http"' --cfg 'feature="httparse"' --cfg 'feature="sha1"' --cfg 'feature="url"' --check-cfg 'cfg(docsrs,test)' --check-cfg 'cfg(feature, values("__rustls-tls", "data-encoding", "default", "handshake", "http", "httparse", "native-tls", "native-tls-crate", "native-tls-vendored", "rustls", "rustls-native-certs", "rustls-tls-native-roots", "rustls-tls-webpki-roots", "sha1", "url", "webpki-roots"))' -C metadata=e1d6336cf7308612 -C extra-filename=-7014d7dca8e161ff --out-dir /home/runner/work/v2ray-rust/v2ray-rust/target/aarch64-linux-android/release/deps --target aarch64-linux-android -C linker=/home/runner/.cargo/bin/cargo-ndk -C strip=symbols -L dependency=/home/runner/work/v2ray-rust/v2ray-rust/target/aarch64-linux-android/release/deps -L dependency=/home/runner/work/v2ray-rust/v2ray-rust/target/release/deps --extern byteorder=/home/runner/work/v2ray-rust/v2ray-rust/target/aarch64-linux-android/release/deps/libbyteorder-827e403986f8bd96.rmeta --extern bytes=/home/runner/work/v2ray-rust/v2ray-rust/target/aarch64-linux-android/release/deps/libbytes-5396a74fd9a7037d.rmeta --extern data_encoding=/home/runner/work/v2ray-rust/v2ray-rust/target/aarch64-linux-android/release/deps/libdata_encoding-58697735087cc41b.rmeta --extern http=/home/runner/work/v2ray-rust/v2ray-rust/target/aarch64-linux-android/release/deps/libhttp-fefc21c58dc69fca.rmeta --extern httparse=/home/runner/work/v2ray-rust/v2ray-rust/target/aarch64-linux-android/release/deps/libhttparse-aede754903411f73.rmeta --extern log=/home/runner/work/v2ray-rust/v2ray-rust/target/aarch64-linux-android/release/deps/liblog-39ac4c76d4f8181f.rmeta --extern rand=/home/runner/work/v2ray-rust/v2ray-rust/target/aarch64-linux-android/release/deps/librand-196c42b9b330bb93.rmeta --extern sha1=/home/runner/work/v2ray-rust/v2ray-rust/target/aarch64-linux-android/release/deps/libsha1-74acc294088d1e8d.rmeta --extern thiserror=/home/runner/work/v2ray-rust/v2ray-rust/target/aarch64-linux-android/release/deps/libthiserror-f1027d0320c3d86d.rmeta --extern url=/home/runner/work/v2ray-rust/v2ray-rust/target/aarch64-linux-android/release/deps/liburl-08623747101043bf.rmeta --extern utf8=/home/runner/work/v2ray-rust/v2ray-rust/target/aarch64-linux-android/release/deps/libutf8-4a84a2950d739572.rmeta --cap-lints allow`
     Running `/home/runner/.rustup/toolchains/stable-x86_64-unknown-linux-gnu/bin/rustc --crate-name axum --edition=2021 /home/runner/.cargo/registry/src/index.crates.io-1949cf8c6b5b557f/axum-0.6.20/src/lib.rs --error-format=json --json=diagnostic-rendered-ansi,artifacts,future-incompat --crate-type lib --emit=dep-info,metadata,link -C opt-level=3 -C linker-plugin-lto -C codegen-units=1 --check-cfg 'cfg(docsrs,test)' --check-cfg 'cfg(feature, values("__private_docs", "default", "form", "headers", "http1", "http2", "json", "macros", "matched-path", "multipart", "original-uri", "query", "tokio", "tower-log", "tracing", "ws"))' -C metadata=2c73e0397d4dce07 -C extra-filename=-6e776ddd7b083db2 --out-dir /home/runner/work/v2ray-rust/v2ray-rust/target/aarch64-linux-android/release/deps --target aarch64-linux-android -C linker=/home/runner/.cargo/bin/cargo-ndk -C strip=symbols -L dependency=/home/runner/work/v2ray-rust/v2ray-rust/target/aarch64-linux-android/release/deps -L dependency=/home/runner/work/v2ray-rust/v2ray-rust/target/release/deps --extern async_trait=/home/runner/work/v2ray-rust/v2ray-rust/target/release/deps/libasync_trait-ccf680efd99bb5ef.so --extern axum_core=/home/runner/work/v2ray-rust/v2ray-rust/target/aarch64-linux-android/release/deps/libaxum_core-d96180d40613c639.rmeta --extern bitflags=/home/runner/work/v2ray-rust/v2ray-rust/target/aarch64-linux-android/release/deps/libbitflags-3d27473b94a6fa75.rmeta --extern bytes=/home/runner/work/v2ray-rust/v2ray-rust/target/aarch64-linux-android/release/deps/libbytes-5396a74fd9a7037d.rmeta --extern futures_util=/home/runner/work/v2ray-rust/v2ray-rust/target/aarch64-linux-android/release/deps/libfutures_util-e669b40623ab146e.rmeta --extern http=/home/runner/work/v2ray-rust/v2ray-rust/target/aarch64-linux-android/release/deps/libhttp-fefc21c58dc69fca.rmeta --extern http_body=/home/runner/work/v2ray-rust/v2ray-rust/target/aarch64-linux-android/release/deps/libhttp_body-4bec4e68e6e28f4a.rmeta --extern hyper=/home/runner/work/v2ray-rust/v2ray-rust/target/aarch64-linux-android/release/deps/libhyper-c76cc5cb14722a18.rmeta --extern itoa=/home/runner/work/v2ray-rust/v2ray-rust/target/aarch64-linux-android/release/deps/libitoa-9eba12bc56248f01.rmeta --extern matchit=/home/runner/work/v2ray-rust/v2ray-rust/target/aarch64-linux-android/release/deps/libmatchit-beccdf1f911d8f11.rmeta --extern memchr=/home/runner/work/v2ray-rust/v2ray-rust/target/aarch64-linux-android/release/deps/libmemchr-bad283da18ecdf9a.rmeta --extern mime=/home/runner/work/v2ray-rust/v2ray-rust/target/aarch64-linux-android/release/deps/libmime-b32c3cf5b700a003.rmeta --extern percent_encoding=/home/runner/work/v2ray-rust/v2ray-rust/target/aarch64-linux-android/release/deps/libpercent_encoding-21af6e8949d635f6.rmeta --extern pin_project_lite=/home/runner/work/v2ray-rust/v2ray-rust/target/aarch64-linux-android/release/deps/libpin_project_lite-2e4d95cd2456f886.rmeta --extern serde=/home/runner/work/v2ray-rust/v2ray-rust/target/aarch64-linux-android/release/deps/libserde-560082b4f222c501.rmeta --extern sync_wrapper=/home/runner/work/v2ray-rust/v2ray-rust/target/aarch64-linux-android/release/deps/libsync_wrapper-d3c2fd647eeb6e5c.rmeta --extern tower=/home/runner/work/v2ray-rust/v2ray-rust/target/aarch64-linux-android/release/deps/libtower-fd33e174320f3ac9.rmeta --extern tower_layer=/home/runner/work/v2ray-rust/v2ray-rust/target/aarch64-linux-android/release/deps/libtower_layer-d83f0e5e0811e26e.rmeta --extern tower_service=/home/runner/work/v2ray-rust/v2ray-rust/target/aarch64-linux-android/release/deps/libtower_service-fb78cbc4eafaec51.rmeta --cap-lints allow`
     Running `/home/runner/work/v2ray-rust/v2ray-rust/target/release/build/crc32fast-5420f9b31e9debcf/build-script-build`
   Compiling wyz v0.5.1
     Running `/home/runner/.rustup/toolchains/stable-x86_64-unknown-linux-gnu/bin/rustc --crate-name wyz --edition=2018 /home/runner/.cargo/registry/src/index.crates.io-1949cf8c6b5b557f/wyz-0.5.1/src/lib.rs --error-format=json --json=diagnostic-rendered-ansi,artifacts,future-incompat --crate-type lib --emit=dep-info,metadata,link -C opt-level=3 -C linker-plugin-lto -C codegen-units=1 --check-cfg 'cfg(docsrs,test)' --check-cfg 'cfg(feature, values("alloc", "default", "garbage", "once_cell", "std", "typemap"))' -C metadata=2f08b3c01d46afb9 -C extra-filename=-61c9194c9db3e10e --out-dir /home/runner/work/v2ray-rust/v2ray-rust/target/aarch64-linux-android/release/deps --target aarch64-linux-android -C linker=/home/runner/.cargo/bin/cargo-ndk -C strip=symbols -L dependency=/home/runner/work/v2ray-rust/v2ray-rust/target/aarch64-linux-android/release/deps -L dependency=/home/runner/work/v2ray-rust/v2ray-rust/target/release/deps --extern tap=/home/runner/work/v2ray-rust/v2ray-rust/target/aarch64-linux-android/release/deps/libtap-5087040dca37eb0e.rmeta --cap-lints allow`
   Compiling actix-rt v2.9.0
     Running `/home/runner/.rustup/toolchains/stable-x86_64-unknown-linux-gnu/bin/rustc --crate-name actix_rt --edition=2021 /home/runner/.cargo/registry/src/index.crates.io-1949cf8c6b5b557f/actix-rt-2.9.0/src/lib.rs --error-format=json --json=diagnostic-rendered-ansi,artifacts,future-incompat --crate-type lib --emit=dep-info,metadata,link -C opt-level=3 -C linker-plugin-lto -C codegen-units=1 --cfg 'feature="actix-macros"' --cfg 'feature="default"' --cfg 'feature="macros"' --check-cfg 'cfg(docsrs,test)' --check-cfg 'cfg(feature, values("actix-macros", "default", "io-uring", "macros", "tokio-uring"))' -C metadata=af278d0bc86bae76 -C extra-filename=-89fa538b106de75f --out-dir /home/runner/work/v2ray-rust/v2ray-rust/target/aarch64-linux-android/release/deps --target aarch64-linux-android -C linker=/home/runner/.cargo/bin/cargo-ndk -C strip=symbols -L dependency=/home/runner/work/v2ray-rust/v2ray-rust/target/aarch64-linux-android/release/deps -L dependency=/home/runner/work/v2ray-rust/v2ray-rust/target/release/deps --extern actix_macros=/home/runner/work/v2ray-rust/v2ray-rust/target/release/deps/libactix_macros-bc52ae7772a9565b.so --extern futures_core=/home/runner/work/v2ray-rust/v2ray-rust/target/aarch64-linux-android/release/deps/libfutures_core-4fccbc47ed1904aa.rmeta --extern tokio=/home/runner/work/v2ray-rust/v2ray-rust/target/aarch64-linux-android/release/deps/libtokio-d261ade94ecabb64.rmeta --cap-lints allow`
   Compiling actix-utils v3.0.1
     Running `/home/runner/.rustup/toolchains/stable-x86_64-unknown-linux-gnu/bin/rustc --crate-name actix_utils --edition=2018 /home/runner/.cargo/registry/src/index.crates.io-1949cf8c6b5b557f/actix-utils-3.0.1/src/lib.rs --error-format=json --json=diagnostic-rendered-ansi,artifacts,future-incompat --crate-type lib --emit=dep-info,metadata,link -C opt-level=3 -C linker-plugin-lto -C codegen-units=1 --check-cfg 'cfg(docsrs,test)' --check-cfg 'cfg(feature, values())' -C metadata=58c46ec8d13a8707 -C extra-filename=-22cd75252baff82b --out-dir /home/runner/work/v2ray-rust/v2ray-rust/target/aarch64-linux-android/release/deps --target aarch64-linux-android -C linker=/home/runner/.cargo/bin/cargo-ndk -C strip=symbols -L dependency=/home/runner/work/v2ray-rust/v2ray-rust/target/aarch64-linux-android/release/deps -L dependency=/home/runner/work/v2ray-rust/v2ray-rust/target/release/deps --extern local_waker=/home/runner/work/v2ray-rust/v2ray-rust/target/aarch64-linux-android/release/deps/liblocal_waker-6789006d9c0b9436.rmeta --extern pin_project_lite=/home/runner/work/v2ray-rust/v2ray-rust/target/aarch64-linux-android/release/deps/libpin_project_lite-2e4d95cd2456f886.rmeta --cap-lints allow`
   Compiling deepsize v0.2.0
     Running `/home/runner/.rustup/toolchains/stable-x86_64-unknown-linux-gnu/bin/rustc --crate-name deepsize --edition=2018 /home/runner/.cargo/registry/src/index.crates.io-1949cf8c6b5b557f/deepsize-0.2.0/src/lib.rs --error-format=json --json=diagnostic-rendered-ansi,artifacts,future-incompat --crate-type lib --emit=dep-info,metadata,link -C opt-level=3 -C linker-plugin-lto -C codegen-units=1 --cfg 'feature="deepsize_derive"' --cfg 'feature="default"' --cfg 'feature="derive"' --cfg 'feature="std"' --check-cfg 'cfg(docsrs,test)' --check-cfg 'cfg(feature, values("arrayvec", "chrono", "deepsize_derive", "default", "derive", "hashbrown", "indexmap", "slab", "slotmap", "smallvec", "std"))' -C metadata=6ac5f9b06e8ddc83 -C extra-filename=-5a32fefefc4dad76 --out-dir /home/runner/work/v2ray-rust/v2ray-rust/target/aarch64-linux-android/release/deps --target aarch64-linux-android -C linker=/home/runner/.cargo/bin/cargo-ndk -C strip=symbols -L dependency=/home/runner/work/v2ray-rust/v2ray-rust/target/aarch64-linux-android/release/deps -L dependency=/home/runner/work/v2ray-rust/v2ray-rust/target/release/deps --extern deepsize_derive=/home/runner/work/v2ray-rust/v2ray-rust/target/release/deps/libdeepsize_derive-a4a15e5417f561d4.so --cap-lints allow`
   Compiling v2ray-rust v0.1.0 (/home/runner/work/v2ray-rust/v2ray-rust)
     Running `/home/runner/.rustup/toolchains/stable-x86_64-unknown-linux-gnu/bin/rustc --crate-name build_script_build --edition=2021 build.rs --error-format=json --json=diagnostic-rendered-ansi,artifacts,future-incompat --crate-type bin --emit=dep-info,link -C embed-bitcode=no -C debug-assertions=off --cfg 'feature="rustls"' --cfg 'feature="rustls-native-certs"' --cfg 'feature="rustls-pemfile"' --cfg 'feature="rustls-tls"' --cfg 'feature="tokio-rustls"' --cfg 'feature="webpki-roots"' --check-cfg 'cfg(docsrs,test)' --check-cfg 'cfg(feature, values("boring", "boring-sys", "boring-tls", "default", "rustls", "rustls-native-certs", "rustls-pemfile", "rustls-tls", "strict-vmess-udp", "tokio-boring", "tokio-rustls", "webpki-roots"))' -C metadata=5448478c14865cf2 -C extra-filename=-bca6ae78c3801f63 --out-dir /home/runner/work/v2ray-rust/v2ray-rust/target/release/build/v2ray-rust-bca6ae78c3801f63 -C strip=symbols -L dependency=/home/runner/work/v2ray-rust/v2ray-rust/target/release/deps --extern protobuf_codegen=/home/runner/work/v2ray-rust/v2ray-rust/target/release/deps/libprotobuf_codegen-cb3e073462117cea.rlib --extern tonic_build=/home/runner/work/v2ray-rust/v2ray-rust/target/release/deps/libtonic_build-cae5242e06d0542f.rlib`
   Compiling hyper-timeout v0.4.1
     Running `/home/runner/.rustup/toolchains/stable-x86_64-unknown-linux-gnu/bin/rustc --crate-name hyper_timeout --edition=2018 /home/runner/.cargo/registry/src/index.crates.io-1949cf8c6b5b557f/hyper-timeout-0.4.1/src/lib.rs --error-format=json --json=diagnostic-rendered-ansi,artifacts,future-incompat --crate-type lib --emit=dep-info,metadata,link -C opt-level=3 -C linker-plugin-lto -C codegen-units=1 --check-cfg 'cfg(docsrs,test)' --check-cfg 'cfg(feature, values())' -C metadata=c36be83ab72b0005 -C extra-filename=-561ad3c48227d3aa --out-dir /home/runner/work/v2ray-rust/v2ray-rust/target/aarch64-linux-android/release/deps --target aarch64-linux-android -C linker=/home/runner/.cargo/bin/cargo-ndk -C strip=symbols -L dependency=/home/runner/work/v2ray-rust/v2ray-rust/target/aarch64-linux-android/release/deps -L dependency=/home/runner/work/v2ray-rust/v2ray-rust/target/release/deps --extern hyper=/home/runner/work/v2ray-rust/v2ray-rust/target/aarch64-linux-android/release/deps/libhyper-c76cc5cb14722a18.rmeta --extern pin_project_lite=/home/runner/work/v2ray-rust/v2ray-rust/target/aarch64-linux-android/release/deps/libpin_project_lite-2e4d95cd2456f886.rmeta --extern tokio=/home/runner/work/v2ray-rust/v2ray-rust/target/aarch64-linux-android/release/deps/libtokio-d261ade94ecabb64.rmeta --extern tokio_io_timeout=/home/runner/work/v2ray-rust/v2ray-rust/target/aarch64-linux-android/release/deps/libtokio_io_timeout-981a7075f3fe899c.rmeta --cap-lints allow`
   Compiling ghash v0.5.0
     Running `/home/runner/.rustup/toolchains/stable-x86_64-unknown-linux-gnu/bin/rustc --crate-name ghash --edition=2021 /home/runner/.cargo/registry/src/index.crates.io-1949cf8c6b5b557f/ghash-0.5.0/src/lib.rs --error-format=json --json=diagnostic-rendered-ansi,artifacts,future-incompat --crate-type lib --emit=dep-info,metadata,link -C opt-level=3 -C linker-plugin-lto -C codegen-units=1 --check-cfg 'cfg(docsrs,test)' --check-cfg 'cfg(feature, values("std", "zeroize"))' -C metadata=2cd8cfacd8a21a47 -C extra-filename=-46235dd1bd6f794a --out-dir /home/runner/work/v2ray-rust/v2ray-rust/target/aarch64-linux-android/release/deps --target aarch64-linux-android -C linker=/home/runner/.cargo/bin/cargo-ndk -C strip=symbols -L dependency=/home/runner/work/v2ray-rust/v2ray-rust/target/aarch64-linux-android/release/deps -L dependency=/home/runner/work/v2ray-rust/v2ray-rust/target/release/deps --extern opaque_debug=/home/runner/work/v2ray-rust/v2ray-rust/target/aarch64-linux-android/release/deps/libopaque_debug-4ddd4bb46915be3a.rmeta --extern polyval=/home/runner/work/v2ray-rust/v2ray-rust/target/aarch64-linux-android/release/deps/libpolyval-a49cfaeabdf709ac.rmeta --cap-lints allow`
   Compiling actix-service v2.0.2
     Running `/home/runner/.rustup/toolchains/stable-x86_64-unknown-linux-gnu/bin/rustc --crate-name actix_service --edition=2018 /home/runner/.cargo/registry/src/index.crates.io-1949cf8c6b5b557f/actix-service-2.0.2/src/lib.rs --error-format=json --json=diagnostic-rendered-ansi,artifacts,future-incompat --crate-type lib --emit=dep-info,metadata,link -C opt-level=3 -C linker-plugin-lto -C codegen-units=1 --check-cfg 'cfg(docsrs,test)' --check-cfg 'cfg(feature, values())' -C metadata=9967a04b0baf722e -C extra-filename=-dc026884df3e2ed0 --out-dir /home/runner/work/v2ray-rust/v2ray-rust/target/aarch64-linux-android/release/deps --target aarch64-linux-android -C linker=/home/runner/.cargo/bin/cargo-ndk -C strip=symbols -L dependency=/home/runner/work/v2ray-rust/v2ray-rust/target/aarch64-linux-android/release/deps -L dependency=/home/runner/work/v2ray-rust/v2ray-rust/target/release/deps --extern futures_core=/home/runner/work/v2ray-rust/v2ray-rust/target/aarch64-linux-android/release/deps/libfutures_core-4fccbc47ed1904aa.rmeta --extern paste=/home/runner/work/v2ray-rust/v2ray-rust/target/release/deps/libpaste-24225518c7277e2c.so --extern pin_project_lite=/home/runner/work/v2ray-rust/v2ray-rust/target/aarch64-linux-android/release/deps/libpin_project_lite-2e4d95cd2456f886.rmeta --cap-lints allow`
     Running `/home/runner/.rustup/toolchains/stable-x86_64-unknown-linux-gnu/bin/rustc --crate-name rustls --edition=2021 /home/runner/.cargo/registry/src/index.crates.io-1949cf8c6b5b557f/rustls-0.23.31/src/lib.rs --error-format=json --json=diagnostic-rendered-ansi,artifacts,future-incompat --crate-type lib --emit=dep-info,metadata,link -C opt-level=3 -C linker-plugin-lto -C codegen-units=1 --warn=unexpected_cfgs --check-cfg 'cfg(bench)' --check-cfg 'cfg(coverage_nightly)' --check-cfg 'cfg(read_buf)' --cfg 'feature="ring"' --cfg 'feature="std"' --cfg 'feature="tls12"' --check-cfg 'cfg(docsrs,test)' --check-cfg 'cfg(feature, values("aws-lc-rs", "aws_lc_rs", "brotli", "custom-provider", "default", "fips", "hashbrown", "log", "logging", "prefer-post-quantum", "read_buf", "ring", "rustversion", "std", "tls12", "zlib"))' -C metadata=ddbe1922a629d46f -C extra-filename=-8c872fc4b5686950 --out-dir /home/runner/work/v2ray-rust/v2ray-rust/target/aarch64-linux-android/release/deps --target aarch64-linux-android -C linker=/home/runner/.cargo/bin/cargo-ndk -C strip=symbols -L dependency=/home/runner/work/v2ray-rust/v2ray-rust/target/aarch64-linux-android/release/deps -L dependency=/home/runner/work/v2ray-rust/v2ray-rust/target/release/deps --extern once_cell=/home/runner/work/v2ray-rust/v2ray-rust/target/aarch64-linux-android/release/deps/libonce_cell-7351ece8475b336f.rmeta --extern ring=/home/runner/work/v2ray-rust/v2ray-rust/target/aarch64-linux-android/release/deps/libring-235bd18f91eb78ca.rmeta --extern pki_types=/home/runner/work/v2ray-rust/v2ray-rust/target/aarch64-linux-android/release/deps/librustls_pki_types-308e4e99e92e1e22.rmeta --extern webpki=/home/runner/work/v2ray-rust/v2ray-rust/target/aarch64-linux-android/release/deps/libwebpki-a54f326f74f7336c.rmeta --extern subtle=/home/runner/work/v2ray-rust/v2ray-rust/target/aarch64-linux-android/release/deps/libsubtle-d2b2c8b88409a3fe.rmeta --extern zeroize=/home/runner/work/v2ray-rust/v2ray-rust/target/aarch64-linux-android/release/deps/libzeroize-f5097def0cbce85e.rmeta --cap-lints allow -L native=/home/runner/work/v2ray-rust/v2ray-rust/target/aarch64-linux-android/release/build/ring-b444a92f6cf4c334/out`
   Compiling bae v0.1.7
     Running `/home/runner/.rustup/toolchains/stable-x86_64-unknown-linux-gnu/bin/rustc --crate-name bae --edition=2018 /home/runner/.cargo/registry/src/index.crates.io-1949cf8c6b5b557f/bae-0.1.7/src/lib.rs --error-format=json --json=diagnostic-rendered-ansi,artifacts,future-incompat --crate-type proc-macro --emit=dep-info,link -C prefer-dynamic -C embed-bitcode=no -C debug-assertions=off --check-cfg 'cfg(docsrs,test)' --check-cfg 'cfg(feature, values())' -C metadata=55110941a08294fe -C extra-filename=-0b98616680b97227 --out-dir /home/runner/work/v2ray-rust/v2ray-rust/target/release/deps -C strip=symbols -L dependency=/home/runner/work/v2ray-rust/v2ray-rust/target/release/deps --extern heck=/home/runner/work/v2ray-rust/v2ray-rust/target/release/deps/libheck-b27b538121409101.rlib --extern proc_macro_error=/home/runner/work/v2ray-rust/v2ray-rust/target/release/deps/libproc_macro_error-cdcb77c2aeede696.rlib --extern proc_macro2=/home/runner/work/v2ray-rust/v2ray-rust/target/release/deps/libproc_macro2-091c85badb332630.rlib --extern quote=/home/runner/work/v2ray-rust/v2ray-rust/target/release/deps/libquote-e167b4859fbe4962.rlib --extern syn=/home/runner/work/v2ray-rust/v2ray-rust/target/release/deps/libsyn-1d0024537a82f46d.rlib --extern proc_macro --cap-lints allow`
     Running `/home/runner/.rustup/toolchains/stable-x86_64-unknown-linux-gnu/bin/rustc --crate-name num_bigint --edition=2018 /home/runner/.cargo/registry/src/index.crates.io-1949cf8c6b5b557f/num-bigint-0.4.4/src/lib.rs --error-format=json --json=diagnostic-rendered-ansi,artifacts,future-incompat --crate-type lib --emit=dep-info,metadata,link -C opt-level=3 -C linker-plugin-lto -C codegen-units=1 --cfg 'feature="default"' --cfg 'feature="std"' --check-cfg 'cfg(docsrs,test)' --check-cfg 'cfg(feature, values("arbitrary", "default", "quickcheck", "rand", "serde", "std"))' -C metadata=59b600ba37b4b460 -C extra-filename=-7af3f0c7945acbf7 --out-dir /home/runner/work/v2ray-rust/v2ray-rust/target/aarch64-linux-android/release/deps --target aarch64-linux-android -C linker=/home/runner/.cargo/bin/cargo-ndk -C strip=symbols -L dependency=/home/runner/work/v2ray-rust/v2ray-rust/target/aarch64-linux-android/release/deps -L dependency=/home/runner/work/v2ray-rust/v2ray-rust/target/release/deps --extern num_integer=/home/runner/work/v2ray-rust/v2ray-rust/target/aarch64-linux-android/release/deps/libnum_integer-508e61f0b09b0980.rmeta --extern num_traits=/home/runner/work/v2ray-rust/v2ray-rust/target/aarch64-linux-android/release/deps/libnum_traits-73e3c9c7fde05bf7.rmeta --cap-lints allow --cfg u64_digit --cfg has_try_from`
   Compiling prost v0.11.9
     Running `/home/runner/.rustup/toolchains/stable-x86_64-unknown-linux-gnu/bin/rustc --crate-name prost --edition=2021 /home/runner/.cargo/registry/src/index.crates.io-1949cf8c6b5b557f/prost-0.11.9/src/lib.rs --error-format=json --json=diagnostic-rendered-ansi,artifacts,future-incompat --crate-type lib --emit=dep-info,metadata,link -C opt-level=3 -C linker-plugin-lto -C codegen-units=1 --cfg 'feature="default"' --cfg 'feature="prost-derive"' --cfg 'feature="std"' --check-cfg 'cfg(docsrs,test)' --check-cfg 'cfg(feature, values("default", "no-recursion-limit", "prost-derive", "std"))' -C metadata=6ba074aedd82db24 -C extra-filename=-b889c0cc4f8087e2 --out-dir /home/runner/work/v2ray-rust/v2ray-rust/target/aarch64-linux-android/release/deps --target aarch64-linux-android -C linker=/home/runner/.cargo/bin/cargo-ndk -C strip=symbols -L dependency=/home/runner/work/v2ray-rust/v2ray-rust/target/aarch64-linux-android/release/deps -L dependency=/home/runner/work/v2ray-rust/v2ray-rust/target/release/deps --extern bytes=/home/runner/work/v2ray-rust/v2ray-rust/target/aarch64-linux-android/release/deps/libbytes-5396a74fd9a7037d.rmeta --extern prost_derive=/home/runner/work/v2ray-rust/v2ray-rust/target/release/deps/libprost_derive-8e27970e819e85a8.so --cap-lints allow`
   Compiling is-terminal v0.4.9
     Running `/home/runner/.rustup/toolchains/stable-x86_64-unknown-linux-gnu/bin/rustc --crate-name is_terminal --edition=2018 /home/runner/.cargo/registry/src/index.crates.io-1949cf8c6b5b557f/is-terminal-0.4.9/src/lib.rs --error-format=json --json=diagnostic-rendered-ansi,artifacts,future-incompat --crate-type lib --emit=dep-info,metadata,link -C opt-level=3 -C linker-plugin-lto -C codegen-units=1 --check-cfg 'cfg(docsrs,test)' --check-cfg 'cfg(feature, values())' -C metadata=38034e754a5c8bc4 -C extra-filename=-53a97cbbc557b951 --out-dir /home/runner/work/v2ray-rust/v2ray-rust/target/aarch64-linux-android/release/deps --target aarch64-linux-android -C linker=/home/runner/.cargo/bin/cargo-ndk -C strip=symbols -L dependency=/home/runner/work/v2ray-rust/v2ray-rust/target/aarch64-linux-android/release/deps -L dependency=/home/runner/work/v2ray-rust/v2ray-rust/target/release/deps --extern rustix=/home/runner/work/v2ray-rust/v2ray-rust/target/aarch64-linux-android/release/deps/librustix-b2332f707e8a8280.rmeta --cap-lints allow`
   Compiling brotli-decompressor v2.5.1
     Running `/home/runner/.rustup/toolchains/stable-x86_64-unknown-linux-gnu/bin/rustc --crate-name brotli_decompressor --edition=2015 /home/runner/.cargo/registry/src/index.crates.io-1949cf8c6b5b557f/brotli-decompressor-2.5.1/src/lib.rs --error-format=json --json=diagnostic-rendered-ansi,artifacts,future-incompat --crate-type lib --emit=dep-info,metadata,link -C opt-level=3 -C linker-plugin-lto -C codegen-units=1 --cfg 'feature="alloc-stdlib"' --cfg 'feature="std"' --check-cfg 'cfg(docsrs,test)' --check-cfg 'cfg(feature, values("alloc-stdlib", "benchmark", "default", "disable-timer", "pass-through-ffi-panics", "seccomp", "std", "unsafe"))' -C metadata=e3876b7d301ef045 -C extra-filename=-1488063e7b8a0f1d --out-dir /home/runner/work/v2ray-rust/v2ray-rust/target/aarch64-linux-android/release/deps --target aarch64-linux-android -C linker=/home/runner/.cargo/bin/cargo-ndk -C strip=symbols -L dependency=/home/runner/work/v2ray-rust/v2ray-rust/target/aarch64-linux-android/release/deps -L dependency=/home/runner/work/v2ray-rust/v2ray-rust/target/release/deps --extern alloc_no_stdlib=/home/runner/work/v2ray-rust/v2ray-rust/target/aarch64-linux-android/release/deps/liballoc_no_stdlib-9e8c96be6e74aeb4.rmeta --extern alloc_stdlib=/home/runner/work/v2ray-rust/v2ray-rust/target/aarch64-linux-android/release/deps/liballoc_stdlib-c711342a7dd3d1ca.rmeta --cap-lints allow`
     Running `/home/runner/.rustup/toolchains/stable-x86_64-unknown-linux-gnu/bin/rustc --crate-name radium --edition=2018 /home/runner/.cargo/registry/src/index.crates.io-1949cf8c6b5b557f/radium-0.7.0/src/lib.rs --error-format=json --json=diagnostic-rendered-ansi,artifacts,future-incompat --crate-type lib --emit=dep-info,metadata,link -C opt-level=3 -C linker-plugin-lto -C codegen-units=1 --check-cfg 'cfg(docsrs,test)' --check-cfg 'cfg(feature, values())' -C metadata=343db8c03506e259 -C extra-filename=-a98fee574e58b8d5 --out-dir /home/runner/work/v2ray-rust/v2ray-rust/target/aarch64-linux-android/release/deps --target aarch64-linux-android -C linker=/home/runner/.cargo/bin/cargo-ndk -C strip=symbols -L dependency=/home/runner/work/v2ray-rust/v2ray-rust/target/aarch64-linux-android/release/deps -L dependency=/home/runner/work/v2ray-rust/v2ray-rust/target/release/deps --cap-lints allow --cfg radium_atomic_8 --cfg radium_atomic_16 --cfg radium_atomic_32 --cfg radium_atomic_64 --cfg radium_atomic_ptr`
     Running `/home/runner/.rustup/toolchains/stable-x86_64-unknown-linux-gnu/bin/rustc --crate-name protobuf_support --edition=2021 /home/runner/.cargo/registry/src/index.crates.io-1949cf8c6b5b557f/protobuf-support-3.3.0/src/lib.rs --error-format=json --json=diagnostic-rendered-ansi,artifacts,future-incompat --crate-type lib --emit=dep-info,metadata,link -C opt-level=3 -C linker-plugin-lto -C codegen-units=1 --check-cfg 'cfg(docsrs,test)' --check-cfg 'cfg(feature, values())' -C metadata=4c72082c2222b9ad -C extra-filename=-dc137fdcbf7b8a84 --out-dir /home/runner/work/v2ray-rust/v2ray-rust/target/aarch64-linux-android/release/deps --target aarch64-linux-android -C linker=/home/runner/.cargo/bin/cargo-ndk -C strip=symbols -L dependency=/home/runner/work/v2ray-rust/v2ray-rust/target/aarch64-linux-android/release/deps -L dependency=/home/runner/work/v2ray-rust/v2ray-rust/target/release/deps --extern thiserror=/home/runner/work/v2ray-rust/v2ray-rust/target/aarch64-linux-android/release/deps/libthiserror-f1027d0320c3d86d.rmeta --cap-lints allow`
   Compiling poly1305 v0.8.0
     Running `/home/runner/.rustup/toolchains/stable-x86_64-unknown-linux-gnu/bin/rustc --crate-name poly1305 --edition=2021 /home/runner/.cargo/registry/src/index.crates.io-1949cf8c6b5b557f/poly1305-0.8.0/src/lib.rs --error-format=json --json=diagnostic-rendered-ansi,artifacts,future-incompat --crate-type lib --emit=dep-info,metadata,link -C opt-level=3 -C linker-plugin-lto -C codegen-units=1 --check-cfg 'cfg(docsrs,test)' --check-cfg 'cfg(feature, values("std", "zeroize"))' -C metadata=1cbd494296c6b132 -C extra-filename=-28e51a5aaa437137 --out-dir /home/runner/work/v2ray-rust/v2ray-rust/target/aarch64-linux-android/release/deps --target aarch64-linux-android -C linker=/home/runner/.cargo/bin/cargo-ndk -C strip=symbols -L dependency=/home/runner/work/v2ray-rust/v2ray-rust/target/aarch64-linux-android/release/deps -L dependency=/home/runner/work/v2ray-rust/v2ray-rust/target/release/deps --extern opaque_debug=/home/runner/work/v2ray-rust/v2ray-rust/target/aarch64-linux-android/release/deps/libopaque_debug-4ddd4bb46915be3a.rmeta --extern universal_hash=/home/runner/work/v2ray-rust/v2ray-rust/target/aarch64-linux-android/release/deps/libuniversal_hash-0b61a446abe410f4.rmeta --cap-lints allow`
   Compiling aes v0.8.3
     Running `/home/runner/.rustup/toolchains/stable-x86_64-unknown-linux-gnu/bin/rustc --crate-name aes --edition=2021 /home/runner/.cargo/registry/src/index.crates.io-1949cf8c6b5b557f/aes-0.8.3/src/lib.rs --error-format=json --json=diagnostic-rendered-ansi,artifacts,future-incompat --crate-type lib --emit=dep-info,metadata,link -C opt-level=3 -C linker-plugin-lto -C codegen-units=1 --check-cfg 'cfg(docsrs,test)' --check-cfg 'cfg(feature, values("hazmat", "zeroize"))' -C metadata=aa4282b2f4a88ba9 -C extra-filename=-bacd3ba8dbdcbe69 --out-dir /home/runner/work/v2ray-rust/v2ray-rust/target/aarch64-linux-android/release/deps --target aarch64-linux-android -C linker=/home/runner/.cargo/bin/cargo-ndk -C strip=symbols -L dependency=/home/runner/work/v2ray-rust/v2ray-rust/target/aarch64-linux-android/release/deps -L dependency=/home/runner/work/v2ray-rust/v2ray-rust/target/release/deps --extern cfg_if=/home/runner/work/v2ray-rust/v2ray-rust/target/aarch64-linux-android/release/deps/libcfg_if-4759f9181b9a8545.rmeta --extern cipher=/home/runner/work/v2ray-rust/v2ray-rust/target/aarch64-linux-android/release/deps/libcipher-dc64aa75e2d90c8f.rmeta --extern cpufeatures=/home/runner/work/v2ray-rust/v2ray-rust/target/aarch64-linux-android/release/deps/libcpufeatures-3aa5ff40a357d360.rmeta --cap-lints allow`
   Compiling chacha20 v0.9.1
     Running `/home/runner/.rustup/toolchains/stable-x86_64-unknown-linux-gnu/bin/rustc --crate-name chacha20 --edition=2021 /home/runner/.cargo/registry/src/index.crates.io-1949cf8c6b5b557f/chacha20-0.9.1/src/lib.rs --error-format=json --json=diagnostic-rendered-ansi,artifacts,future-incompat --crate-type lib --emit=dep-info,metadata,link -C opt-level=3 -C linker-plugin-lto -C codegen-units=1 --cfg 'feature="zeroize"' --check-cfg 'cfg(docsrs,test)' --check-cfg 'cfg(feature, values("std", "zeroize"))' -C metadata=c099ddd14af776fe -C extra-filename=-63a72317a40383ff --out-dir /home/runner/work/v2ray-rust/v2ray-rust/target/aarch64-linux-android/release/deps --target aarch64-linux-android -C linker=/home/runner/.cargo/bin/cargo-ndk -C strip=symbols -L dependency=/home/runner/work/v2ray-rust/v2ray-rust/target/aarch64-linux-android/release/deps -L dependency=/home/runner/work/v2ray-rust/v2ray-rust/target/release/deps --extern cfg_if=/home/runner/work/v2ray-rust/v2ray-rust/target/aarch64-linux-android/release/deps/libcfg_if-4759f9181b9a8545.rmeta --extern cipher=/home/runner/work/v2ray-rust/v2ray-rust/target/aarch64-linux-android/release/deps/libcipher-dc64aa75e2d90c8f.rmeta --cap-lints allow`
   Compiling ctr v0.9.2
     Running `/home/runner/.rustup/toolchains/stable-x86_64-unknown-linux-gnu/bin/rustc --crate-name ctr --edition=2021 /home/runner/.cargo/registry/src/index.crates.io-1949cf8c6b5b557f/ctr-0.9.2/src/lib.rs --error-format=json --json=diagnostic-rendered-ansi,artifacts,future-incompat --crate-type lib --emit=dep-info,metadata,link -C opt-level=3 -C linker-plugin-lto -C codegen-units=1 --check-cfg 'cfg(docsrs,test)' --check-cfg 'cfg(feature, values("alloc", "block-padding", "std", "zeroize"))' -C metadata=b9c8b53a95bc27a7 -C extra-filename=-4219fa5538c9f501 --out-dir /home/runner/work/v2ray-rust/v2ray-rust/target/aarch64-linux-android/release/deps --target aarch64-linux-android -C linker=/home/runner/.cargo/bin/cargo-ndk -C strip=symbols -L dependency=/home/runner/work/v2ray-rust/v2ray-rust/target/aarch64-linux-android/release/deps -L dependency=/home/runner/work/v2ray-rust/v2ray-rust/target/release/deps --extern cipher=/home/runner/work/v2ray-rust/v2ray-rust/target/aarch64-linux-android/release/deps/libcipher-dc64aa75e2d90c8f.rmeta --cap-lints allow`
   Compiling rustls-pemfile v2.2.0
     Running `/home/runner/.rustup/toolchains/stable-x86_64-unknown-linux-gnu/bin/rustc --crate-name rustls_pemfile --edition=2018 /home/runner/.cargo/registry/src/index.crates.io-1949cf8c6b5b557f/rustls-pemfile-2.2.0/src/lib.rs --error-format=json --json=diagnostic-rendered-ansi,artifacts,future-incompat --crate-type lib --emit=dep-info,metadata,link -C opt-level=3 -C linker-plugin-lto -C codegen-units=1 --cfg 'feature="default"' --cfg 'feature="std"' --check-cfg 'cfg(docsrs,test)' --check-cfg 'cfg(feature, values("default", "std"))' -C metadata=56c2ea3b94ec8ecb -C extra-filename=-f2b48a0db8ed83ac --out-dir /home/runner/work/v2ray-rust/v2ray-rust/target/aarch64-linux-android/release/deps --target aarch64-linux-android -C linker=/home/runner/.cargo/bin/cargo-ndk -C strip=symbols -L dependency=/home/runner/work/v2ray-rust/v2ray-rust/target/aarch64-linux-android/release/deps -L dependency=/home/runner/work/v2ray-rust/v2ray-rust/target/release/deps --extern pki_types=/home/runner/work/v2ray-rust/v2ray-rust/target/aarch64-linux-android/release/deps/librustls_pki_types-308e4e99e92e1e22.rmeta --cap-lints allow`
   Compiling webpki-roots v1.0.9
     Running `/home/runner/.rustup/toolchains/stable-x86_64-unknown-linux-gnu/bin/rustc --crate-name webpki_roots --edition=2021 /home/runner/.cargo/registry/src/index.crates.io-1949cf8c6b5b557f/webpki-roots-1.0.9/src/lib.rs --error-format=json --json=diagnostic-rendered-ansi,artifacts,future-incompat --crate-type lib --emit=dep-info,metadata,link -C opt-level=3 -C linker-plugin-lto -C codegen-units=1 --check-cfg 'cfg(docsrs,test)' --check-cfg 'cfg(feature, values())' -C metadata=ff81889d7b52d236 -C extra-filename=-55f5b91f08ee0576 --out-dir /home/runner/work/v2ray-rust/v2ray-rust/target/aarch64-linux-android/release/deps --target aarch64-linux-android -C linker=/home/runner/.cargo/bin/cargo-ndk -C strip=symbols -L dependency=/home/runner/work/v2ray-rust/v2ray-rust/target/aarch64-linux-android/release/deps -L dependency=/home/runner/work/v2ray-rust/v2ray-rust/target/release/deps --extern pki_types=/home/runner/work/v2ray-rust/v2ray-rust/target/aarch64-linux-android/release/deps/librustls_pki_types-308e4e99e92e1e22.rmeta --cap-lints allow`
   Compiling tokio-stream v0.1.14
     Running `/home/runner/.rustup/toolchains/stable-x86_64-unknown-linux-gnu/bin/rustc --crate-name tokio_stream --edition=2021 /home/runner/.cargo/registry/src/index.crates.io-1949cf8c6b5b557f/tokio-stream-0.1.14/src/lib.rs --error-format=json --json=diagnostic-rendered-ansi,artifacts,future-incompat --crate-type lib --emit=dep-info,metadata,link -C opt-level=3 -C linker-plugin-lto -C codegen-units=1 --cfg 'feature="default"' --cfg 'feature="time"' --check-cfg 'cfg(docsrs,test)' --check-cfg 'cfg(feature, values("default", "fs", "full", "io-util", "net", "signal", "sync", "time", "tokio-util"))' -C metadata=29a3a0265b276923 -C extra-filename=-5f98a2aeacff12e5 --out-dir /home/runner/work/v2ray-rust/v2ray-rust/target/aarch64-linux-android/release/deps --target aarch64-linux-android -C linker=/home/runner/.cargo/bin/cargo-ndk -C strip=symbols -L dependency=/home/runner/work/v2ray-rust/v2ray-rust/target/aarch64-linux-android/release/deps -L dependency=/home/runner/work/v2ray-rust/v2ray-rust/target/release/deps --extern futures_core=/home/runner/work/v2ray-rust/v2ray-rust/target/aarch64-linux-android/release/deps/libfutures_core-4fccbc47ed1904aa.rmeta --extern pin_project_lite=/home/runner/work/v2ray-rust/v2ray-rust/target/aarch64-linux-android/release/deps/libpin_project_lite-2e4d95cd2456f886.rmeta --extern tokio=/home/runner/work/v2ray-rust/v2ray-rust/target/aarch64-linux-android/release/deps/libtokio-d261ade94ecabb64.rmeta --cap-lints allow`
   Compiling hmac v0.12.1
     Running `/home/runner/.rustup/toolchains/stable-x86_64-unknown-linux-gnu/bin/rustc --crate-name hmac --edition=2018 /home/runner/.cargo/registry/src/index.crates.io-1949cf8c6b5b557f/hmac-0.12.1/src/lib.rs --error-format=json --json=diagnostic-rendered-ansi,artifacts,future-incompat --crate-type lib --emit=dep-info,metadata,link -C opt-level=3 -C linker-plugin-lto -C codegen-units=1 --check-cfg 'cfg(docsrs,test)' --check-cfg 'cfg(feature, values("reset", "std"))' -C metadata=f3ad8249774d9fd6 -C extra-filename=-609cdcccaa34b35f --out-dir /home/runner/work/v2ray-rust/v2ray-rust/target/aarch64-linux-android/release/deps --target aarch64-linux-android -C linker=/home/runner/.cargo/bin/cargo-ndk -C strip=symbols -L dependency=/home/runner/work/v2ray-rust/v2ray-rust/target/aarch64-linux-android/release/deps -L dependency=/home/runner/work/v2ray-rust/v2ray-rust/target/release/deps --extern digest=/home/runner/work/v2ray-rust/v2ray-rust/target/aarch64-linux-android/release/deps/libdigest-aff9c976ed09de6a.rmeta --cap-lints allow`
     Running `/home/runner/work/v2ray-rust/v2ray-rust/target/release/build/anyhow-39ffe5728b90ad86/build-script-build`
   Compiling bit-vec v0.6.3
     Running `/home/runner/.rustup/toolchains/stable-x86_64-unknown-linux-gnu/bin/rustc --crate-name bit_vec --edition=2015 /home/runner/.cargo/registry/src/index.crates.io-1949cf8c6b5b557f/bit-vec-0.6.3/src/lib.rs --error-format=json --json=diagnostic-rendered-ansi,artifacts,future-incompat --crate-type lib --emit=dep-info,metadata,link -C opt-level=3 -C linker-plugin-lto -C codegen-units=1 --cfg 'feature="default"' --cfg 'feature="std"' --check-cfg 'cfg(docsrs,test)' --check-cfg 'cfg(feature, values("default", "serde", "serde_no_std", "serde_std", "std"))' -C metadata=ed73fa8f7b856a5c -C extra-filename=-95f6f300b500e87a --out-dir /home/runner/work/v2ray-rust/v2ray-rust/target/aarch64-linux-android/release/deps --target aarch64-linux-android -C linker=/home/runner/.cargo/bin/cargo-ndk -C strip=symbols -L dependency=/home/runner/work/v2ray-rust/v2ray-rust/target/aarch64-linux-android/release/deps -L dependency=/home/runner/work/v2ray-rust/v2ray-rust/target/release/deps --cap-lints allow`
   Compiling termcolor v1.4.0
     Running `/home/runner/.rustup/toolchains/stable-x86_64-unknown-linux-gnu/bin/rustc --crate-name termcolor --edition=2018 /home/runner/.cargo/registry/src/index.crates.io-1949cf8c6b5b557f/termcolor-1.4.0/src/lib.rs --error-format=json --json=diagnostic-rendered-ansi,artifacts,future-incompat --crate-type lib --emit=dep-info,metadata,link -C opt-level=3 -C linker-plugin-lto -C codegen-units=1 --check-cfg 'cfg(docsrs,test)' --check-cfg 'cfg(feature, values())' -C metadata=326fe0adcc1fda13 -C extra-filename=-d50be5d8d5a6fcc5 --out-dir /home/runner/work/v2ray-rust/v2ray-rust/target/aarch64-linux-android/release/deps --target aarch64-linux-android -C linker=/home/runner/.cargo/bin/cargo-ndk -C strip=symbols -L dependency=/home/runner/work/v2ray-rust/v2ray-rust/target/aarch64-linux-android/release/deps -L dependency=/home/runner/work/v2ray-rust/v2ray-rust/target/release/deps --cap-lints allow`
   Compiling siphasher v1.0.0
     Running `/home/runner/.rustup/toolchains/stable-x86_64-unknown-linux-gnu/bin/rustc --crate-name siphasher --edition=2018 /home/runner/.cargo/registry/src/index.crates.io-1949cf8c6b5b557f/siphasher-1.0.0/src/lib.rs --error-format=json --json=diagnostic-rendered-ansi,artifacts,future-incompat --crate-type lib --emit=dep-info,metadata,link -C opt-level=3 -C linker-plugin-lto -C codegen-units=1 --cfg 'feature="default"' --cfg 'feature="std"' --check-cfg 'cfg(docsrs,test)' --check-cfg 'cfg(feature, values("default", "serde", "serde_json", "serde_no_std", "serde_std", "std"))' -C metadata=0004134a7a2b2b5c -C extra-filename=-b95f6f2b85dc1395 --out-dir /home/runner/work/v2ray-rust/v2ray-rust/target/aarch64-linux-android/release/deps --target aarch64-linux-android -C linker=/home/runner/.cargo/bin/cargo-ndk -C strip=symbols -L dependency=/home/runner/work/v2ray-rust/v2ray-rust/target/aarch64-linux-android/release/deps -L dependency=/home/runner/work/v2ray-rust/v2ray-rust/target/release/deps --cap-lints allow`
   Compiling openssl-probe v0.1.5
   Compiling base64 v0.21.5
     Running `/home/runner/.rustup/toolchains/stable-x86_64-unknown-linux-gnu/bin/rustc --crate-name openssl_probe --edition=2015 /home/runner/.cargo/registry/src/index.crates.io-1949cf8c6b5b557f/openssl-probe-0.1.5/src/lib.rs --error-format=json --json=diagnostic-rendered-ansi,artifacts,future-incompat --crate-type lib --emit=dep-info,metadata,link -C opt-level=3 -C linker-plugin-lto -C codegen-units=1 --check-cfg 'cfg(docsrs,test)' --check-cfg 'cfg(feature, values())' -C metadata=99fbd9a1cd51fec8 -C extra-filename=-aff7803e7809aab8 --out-dir /home/runner/work/v2ray-rust/v2ray-rust/target/aarch64-linux-android/release/deps --target aarch64-linux-android -C linker=/home/runner/.cargo/bin/cargo-ndk -C strip=symbols -L dependency=/home/runner/work/v2ray-rust/v2ray-rust/target/aarch64-linux-android/release/deps -L dependency=/home/runner/work/v2ray-rust/v2ray-rust/target/release/deps --cap-lints allow`
     Running `/home/runner/.rustup/toolchains/stable-x86_64-unknown-linux-gnu/bin/rustc --crate-name base64 --edition=2018 /home/runner/.cargo/registry/src/index.crates.io-1949cf8c6b5b557f/base64-0.21.5/src/lib.rs --error-format=json --json=diagnostic-rendered-ansi,artifacts,future-incompat --crate-type lib --emit=dep-info,metadata,link -C opt-level=3 -C linker-plugin-lto -C codegen-units=1 --cfg 'feature="alloc"' --cfg 'feature="default"' --cfg 'feature="std"' --check-cfg 'cfg(docsrs,test)' --check-cfg 'cfg(feature, values("alloc", "default", "std"))' -C metadata=b6cbfc3ed6a6a26c -C extra-filename=-743780d56a64ff42 --out-dir /home/runner/work/v2ray-rust/v2ray-rust/target/aarch64-linux-android/release/deps --target aarch64-linux-android -C linker=/home/runner/.cargo/bin/cargo-ndk -C strip=symbols -L dependency=/home/runner/work/v2ray-rust/v2ray-rust/target/aarch64-linux-android/release/deps -L dependency=/home/runner/work/v2ray-rust/v2ray-rust/target/release/deps --cap-lints allow`
   Compiling debug-helper v0.3.13
     Running `/home/runner/.rustup/toolchains/stable-x86_64-unknown-linux-gnu/bin/rustc --crate-name debug_helper --edition=2021 /home/runner/.cargo/registry/src/index.crates.io-1949cf8c6b5b557f/debug-helper-0.3.13/src/lib.rs --error-format=json --json=diagnostic-rendered-ansi,artifacts,future-incompat --crate-type lib --emit=dep-info,metadata,link -C opt-level=3 -C linker-plugin-lto -C codegen-units=1 --check-cfg 'cfg(docsrs,test)' --check-cfg 'cfg(feature, values())' -C metadata=997657d0cc755f1c -C extra-filename=-449dbff358b2310b --out-dir /home/runner/work/v2ray-rust/v2ray-rust/target/aarch64-linux-android/release/deps --target aarch64-linux-android -C linker=/home/runner/.cargo/bin/cargo-ndk -C strip=symbols -L dependency=/home/runner/work/v2ray-rust/v2ray-rust/target/aarch64-linux-android/release/deps -L dependency=/home/runner/work/v2ray-rust/v2ray-rust/target/release/deps --cap-lints allow`
   Compiling humantime v2.1.0
     Running `/home/runner/.rustup/toolchains/stable-x86_64-unknown-linux-gnu/bin/rustc --crate-name humantime --edition=2018 /home/runner/.cargo/registry/src/index.crates.io-1949cf8c6b5b557f/humantime-2.1.0/src/lib.rs --error-format=json --json=diagnostic-rendered-ansi,artifacts,future-incompat --crate-type lib --emit=dep-info,metadata,link -C opt-level=3 -C linker-plugin-lto -C codegen-units=1 --check-cfg 'cfg(docsrs,test)' --check-cfg 'cfg(feature, values())' -C metadata=cdc46a8e884e2063 -C extra-filename=-0c4226f2f33e53aa --out-dir /home/runner/work/v2ray-rust/v2ray-rust/target/aarch64-linux-android/release/deps --target aarch64-linux-android -C linker=/home/runner/.cargo/bin/cargo-ndk -C strip=symbols -L dependency=/home/runner/work/v2ray-rust/v2ray-rust/target/aarch64-linux-android/release/deps -L dependency=/home/runner/work/v2ray-rust/v2ray-rust/target/release/deps --cap-lints allow`
   Compiling funty v2.0.0
     Running `/home/runner/.rustup/toolchains/stable-x86_64-unknown-linux-gnu/bin/rustc --crate-name funty --edition=2018 /home/runner/.cargo/registry/src/index.crates.io-1949cf8c6b5b557f/funty-2.0.0/src/lib.rs --error-format=json --json=diagnostic-rendered-ansi,artifacts,future-incompat --crate-type lib --emit=dep-info,metadata,link -C opt-level=3 -C linker-plugin-lto -C codegen-units=1 --check-cfg 'cfg(docsrs,test)' --check-cfg 'cfg(feature, values("default", "std"))' -C metadata=c5969291e44b1bd2 -C extra-filename=-1ecefe6e1088ea85 --out-dir /home/runner/work/v2ray-rust/v2ray-rust/target/aarch64-linux-android/release/deps --target aarch64-linux-android -C linker=/home/runner/.cargo/bin/cargo-ndk -C strip=symbols -L dependency=/home/runner/work/v2ray-rust/v2ray-rust/target/aarch64-linux-android/release/deps -L dependency=/home/runner/work/v2ray-rust/v2ray-rust/target/release/deps --cap-lints allow`
   Compiling env_logger v0.10.1
     Running `/home/runner/.rustup/toolchains/stable-x86_64-unknown-linux-gnu/bin/rustc --crate-name env_logger --edition=2021 /home/runner/.cargo/registry/src/index.crates.io-1949cf8c6b5b557f/env_logger-0.10.1/src/lib.rs --error-format=json --json=diagnostic-rendered-ansi,artifacts,future-incompat --crate-type lib --emit=dep-info,metadata,link -C opt-level=3 -C linker-plugin-lto -C codegen-units=1 --cfg 'feature="auto-color"' --cfg 'feature="color"' --cfg 'feature="default"' --cfg 'feature="humantime"' --cfg 'feature="regex"' --check-cfg 'cfg(docsrs,test)' --check-cfg 'cfg(feature, values("auto-color", "color", "default", "humantime", "regex"))' -C metadata=fc902f255b68f729 -C extra-filename=-be403c973bb08974 --out-dir /home/runner/work/v2ray-rust/v2ray-rust/target/aarch64-linux-android/release/deps --target aarch64-linux-android -C linker=/home/runner/.cargo/bin/cargo-ndk -C strip=symbols -L dependency=/home/runner/work/v2ray-rust/v2ray-rust/target/aarch64-linux-android/release/deps -L dependency=/home/runner/work/v2ray-rust/v2ray-rust/target/release/deps --extern humantime=/home/runner/work/v2ray-rust/v2ray-rust/target/aarch64-linux-android/release/deps/libhumantime-0c4226f2f33e53aa.rmeta --extern is_terminal=/home/runner/work/v2ray-rust/v2ray-rust/target/aarch64-linux-android/release/deps/libis_terminal-53a97cbbc557b951.rmeta --extern log=/home/runner/work/v2ray-rust/v2ray-rust/target/aarch64-linux-android/release/deps/liblog-39ac4c76d4f8181f.rmeta --extern regex=/home/runner/work/v2ray-rust/v2ray-rust/target/aarch64-linux-android/release/deps/libregex-3bc7008fbccb0616.rmeta --extern termcolor=/home/runner/work/v2ray-rust/v2ray-rust/target/aarch64-linux-android/release/deps/libtermcolor-d50be5d8d5a6fcc5.rmeta --cap-lints allow`
   Compiling tonic v0.9.2
     Running `/home/runner/.rustup/toolchains/stable-x86_64-unknown-linux-gnu/bin/rustc --crate-name tonic --edition=2021 /home/runner/.cargo/registry/src/index.crates.io-1949cf8c6b5b557f/tonic-0.9.2/src/lib.rs --error-format=json --json=diagnostic-rendered-ansi,artifacts,future-incompat --crate-type lib --emit=dep-info,metadata,link -C opt-level=3 -C linker-plugin-lto -C codegen-units=1 --cfg 'feature="channel"' --cfg 'feature="codegen"' --cfg 'feature="default"' --cfg 'feature="prost"' --cfg 'feature="transport"' --check-cfg 'cfg(docsrs,test)' --check-cfg 'cfg(feature, values("channel", "codegen", "default", "gzip", "prost", "tls", "tls-roots", "tls-roots-common", "tls-webpki-roots", "transport"))' -C metadata=0ced569848477ba2 -C extra-filename=-14a3f4e590950626 --out-dir /home/runner/work/v2ray-rust/v2ray-rust/target/aarch64-linux-android/release/deps --target aarch64-linux-android -C linker=/home/runner/.cargo/bin/cargo-ndk -C strip=symbols -L dependency=/home/runner/work/v2ray-rust/v2ray-rust/target/aarch64-linux-android/release/deps -L dependency=/home/runner/work/v2ray-rust/v2ray-rust/target/release/deps --extern async_trait=/home/runner/work/v2ray-rust/v2ray-rust/target/release/deps/libasync_trait-ccf680efd99bb5ef.so --extern axum=/home/runner/work/v2ray-rust/v2ray-rust/target/aarch64-linux-android/release/deps/libaxum-6e776ddd7b083db2.rmeta --extern base64=/home/runner/work/v2ray-rust/v2ray-rust/target/aarch64-linux-android/release/deps/libbase64-743780d56a64ff42.rmeta --extern bytes=/home/runner/work/v2ray-rust/v2ray-rust/target/aarch64-linux-android/release/deps/libbytes-5396a74fd9a7037d.rmeta --extern futures_core=/home/runner/work/v2ray-rust/v2ray-rust/target/aarch64-linux-android/release/deps/libfutures_core-4fccbc47ed1904aa.rmeta --extern futures_util=/home/runner/work/v2ray-rust/v2ray-rust/target/aarch64-linux-android/release/deps/libfutures_util-e669b40623ab146e.rmeta --extern h2=/home/runner/work/v2ray-rust/v2ray-rust/target/aarch64-linux-android/release/deps/libh2-27199f6123a64607.rmeta --extern http=/home/runner/work/v2ray-rust/v2ray-rust/target/aarch64-linux-android/release/deps/libhttp-fefc21c58dc69fca.rmeta --extern http_body=/home/runner/work/v2ray-rust/v2ray-rust/target/aarch64-linux-android/release/deps/libhttp_body-4bec4e68e6e28f4a.rmeta --extern hyper=/home/runner/work/v2ray-rust/v2ray-rust/target/aarch64-linux-android/release/deps/libhyper-c76cc5cb14722a18.rmeta --extern hyper_timeout=/home/runner/work/v2ray-rust/v2ray-rust/target/aarch64-linux-android/release/deps/libhyper_timeout-561ad3c48227d3aa.rmeta --extern percent_encoding=/home/runner/work/v2ray-rust/v2ray-rust/target/aarch64-linux-android/release/deps/libpercent_encoding-21af6e8949d635f6.rmeta --extern pin_project=/home/runner/work/v2ray-rust/v2ray-rust/target/aarch64-linux-android/release/deps/libpin_project-288b452e334ebd1b.rmeta --extern prost=/home/runner/work/v2ray-rust/v2ray-rust/target/aarch64-linux-android/release/deps/libprost-b889c0cc4f8087e2.rmeta --extern tokio=/home/runner/work/v2ray-rust/v2ray-rust/target/aarch64-linux-android/release/deps/libtokio-d261ade94ecabb64.rmeta --extern tokio_stream=/home/runner/work/v2ray-rust/v2ray-rust/target/aarch64-linux-android/release/deps/libtokio_stream-5f98a2aeacff12e5.rmeta --extern tower=/home/runner/work/v2ray-rust/v2ray-rust/target/aarch64-linux-android/release/deps/libtower-fd33e174320f3ac9.rmeta --extern tower_layer=/home/runner/work/v2ray-rust/v2ray-rust/target/aarch64-linux-android/release/deps/libtower_layer-d83f0e5e0811e26e.rmeta --extern tower_service=/home/runner/work/v2ray-rust/v2ray-rust/target/aarch64-linux-android/release/deps/libtower_service-fb78cbc4eafaec51.rmeta --extern tracing=/home/runner/work/v2ray-rust/v2ray-rust/target/aarch64-linux-android/release/deps/libtracing-8690e20607fd7ed8.rmeta --cap-lints allow`
   Compiling bitvec v1.0.1
     Running `/home/runner/.rustup/toolchains/stable-x86_64-unknown-linux-gnu/bin/rustc --crate-name bitvec --edition=2021 /home/runner/.cargo/registry/src/index.crates.io-1949cf8c6b5b557f/bitvec-1.0.1/src/lib.rs --error-format=json --json=diagnostic-rendered-ansi,artifacts,future-incompat --crate-type lib --emit=dep-info,metadata,link -C opt-level=3 -C linker-plugin-lto -C codegen-units=1 --cfg 'feature="alloc"' --cfg 'feature="atomic"' --cfg 'feature="default"' --cfg 'feature="std"' --check-cfg 'cfg(docsrs,test)' --check-cfg 'cfg(feature, values("alloc", "atomic", "default", "serde", "std", "testing"))' -C metadata=b1bc322ce2aa34e0 -C extra-filename=-13928045bc61cecc --out-dir /home/runner/work/v2ray-rust/v2ray-rust/target/aarch64-linux-android/release/deps --target aarch64-linux-android -C linker=/home/runner/.cargo/bin/cargo-ndk -C strip=symbols -L dependency=/home/runner/work/v2ray-rust/v2ray-rust/target/aarch64-linux-android/release/deps -L dependency=/home/runner/work/v2ray-rust/v2ray-rust/target/release/deps --extern funty=/home/runner/work/v2ray-rust/v2ray-rust/target/aarch64-linux-android/release/deps/libfunty-1ecefe6e1088ea85.rmeta --extern radium=/home/runner/work/v2ray-rust/v2ray-rust/target/aarch64-linux-android/release/deps/libradium-a98fee574e58b8d5.rmeta --extern tap=/home/runner/work/v2ray-rust/v2ray-rust/target/aarch64-linux-android/release/deps/libtap-5087040dca37eb0e.rmeta --extern wyz=/home/runner/work/v2ray-rust/v2ray-rust/target/aarch64-linux-android/release/deps/libwyz-61c9194c9db3e10e.rmeta --cap-lints allow`
   Compiling rustls-native-certs v0.7.3
     Running `/home/runner/.rustup/toolchains/stable-x86_64-unknown-linux-gnu/bin/rustc --crate-name rustls_native_certs --edition=2021 /home/runner/.cargo/registry/src/index.crates.io-1949cf8c6b5b557f/rustls-native-certs-0.7.3/src/lib.rs --error-format=json --json=diagnostic-rendered-ansi,artifacts,future-incompat --crate-type lib --emit=dep-info,metadata,link -C opt-level=3 -C linker-plugin-lto -C codegen-units=1 --check-cfg 'cfg(docsrs,test)' --check-cfg 'cfg(feature, values())' -C metadata=0ea19c9bc02425e8 -C extra-filename=-d798ea4f40a346e9 --out-dir /home/runner/work/v2ray-rust/v2ray-rust/target/aarch64-linux-android/release/deps --target aarch64-linux-android -C linker=/home/runner/.cargo/bin/cargo-ndk -C strip=symbols -L dependency=/home/runner/work/v2ray-rust/v2ray-rust/target/aarch64-linux-android/release/deps -L dependency=/home/runner/work/v2ray-rust/v2ray-rust/target/release/deps --extern openssl_probe=/home/runner/work/v2ray-rust/v2ray-rust/target/aarch64-linux-android/release/deps/libopenssl_probe-aff7803e7809aab8.rmeta --extern rustls_pemfile=/home/runner/work/v2ray-rust/v2ray-rust/target/aarch64-linux-android/release/deps/librustls_pemfile-f2b48a0db8ed83ac.rmeta --extern pki_types=/home/runner/work/v2ray-rust/v2ray-rust/target/aarch64-linux-android/release/deps/librustls_pki_types-308e4e99e92e1e22.rmeta --cap-lints allow`
   Compiling cidr-utils v0.5.11
     Running `/home/runner/.rustup/toolchains/stable-x86_64-unknown-linux-gnu/bin/rustc --crate-name cidr_utils --edition=2021 /home/runner/.cargo/registry/src/index.crates.io-1949cf8c6b5b557f/cidr-utils-0.5.11/src/lib.rs --error-format=json --json=diagnostic-rendered-ansi,artifacts,future-incompat --crate-type lib --emit=dep-info,metadata,link -C opt-level=3 -C linker-plugin-lto -C codegen-units=1 --check-cfg 'cfg(docsrs,test)' --check-cfg 'cfg(feature, values("serde"))' -C metadata=e50c16bc4a492cd2 -C extra-filename=-053ee81b0a477edc --out-dir /home/runner/work/v2ray-rust/v2ray-rust/target/aarch64-linux-android/release/deps --target aarch64-linux-android -C linker=/home/runner/.cargo/bin/cargo-ndk -C strip=symbols -L dependency=/home/runner/work/v2ray-rust/v2ray-rust/target/aarch64-linux-android/release/deps -L dependency=/home/runner/work/v2ray-rust/v2ray-rust/target/release/deps --extern debug_helper=/home/runner/work/v2ray-rust/v2ray-rust/target/aarch64-linux-android/release/deps/libdebug_helper-449dbff358b2310b.rmeta --extern num_bigint=/home/runner/work/v2ray-rust/v2ray-rust/target/aarch64-linux-android/release/deps/libnum_bigint-7af3f0c7945acbf7.rmeta --extern num_traits=/home/runner/work/v2ray-rust/v2ray-rust/target/aarch64-linux-android/release/deps/libnum_traits-73e3c9c7fde05bf7.rmeta --extern once_cell=/home/runner/work/v2ray-rust/v2ray-rust/target/aarch64-linux-android/release/deps/libonce_cell-7351ece8475b336f.rmeta --extern regex=/home/runner/work/v2ray-rust/v2ray-rust/target/aarch64-linux-android/release/deps/libregex-3bc7008fbccb0616.rmeta --cap-lints allow`
   Compiling bloomfilter v1.0.13
     Running `/home/runner/.rustup/toolchains/stable-x86_64-unknown-linux-gnu/bin/rustc --crate-name bloomfilter --edition=2018 /home/runner/.cargo/registry/src/index.crates.io-1949cf8c6b5b557f/bloomfilter-1.0.13/src/lib.rs --error-format=json --json=diagnostic-rendered-ansi,artifacts,future-incompat --crate-type lib --emit=dep-info,metadata,link -C opt-level=3 -C linker-plugin-lto -C codegen-units=1 --cfg 'feature="default"' --cfg 'feature="getrandom"' --cfg 'feature="random"' --check-cfg 'cfg(docsrs,test)' --check-cfg 'cfg(feature, values("default", "getrandom", "random", "serde"))' -C metadata=d97a5c573c145e8a -C extra-filename=-65cb17612b32cc52 --out-dir /home/runner/work/v2ray-rust/v2ray-rust/target/aarch64-linux-android/release/deps --target aarch64-linux-android -C linker=/home/runner/.cargo/bin/cargo-ndk -C strip=symbols -L dependency=/home/runner/work/v2ray-rust/v2ray-rust/target/aarch64-linux-android/release/deps -L dependency=/home/runner/work/v2ray-rust/v2ray-rust/target/release/deps --extern bit_vec=/home/runner/work/v2ray-rust/v2ray-rust/target/aarch64-linux-android/release/deps/libbit_vec-95f6f300b500e87a.rmeta --extern getrandom=/home/runner/work/v2ray-rust/v2ray-rust/target/aarch64-linux-android/release/deps/libgetrandom-841a4f8a6d49a1f7.rmeta --extern siphasher=/home/runner/work/v2ray-rust/v2ray-rust/target/aarch64-linux-android/release/deps/libsiphasher-b95f6f2b85dc1395.rmeta --cap-lints allow`
   Compiling hkdf v0.12.4
     Running `/home/runner/.rustup/toolchains/stable-x86_64-unknown-linux-gnu/bin/rustc --crate-name hkdf --edition=2018 /home/runner/.cargo/registry/src/index.crates.io-1949cf8c6b5b557f/hkdf-0.12.4/src/lib.rs --error-format=json --json=diagnostic-rendered-ansi,artifacts,future-incompat --crate-type lib --emit=dep-info,metadata,link -C opt-level=3 -C linker-plugin-lto -C codegen-units=1 --check-cfg 'cfg(docsrs,test)' --check-cfg 'cfg(feature, values("std"))' -C metadata=beb612196643ef54 -C extra-filename=-f18346be52627ad1 --out-dir /home/runner/work/v2ray-rust/v2ray-rust/target/aarch64-linux-android/release/deps --target aarch64-linux-android -C linker=/home/runner/.cargo/bin/cargo-ndk -C strip=symbols -L dependency=/home/runner/work/v2ray-rust/v2ray-rust/target/aarch64-linux-android/release/deps -L dependency=/home/runner/work/v2ray-rust/v2ray-rust/target/release/deps --extern hmac=/home/runner/work/v2ray-rust/v2ray-rust/target/aarch64-linux-android/release/deps/libhmac-609cdcccaa34b35f.rmeta --cap-lints allow`
     Running `/home/runner/.rustup/toolchains/stable-x86_64-unknown-linux-gnu/bin/rustc --crate-name anyhow --edition=2018 /home/runner/.cargo/registry/src/index.crates.io-1949cf8c6b5b557f/anyhow-1.0.76/src/lib.rs --error-format=json --json=diagnostic-rendered-ansi,artifacts,future-incompat --crate-type lib --emit=dep-info,metadata,link -C opt-level=3 -C linker-plugin-lto -C codegen-units=1 --cfg 'feature="default"' --cfg 'feature="std"' --check-cfg 'cfg(docsrs,test)' --check-cfg 'cfg(feature, values("backtrace", "default", "std"))' -C metadata=c800518dd569dbbd -C extra-filename=-9c56b18f7bb6fdd4 --out-dir /home/runner/work/v2ray-rust/v2ray-rust/target/aarch64-linux-android/release/deps --target aarch64-linux-android -C linker=/home/runner/.cargo/bin/cargo-ndk -C strip=symbols -L dependency=/home/runner/work/v2ray-rust/v2ray-rust/target/aarch64-linux-android/release/deps -L dependency=/home/runner/work/v2ray-rust/v2ray-rust/target/release/deps --cap-lints allow`
   Compiling webpki-roots v0.26.11
     Running `/home/runner/.rustup/toolchains/stable-x86_64-unknown-linux-gnu/bin/rustc --crate-name webpki_roots --edition=2021 /home/runner/.cargo/registry/src/index.crates.io-1949cf8c6b5b557f/webpki-roots-0.26.11/src/lib.rs --error-format=json --json=diagnostic-rendered-ansi,artifacts,future-incompat --crate-type lib --emit=dep-info,metadata,link -C opt-level=3 -C linker-plugin-lto -C codegen-units=1 --check-cfg 'cfg(docsrs,test)' --check-cfg 'cfg(feature, values())' -C metadata=30501a9dbc86d76e -C extra-filename=-efc3334e55f2e6a0 --out-dir /home/runner/work/v2ray-rust/v2ray-rust/target/aarch64-linux-android/release/deps --target aarch64-linux-android -C linker=/home/runner/.cargo/bin/cargo-ndk -C strip=symbols -L dependency=/home/runner/work/v2ray-rust/v2ray-rust/target/aarch64-linux-android/release/deps -L dependency=/home/runner/work/v2ray-rust/v2ray-rust/target/release/deps --extern parent=/home/runner/work/v2ray-rust/v2ray-rust/target/aarch64-linux-android/release/deps/libwebpki_roots-55f5b91f08ee0576.rmeta --cap-lints allow`
   Compiling aes-gcm v0.10.3
     Running `/home/runner/.rustup/toolchains/stable-x86_64-unknown-linux-gnu/bin/rustc --crate-name aes_gcm --edition=2021 /home/runner/.cargo/registry/src/index.crates.io-1949cf8c6b5b557f/aes-gcm-0.10.3/src/lib.rs --error-format=json --json=diagnostic-rendered-ansi,artifacts,future-incompat --crate-type lib --emit=dep-info,metadata,link -C opt-level=3 -C linker-plugin-lto -C codegen-units=1 --cfg 'feature="aes"' --cfg 'feature="alloc"' --cfg 'feature="default"' --cfg 'feature="getrandom"' --cfg 'feature="rand_core"' --check-cfg 'cfg(docsrs,test)' --check-cfg 'cfg(feature, values("aes", "alloc", "arrayvec", "default", "getrandom", "heapless", "rand_core", "std", "stream", "zeroize"))' -C metadata=17743234e4c731cb -C extra-filename=-5d7a88d481c53edf --out-dir /home/runner/work/v2ray-rust/v2ray-rust/target/aarch64-linux-android/release/deps --target aarch64-linux-android -C linker=/home/runner/.cargo/bin/cargo-ndk -C strip=symbols -L dependency=/home/runner/work/v2ray-rust/v2ray-rust/target/aarch64-linux-android/release/deps -L dependency=/home/runner/work/v2ray-rust/v2ray-rust/target/release/deps --extern aead=/home/runner/work/v2ray-rust/v2ray-rust/target/aarch64-linux-android/release/deps/libaead-1ee8e7985b7cbed1.rmeta --extern aes=/home/runner/work/v2ray-rust/v2ray-rust/target/aarch64-linux-android/release/deps/libaes-bacd3ba8dbdcbe69.rmeta --extern cipher=/home/runner/work/v2ray-rust/v2ray-rust/target/aarch64-linux-android/release/deps/libcipher-dc64aa75e2d90c8f.rmeta --extern ctr=/home/runner/work/v2ray-rust/v2ray-rust/target/aarch64-linux-android/release/deps/libctr-4219fa5538c9f501.rmeta --extern ghash=/home/runner/work/v2ray-rust/v2ray-rust/target/aarch64-linux-android/release/deps/libghash-46235dd1bd6f794a.rmeta --extern subtle=/home/runner/work/v2ray-rust/v2ray-rust/target/aarch64-linux-android/release/deps/libsubtle-d2b2c8b88409a3fe.rmeta --cap-lints allow`
   Compiling chacha20poly1305 v0.10.1
     Running `/home/runner/.rustup/toolchains/stable-x86_64-unknown-linux-gnu/bin/rustc --crate-name chacha20poly1305 --edition=2021 /home/runner/.cargo/registry/src/index.crates.io-1949cf8c6b5b557f/chacha20poly1305-0.10.1/src/lib.rs --error-format=json --json=diagnostic-rendered-ansi,artifacts,future-incompat --crate-type lib --emit=dep-info,metadata,link -C opt-level=3 -C linker-plugin-lto -C codegen-units=1 --cfg 'feature="alloc"' --cfg 'feature="default"' --cfg 'feature="getrandom"' --cfg 'feature="rand_core"' --check-cfg 'cfg(docsrs,test)' --check-cfg 'cfg(feature, values("alloc", "default", "getrandom", "heapless", "rand_core", "reduced-round", "std", "stream"))' -C metadata=24a5cacde39dc5fb -C extra-filename=-c9e099ad1409be3a --out-dir /home/runner/work/v2ray-rust/v2ray-rust/target/aarch64-linux-android/release/deps --target aarch64-linux-android -C linker=/home/runner/.cargo/bin/cargo-ndk -C strip=symbols -L dependency=/home/runner/work/v2ray-rust/v2ray-rust/target/aarch64-linux-android/release/deps -L dependency=/home/runner/work/v2ray-rust/v2ray-rust/target/release/deps --extern aead=/home/runner/work/v2ray-rust/v2ray-rust/target/aarch64-linux-android/release/deps/libaead-1ee8e7985b7cbed1.rmeta --extern chacha20=/home/runner/work/v2ray-rust/v2ray-rust/target/aarch64-linux-android/release/deps/libchacha20-63a72317a40383ff.rmeta --extern cipher=/home/runner/work/v2ray-rust/v2ray-rust/target/aarch64-linux-android/release/deps/libcipher-dc64aa75e2d90c8f.rmeta --extern poly1305=/home/runner/work/v2ray-rust/v2ray-rust/target/aarch64-linux-android/release/deps/libpoly1305-28e51a5aaa437137.rmeta --extern zeroize=/home/runner/work/v2ray-rust/v2ray-rust/target/aarch64-linux-android/release/deps/libzeroize-f5097def0cbce85e.rmeta --cap-lints allow`
   Compiling tokio-rustls v0.26.6
     Running `/home/runner/.rustup/toolchains/stable-x86_64-unknown-linux-gnu/bin/rustc --crate-name tokio_rustls --edition=2021 /home/runner/.cargo/registry/src/index.crates.io-1949cf8c6b5b557f/tokio-rustls-0.26.6/src/lib.rs --error-format=json --json=diagnostic-rendered-ansi,artifacts,future-incompat --crate-type lib --emit=dep-info,metadata,link -C opt-level=3 -C linker-plugin-lto -C codegen-units=1 --cfg 'feature="ring"' --cfg 'feature="tls12"' --check-cfg 'cfg(docsrs,test)' --check-cfg 'cfg(feature, values("aws-lc-rs", "aws_lc_rs", "brotli", "default", "early-data", "fips", "logging", "ring", "tls12", "zlib"))' -C metadata=863828b667175bba -C extra-filename=-51e5156046b1a804 --out-dir /home/runner/work/v2ray-rust/v2ray-rust/target/aarch64-linux-android/release/deps --target aarch64-linux-android -C linker=/home/runner/.cargo/bin/cargo-ndk -C strip=symbols -L dependency=/home/runner/work/v2ray-rust/v2ray-rust/target/aarch64-linux-android/release/deps -L dependency=/home/runner/work/v2ray-rust/v2ray-rust/target/release/deps --extern rustls=/home/runner/work/v2ray-rust/v2ray-rust/target/aarch64-linux-android/release/deps/librustls-8c872fc4b5686950.rmeta --extern tokio=/home/runner/work/v2ray-rust/v2ray-rust/target/aarch64-linux-android/release/deps/libtokio-d261ade94ecabb64.rmeta --cap-lints allow -L native=/home/runner/work/v2ray-rust/v2ray-rust/target/aarch64-linux-android/release/build/ring-b444a92f6cf4c334/out`
     Running `/home/runner/.rustup/toolchains/stable-x86_64-unknown-linux-gnu/bin/rustc --crate-name protobuf --edition=2021 /home/runner/.cargo/registry/src/index.crates.io-1949cf8c6b5b557f/protobuf-3.3.0/src/lib.rs --error-format=json --json=diagnostic-rendered-ansi,artifacts,future-incompat --crate-type lib --emit=dep-info,metadata,link -C opt-level=3 -C linker-plugin-lto -C codegen-units=1 --cfg 'feature="bytes"' --cfg 'feature="default"' --cfg 'feature="with-bytes"' --check-cfg 'cfg(docsrs,test)' --check-cfg 'cfg(feature, values("bytes", "default", "with-bytes"))' -C metadata=80a41b60e417201b -C extra-filename=-8a40390a239cc473 --out-dir /home/runner/work/v2ray-rust/v2ray-rust/target/aarch64-linux-android/release/deps --target aarch64-linux-android -C linker=/home/runner/.cargo/bin/cargo-ndk -C strip=symbols -L dependency=/home/runner/work/v2ray-rust/v2ray-rust/target/aarch64-linux-android/release/deps -L dependency=/home/runner/work/v2ray-rust/v2ray-rust/target/release/deps --extern bytes=/home/runner/work/v2ray-rust/v2ray-rust/target/aarch64-linux-android/release/deps/libbytes-5396a74fd9a7037d.rmeta --extern once_cell=/home/runner/work/v2ray-rust/v2ray-rust/target/aarch64-linux-android/release/deps/libonce_cell-7351ece8475b336f.rmeta --extern protobuf_support=/home/runner/work/v2ray-rust/v2ray-rust/target/aarch64-linux-android/release/deps/libprotobuf_support-dc137fdcbf7b8a84.rmeta --extern thiserror=/home/runner/work/v2ray-rust/v2ray-rust/target/aarch64-linux-android/release/deps/libthiserror-f1027d0320c3d86d.rmeta --cap-lints allow`
   Compiling brotli v3.4.0
     Running `/home/runner/.rustup/toolchains/stable-x86_64-unknown-linux-gnu/bin/rustc --crate-name brotli --edition=2015 /home/runner/.cargo/registry/src/index.crates.io-1949cf8c6b5b557f/brotli-3.4.0/src/lib.rs --error-format=json --json=diagnostic-rendered-ansi,artifacts,future-incompat --crate-type lib --emit=dep-info,metadata,link -C opt-level=3 -C linker-plugin-lto -C codegen-units=1 --cfg 'feature="alloc-stdlib"' --cfg 'feature="default"' --cfg 'feature="ffi-api"' --cfg 'feature="std"' --check-cfg 'cfg(docsrs,test)' --check-cfg 'cfg(feature, values("alloc-stdlib", "benchmark", "default", "disable-timer", "external-literal-probability", "ffi-api", "pass-through-ffi-panics", "seccomp", "sha2", "std", "validation", "vector_scratch_space"))' -C metadata=36ea0ef26b3cc19a -C extra-filename=-af6e6827bb68dd3c --out-dir /home/runner/work/v2ray-rust/v2ray-rust/target/aarch64-linux-android/release/deps --target aarch64-linux-android -C linker=/home/runner/.cargo/bin/cargo-ndk -C strip=symbols -L dependency=/home/runner/work/v2ray-rust/v2ray-rust/target/aarch64-linux-android/release/deps -L dependency=/home/runner/work/v2ray-rust/v2ray-rust/target/release/deps --extern alloc_no_stdlib=/home/runner/work/v2ray-rust/v2ray-rust/target/aarch64-linux-android/release/deps/liballoc_no_stdlib-9e8c96be6e74aeb4.rmeta --extern alloc_stdlib=/home/runner/work/v2ray-rust/v2ray-rust/target/aarch64-linux-android/release/deps/liballoc_stdlib-c711342a7dd3d1ca.rmeta --extern brotli_decompressor=/home/runner/work/v2ray-rust/v2ray-rust/target/aarch64-linux-android/release/deps/libbrotli_decompressor-1488063e7b8a0f1d.rmeta --cap-lints allow`
   Compiling gentian v0.1.8
     Running `/home/runner/.rustup/toolchains/stable-x86_64-unknown-linux-gnu/bin/rustc --crate-name gentian --edition=2021 /home/runner/.cargo/registry/src/index.crates.io-1949cf8c6b5b557f/gentian-0.1.8/src/lib.rs --error-format=json --json=diagnostic-rendered-ansi,artifacts,future-incompat --crate-type proc-macro --emit=dep-info,link -C prefer-dynamic -C embed-bitcode=no -C debug-assertions=off --cfg 'feature="co_await"' --cfg 'feature="default"' --check-cfg 'cfg(docsrs,test)' --check-cfg 'cfg(feature, values("co_await", "default"))' -C metadata=497d8c0a7cd2e287 -C extra-filename=-ebc4937dcad3dc81 --out-dir /home/runner/work/v2ray-rust/v2ray-rust/target/release/deps -C strip=symbols -L dependency=/home/runner/work/v2ray-rust/v2ray-rust/target/release/deps --extern bae=/home/runner/work/v2ray-rust/v2ray-rust/target/release/deps/libbae-0b98616680b97227.so --extern proc_macro2=/home/runner/work/v2ray-rust/v2ray-rust/target/release/deps/libproc_macro2-091c85badb332630.rlib --extern quote=/home/runner/work/v2ray-rust/v2ray-rust/target/release/deps/libquote-e167b4859fbe4962.rlib --extern syn=/home/runner/work/v2ray-rust/v2ray-rust/target/release/deps/libsyn-1d0024537a82f46d.rlib --extern proc_macro --cap-lints allow`
   Compiling actix-server v2.3.0
     Running `/home/runner/.rustup/toolchains/stable-x86_64-unknown-linux-gnu/bin/rustc --crate-name actix_server --edition=2021 /home/runner/.cargo/registry/src/index.crates.io-1949cf8c6b5b557f/actix-server-2.3.0/src/lib.rs --error-format=json --json=diagnostic-rendered-ansi,artifacts,future-incompat --crate-type lib --emit=dep-info,metadata,link -C opt-level=3 -C linker-plugin-lto -C codegen-units=1 --cfg 'feature="default"' --check-cfg 'cfg(docsrs,test)' --check-cfg 'cfg(feature, values("default", "io-uring", "tokio-uring"))' -C metadata=02fb41bc80495f06 -C extra-filename=-1458f82258fe76b5 --out-dir /home/runner/work/v2ray-rust/v2ray-rust/target/aarch64-linux-android/release/deps --target aarch64-linux-android -C linker=/home/runner/.cargo/bin/cargo-ndk -C strip=symbols -L dependency=/home/runner/work/v2ray-rust/v2ray-rust/target/aarch64-linux-android/release/deps -L dependency=/home/runner/work/v2ray-rust/v2ray-rust/target/release/deps --extern actix_rt=/home/runner/work/v2ray-rust/v2ray-rust/target/aarch64-linux-android/release/deps/libactix_rt-89fa538b106de75f.rmeta --extern actix_service=/home/runner/work/v2ray-rust/v2ray-rust/target/aarch64-linux-android/release/deps/libactix_service-dc026884df3e2ed0.rmeta --extern actix_utils=/home/runner/work/v2ray-rust/v2ray-rust/target/aarch64-linux-android/release/deps/libactix_utils-22cd75252baff82b.rmeta --extern futures_core=/home/runner/work/v2ray-rust/v2ray-rust/target/aarch64-linux-android/release/deps/libfutures_core-4fccbc47ed1904aa.rmeta --extern futures_util=/home/runner/work/v2ray-rust/v2ray-rust/target/aarch64-linux-android/release/deps/libfutures_util-e669b40623ab146e.rmeta --extern mio=/home/runner/work/v2ray-rust/v2ray-rust/target/aarch64-linux-android/release/deps/libmio-68e4a6fb8ba5e78d.rmeta --extern socket2=/home/runner/work/v2ray-rust/v2ray-rust/target/aarch64-linux-android/release/deps/libsocket2-223296766230cc43.rmeta --extern tokio=/home/runner/work/v2ray-rust/v2ray-rust/target/aarch64-linux-android/release/deps/libtokio-d261ade94ecabb64.rmeta --extern tracing=/home/runner/work/v2ray-rust/v2ray-rust/target/aarch64-linux-android/release/deps/libtracing-8690e20607fd7ed8.rmeta --cap-lints allow`
     Running `/home/runner/work/v2ray-rust/v2ray-rust/target/release/build/v2ray-rust-bca6ae78c3801f63/build-script-build`
   Compiling clap v4.4.11
     Running `/home/runner/.rustup/toolchains/stable-x86_64-unknown-linux-gnu/bin/rustc --crate-name clap --edition=2021 /home/runner/.cargo/registry/src/index.crates.io-1949cf8c6b5b557f/clap-4.4.11/src/lib.rs --error-format=json --json=diagnostic-rendered-ansi,artifacts,future-incompat --crate-type lib --emit=dep-info,metadata,link -C opt-level=3 -C linker-plugin-lto -C codegen-units=1 --cfg 'feature="color"' --cfg 'feature="default"' --cfg 'feature="error-context"' --cfg 'feature="help"' --cfg 'feature="std"' --cfg 'feature="suggestions"' --cfg 'feature="usage"' --check-cfg 'cfg(docsrs,test)' --check-cfg 'cfg(feature, values("cargo", "color", "debug", "default", "deprecated", "derive", "env", "error-context", "help", "std", "string", "suggestions", "unicode", "unstable-doc", "unstable-styles", "unstable-v5", "usage", "wrap_help"))' -C metadata=e357c32194c61cab -C extra-filename=-d2c4a2776d4f3ebf --out-dir /home/runner/work/v2ray-rust/v2ray-rust/target/aarch64-linux-android/release/deps --target aarch64-linux-android -C linker=/home/runner/.cargo/bin/cargo-ndk -C strip=symbols -L dependency=/home/runner/work/v2ray-rust/v2ray-rust/target/aarch64-linux-android/release/deps -L dependency=/home/runner/work/v2ray-rust/v2ray-rust/target/release/deps --extern clap_builder=/home/runner/work/v2ray-rust/v2ray-rust/target/aarch64-linux-android/release/deps/libclap_builder-7084ce2d885ffd5a.rmeta --cap-lints allow`
   Compiling domain_matcher v0.1.0 (https://github.com/darsvador/DomainMatcher?rev=8df5a46746d90900d#8df5a467)
     Running `/home/runner/.rustup/toolchains/stable-x86_64-unknown-linux-gnu/bin/rustc --crate-name domain_matcher --edition=2021 /home/runner/.cargo/git/checkouts/domainmatcher-3254402bdf462b0f/8df5a46/src/lib.rs --error-format=json --json=diagnostic-rendered-ansi,artifacts,future-incompat --crate-type lib --emit=dep-info,metadata,link -C opt-level=3 -C linker-plugin-lto -C codegen-units=1 --check-cfg 'cfg(docsrs,test)' --check-cfg 'cfg(feature, values())' -C metadata=a5304a0f44b16ae5 -C extra-filename=-7026522a8d096f25 --out-dir /home/runner/work/v2ray-rust/v2ray-rust/target/aarch64-linux-android/release/deps --target aarch64-linux-android -C linker=/home/runner/.cargo/bin/cargo-ndk -C strip=symbols -L dependency=/home/runner/work/v2ray-rust/v2ray-rust/target/aarch64-linux-android/release/deps -L dependency=/home/runner/work/v2ray-rust/v2ray-rust/target/release/deps --extern deepsize=/home/runner/work/v2ray-rust/v2ray-rust/target/aarch64-linux-android/release/deps/libdeepsize-5a32fefefc4dad76.rmeta --cap-lints allow`
     Running `/home/runner/.rustup/toolchains/stable-x86_64-unknown-linux-gnu/bin/rustc --crate-name crc32fast --edition=2015 /home/runner/.cargo/registry/src/index.crates.io-1949cf8c6b5b557f/crc32fast-1.3.2/src/lib.rs --error-format=json --json=diagnostic-rendered-ansi,artifacts,future-incompat --crate-type lib --emit=dep-info,metadata,link -C opt-level=3 -C linker-plugin-lto -C codegen-units=1 --cfg 'feature="default"' --cfg 'feature="std"' --check-cfg 'cfg(docsrs,test)' --check-cfg 'cfg(feature, values("default", "nightly", "std"))' -C metadata=7757cd943976cfb3 -C extra-filename=-4202998fd8406ccd --out-dir /home/runner/work/v2ray-rust/v2ray-rust/target/aarch64-linux-android/release/deps --target aarch64-linux-android -C linker=/home/runner/.cargo/bin/cargo-ndk -C strip=symbols -L dependency=/home/runner/work/v2ray-rust/v2ray-rust/target/aarch64-linux-android/release/deps -L dependency=/home/runner/work/v2ray-rust/v2ray-rust/target/release/deps --extern cfg_if=/home/runner/work/v2ray-rust/v2ray-rust/target/aarch64-linux-android/release/deps/libcfg_if-4759f9181b9a8545.rmeta --cap-lints allow --cfg crc32fast_stdarchx86`
   Compiling tokio-tungstenite v0.20.1
     Running `/home/runner/.rustup/toolchains/stable-x86_64-unknown-linux-gnu/bin/rustc --crate-name tokio_tungstenite --edition=2018 /home/runner/.cargo/registry/src/index.crates.io-1949cf8c6b5b557f/tokio-tungstenite-0.20.1/src/lib.rs --error-format=json --json=diagnostic-rendered-ansi,artifacts,future-incompat --crate-type lib --emit=dep-info,metadata,link -C opt-level=3 -C linker-plugin-lto -C codegen-units=1 --cfg 'feature="handshake"' --cfg 'feature="stream"' --check-cfg 'cfg(docsrs,test)' --check-cfg 'cfg(feature, values("__rustls-tls", "connect", "default", "handshake", "native-tls", "native-tls-crate", "native-tls-vendored", "rustls", "rustls-native-certs", "rustls-tls-native-roots", "rustls-tls-webpki-roots", "stream", "tokio-native-tls", "tokio-rustls", "webpki-roots"))' -C metadata=840d7601ad39e7ad -C extra-filename=-ba059eaff5eaa569 --out-dir /home/runner/work/v2ray-rust/v2ray-rust/target/aarch64-linux-android/release/deps --target aarch64-linux-android -C linker=/home/runner/.cargo/bin/cargo-ndk -C strip=symbols -L dependency=/home/runner/work/v2ray-rust/v2ray-rust/target/aarch64-linux-android/release/deps -L dependency=/home/runner/work/v2ray-rust/v2ray-rust/target/release/deps --extern futures_util=/home/runner/work/v2ray-rust/v2ray-rust/target/aarch64-linux-android/release/deps/libfutures_util-e669b40623ab146e.rmeta --extern log=/home/runner/work/v2ray-rust/v2ray-rust/target/aarch64-linux-android/release/deps/liblog-39ac4c76d4f8181f.rmeta --extern tokio=/home/runner/work/v2ray-rust/v2ray-rust/target/aarch64-linux-android/release/deps/libtokio-d261ade94ecabb64.rmeta --extern tungstenite=/home/runner/work/v2ray-rust/v2ray-rust/target/aarch64-linux-android/release/deps/libtungstenite-7014d7dca8e161ff.rmeta --cap-lints allow`
   Compiling toml v0.5.11
     Running `/home/runner/.rustup/toolchains/stable-x86_64-unknown-linux-gnu/bin/rustc --crate-name toml --edition=2018 /home/runner/.cargo/registry/src/index.crates.io-1949cf8c6b5b557f/toml-0.5.11/src/lib.rs --error-format=json --json=diagnostic-rendered-ansi,artifacts,future-incompat --crate-type lib --emit=dep-info,metadata,link -C opt-level=3 -C linker-plugin-lto -C codegen-units=1 --cfg 'feature="default"' --check-cfg 'cfg(docsrs,test)' --check-cfg 'cfg(feature, values("default", "indexmap", "preserve_order"))' -C metadata=8a136b0432afabdc -C extra-filename=-a2b42287a22c7323 --out-dir /home/runner/work/v2ray-rust/v2ray-rust/target/aarch64-linux-android/release/deps --target aarch64-linux-android -C linker=/home/runner/.cargo/bin/cargo-ndk -C strip=symbols -L dependency=/home/runner/work/v2ray-rust/v2ray-rust/target/aarch64-linux-android/release/deps -L dependency=/home/runner/work/v2ray-rust/v2ray-rust/target/release/deps --extern serde=/home/runner/work/v2ray-rust/v2ray-rust/target/aarch64-linux-android/release/deps/libserde-560082b4f222c501.rmeta --cap-lints allow`
   Compiling sha2 v0.10.8
     Running `/home/runner/.rustup/toolchains/stable-x86_64-unknown-linux-gnu/bin/rustc --crate-name sha2 --edition=2018 /home/runner/.cargo/registry/src/index.crates.io-1949cf8c6b5b557f/sha2-0.10.8/src/lib.rs --error-format=json --json=diagnostic-rendered-ansi,artifacts,future-incompat --crate-type lib --emit=dep-info,metadata,link -C opt-level=3 -C linker-plugin-lto -C codegen-units=1 --cfg 'feature="default"' --cfg 'feature="std"' --check-cfg 'cfg(docsrs,test)' --check-cfg 'cfg(feature, values("asm", "asm-aarch64", "compress", "default", "force-soft", "loongarch64_asm", "oid", "sha2-asm", "std"))' -C metadata=0f496fce44c6e9a8 -C extra-filename=-4f711800f0365125 --out-dir /home/runner/work/v2ray-rust/v2ray-rust/target/aarch64-linux-android/release/deps --target aarch64-linux-android -C linker=/home/runner/.cargo/bin/cargo-ndk -C strip=symbols -L dependency=/home/runner/work/v2ray-rust/v2ray-rust/target/aarch64-linux-android/release/deps -L dependency=/home/runner/work/v2ray-rust/v2ray-rust/target/release/deps --extern cfg_if=/home/runner/work/v2ray-rust/v2ray-rust/target/aarch64-linux-android/release/deps/libcfg_if-4759f9181b9a8545.rmeta --extern cpufeatures=/home/runner/work/v2ray-rust/v2ray-rust/target/aarch64-linux-android/release/deps/libcpufeatures-3aa5ff40a357d360.rmeta --extern digest=/home/runner/work/v2ray-rust/v2ray-rust/target/aarch64-linux-android/release/deps/libdigest-aff9c976ed09de6a.rmeta --cap-lints allow`
   Compiling md-5 v0.10.6
     Running `/home/runner/.rustup/toolchains/stable-x86_64-unknown-linux-gnu/bin/rustc --crate-name md5 --edition=2018 /home/runner/.cargo/registry/src/index.crates.io-1949cf8c6b5b557f/md-5-0.10.6/src/lib.rs --error-format=json --json=diagnostic-rendered-ansi,artifacts,future-incompat --crate-type lib --emit=dep-info,metadata,link -C opt-level=3 -C linker-plugin-lto -C codegen-units=1 --cfg 'feature="default"' --cfg 'feature="std"' --check-cfg 'cfg(docsrs,test)' --check-cfg 'cfg(feature, values("asm", "default", "force-soft", "loongarch64_asm", "md5-asm", "oid", "std"))' -C metadata=d264fb75b903ac87 -C extra-filename=-39cc15313ade2fd5 --out-dir /home/runner/work/v2ray-rust/v2ray-rust/target/aarch64-linux-android/release/deps --target aarch64-linux-android -C linker=/home/runner/.cargo/bin/cargo-ndk -C strip=symbols -L dependency=/home/runner/work/v2ray-rust/v2ray-rust/target/aarch64-linux-android/release/deps -L dependency=/home/runner/work/v2ray-rust/v2ray-rust/target/release/deps --extern cfg_if=/home/runner/work/v2ray-rust/v2ray-rust/target/aarch64-linux-android/release/deps/libcfg_if-4759f9181b9a8545.rmeta --extern digest=/home/runner/work/v2ray-rust/v2ray-rust/target/aarch64-linux-android/release/deps/libdigest-aff9c976ed09de6a.rmeta --cap-lints allow`
   Compiling sha-1 v0.10.1
     Running `/home/runner/.rustup/toolchains/stable-x86_64-unknown-linux-gnu/bin/rustc --crate-name sha1 --edition=2018 /home/runner/.cargo/registry/src/index.crates.io-1949cf8c6b5b557f/sha-1-0.10.1/src/lib.rs --error-format=json --json=diagnostic-rendered-ansi,artifacts,future-incompat --crate-type lib --emit=dep-info,metadata,link -C opt-level=3 -C linker-plugin-lto -C codegen-units=1 --cfg 'feature="default"' --cfg 'feature="std"' --check-cfg 'cfg(docsrs,test)' --check-cfg 'cfg(feature, values("asm", "compress", "default", "force-soft", "oid", "sha1-asm", "std"))' -C metadata=033b67acc7ea38c5 -C extra-filename=-95d33d2935fa59a1 --out-dir /home/runner/work/v2ray-rust/v2ray-rust/target/aarch64-linux-android/release/deps --target aarch64-linux-android -C linker=/home/runner/.cargo/bin/cargo-ndk -C strip=symbols -L dependency=/home/runner/work/v2ray-rust/v2ray-rust/target/aarch64-linux-android/release/deps -L dependency=/home/runner/work/v2ray-rust/v2ray-rust/target/release/deps --extern cfg_if=/home/runner/work/v2ray-rust/v2ray-rust/target/aarch64-linux-android/release/deps/libcfg_if-4759f9181b9a8545.rmeta --extern cpufeatures=/home/runner/work/v2ray-rust/v2ray-rust/target/aarch64-linux-android/release/deps/libcpufeatures-3aa5ff40a357d360.rmeta --extern digest=/home/runner/work/v2ray-rust/v2ray-rust/target/aarch64-linux-android/release/deps/libdigest-aff9c976ed09de6a.rmeta --cap-lints allow`
   Compiling spin v0.9.8
     Running `/home/runner/.rustup/toolchains/stable-x86_64-unknown-linux-gnu/bin/rustc --crate-name spin --edition=2015 /home/runner/.cargo/registry/src/index.crates.io-1949cf8c6b5b557f/spin-0.9.8/src/lib.rs --error-format=json --json=diagnostic-rendered-ansi,artifacts,future-incompat --crate-type lib --emit=dep-info,metadata,link -C opt-level=3 -C linker-plugin-lto -C codegen-units=1 --cfg 'feature="barrier"' --cfg 'feature="default"' --cfg 'feature="lazy"' --cfg 'feature="lock_api"' --cfg 'feature="lock_api_crate"' --cfg 'feature="mutex"' --cfg 'feature="once"' --cfg 'feature="rwlock"' --cfg 'feature="spin_mutex"' --check-cfg 'cfg(docsrs,test)' --check-cfg 'cfg(feature, values("barrier", "default", "fair_mutex", "lazy", "lock_api", "lock_api_crate", "mutex", "once", "portable-atomic", "portable_atomic", "rwlock", "spin_mutex", "std", "ticket_mutex", "use_ticket_mutex"))' -C metadata=a3eb4af99b902391 -C extra-filename=-e7bf6edffa1e2cde --out-dir /home/runner/work/v2ray-rust/v2ray-rust/target/aarch64-linux-android/release/deps --target aarch64-linux-android -C linker=/home/runner/.cargo/bin/cargo-ndk -C strip=symbols -L dependency=/home/runner/work/v2ray-rust/v2ray-rust/target/aarch64-linux-android/release/deps -L dependency=/home/runner/work/v2ray-rust/v2ray-rust/target/release/deps --extern lock_api_crate=/home/runner/work/v2ray-rust/v2ray-rust/target/aarch64-linux-android/release/deps/liblock_api-93329ca5de79b155.rmeta --cap-lints allow`
   Compiling uuid v1.6.1
     Running `/home/runner/.rustup/toolchains/stable-x86_64-unknown-linux-gnu/bin/rustc --crate-name uuid --edition=2018 /home/runner/.cargo/registry/src/index.crates.io-1949cf8c6b5b557f/uuid-1.6.1/src/lib.rs --error-format=json --json=diagnostic-rendered-ansi,artifacts,future-incompat --crate-type lib --emit=dep-info,metadata,link -C opt-level=3 -C linker-plugin-lto -C codegen-units=1 --cfg 'feature="default"' --cfg 'feature="getrandom"' --cfg 'feature="rng"' --cfg 'feature="std"' --cfg 'feature="v4"' --check-cfg 'cfg(docsrs,test)' --check-cfg 'cfg(feature, values("arbitrary", "atomic", "borsh", "bytemuck", "default", "fast-rng", "getrandom", "js", "macro-diagnostics", "md-5", "md5", "rand", "rng", "serde", "sha1", "sha1_smol", "slog", "std", "uuid-macro-internal", "v1", "v3", "v4", "v5", "v6", "v7", "v8", "wasm-bindgen", "zerocopy"))' -C metadata=d9a236641022b47e -C extra-filename=-dd9bb930f4caa735 --out-dir /home/runner/work/v2ray-rust/v2ray-rust/target/aarch64-linux-android/release/deps --target aarch64-linux-android -C linker=/home/runner/.cargo/bin/cargo-ndk -C strip=symbols -L dependency=/home/runner/work/v2ray-rust/v2ray-rust/target/aarch64-linux-android/release/deps -L dependency=/home/runner/work/v2ray-rust/v2ray-rust/target/release/deps --extern getrandom=/home/runner/work/v2ray-rust/v2ray-rust/target/aarch64-linux-android/release/deps/libgetrandom-841a4f8a6d49a1f7.rmeta --cap-lints allow`
   Compiling socket2 v0.4.10
     Running `/home/runner/.rustup/toolchains/stable-x86_64-unknown-linux-gnu/bin/rustc --crate-name socket2 --edition=2018 /home/runner/.cargo/registry/src/index.crates.io-1949cf8c6b5b557f/socket2-0.4.10/src/lib.rs --error-format=json --json=diagnostic-rendered-ansi,artifacts,future-incompat --crate-type lib --emit=dep-info,metadata,link -C opt-level=3 -C linker-plugin-lto -C codegen-units=1 --cfg 'feature="all"' --check-cfg 'cfg(docsrs,test)' --check-cfg 'cfg(feature, values("all"))' -C metadata=05c8881a56ac4b1b -C extra-filename=-4f29b0c7fa35194b --out-dir /home/runner/work/v2ray-rust/v2ray-rust/target/aarch64-linux-android/release/deps --target aarch64-linux-android -C linker=/home/runner/.cargo/bin/cargo-ndk -C strip=symbols -L dependency=/home/runner/work/v2ray-rust/v2ray-rust/target/aarch64-linux-android/release/deps -L dependency=/home/runner/work/v2ray-rust/v2ray-rust/target/release/deps --extern libc=/home/runner/work/v2ray-rust/v2ray-rust/target/aarch64-linux-android/release/deps/liblibc-bc16d4b61bc11d13.rmeta --cap-lints allow`
   Compiling byte_string v1.0.0
     Running `/home/runner/.rustup/toolchains/stable-x86_64-unknown-linux-gnu/bin/rustc --crate-name byte_string --edition=2015 /home/runner/.cargo/registry/src/index.crates.io-1949cf8c6b5b557f/byte_string-1.0.0/src/lib.rs --error-format=json --json=diagnostic-rendered-ansi,artifacts,future-incompat --crate-type lib --emit=dep-info,metadata,link -C opt-level=3 -C linker-plugin-lto -C codegen-units=1 --check-cfg 'cfg(docsrs,test)' --check-cfg 'cfg(feature, values())' -C metadata=cab391ca3c31f4ed -C extra-filename=-5e8af189f513180d --out-dir /home/runner/work/v2ray-rust/v2ray-rust/target/aarch64-linux-android/release/deps --target aarch64-linux-android -C linker=/home/runner/.cargo/bin/cargo-ndk -C strip=symbols -L dependency=/home/runner/work/v2ray-rust/v2ray-rust/target/aarch64-linux-android/release/deps -L dependency=/home/runner/work/v2ray-rust/v2ray-rust/target/release/deps --cap-lints allow`
   Compiling foreign-types-shared v0.3.1
     Running `/home/runner/.rustup/toolchains/stable-x86_64-unknown-linux-gnu/bin/rustc --crate-name foreign_types_shared --edition=2018 /home/runner/.cargo/registry/src/index.crates.io-1949cf8c6b5b557f/foreign-types-shared-0.3.1/src/lib.rs --error-format=json --json=diagnostic-rendered-ansi,artifacts,future-incompat --crate-type lib --emit=dep-info,metadata,link -C opt-level=3 -C linker-plugin-lto -C codegen-units=1 --check-cfg 'cfg(docsrs,test)' --check-cfg 'cfg(feature, values())' -C metadata=4db3d5c154179cab -C extra-filename=-ad54e509ae919caa --out-dir /home/runner/work/v2ray-rust/v2ray-rust/target/aarch64-linux-android/release/deps --target aarch64-linux-android -C linker=/home/runner/.cargo/bin/cargo-ndk -C strip=symbols -L dependency=/home/runner/work/v2ray-rust/v2ray-rust/target/aarch64-linux-android/release/deps -L dependency=/home/runner/work/v2ray-rust/v2ray-rust/target/release/deps --cap-lints allow`
     Running `/home/runner/.rustup/toolchains/stable-x86_64-unknown-linux-gnu/bin/rustc --crate-name v2ray_rust --edition=2021 src/main.rs --error-format=json --json=diagnostic-rendered-ansi,artifacts,future-incompat --crate-type bin --emit=dep-info,link -C opt-level=3 -C lto -C codegen-units=1 --cfg 'feature="rustls"' --cfg 'feature="rustls-native-certs"' --cfg 'feature="rustls-pemfile"' --cfg 'feature="rustls-tls"' --cfg 'feature="tokio-rustls"' --cfg 'feature="webpki-roots"' --check-cfg 'cfg(docsrs,test)' --check-cfg 'cfg(feature, values("boring", "boring-sys", "boring-tls", "default", "rustls", "rustls-native-certs", "rustls-pemfile", "rustls-tls", "strict-vmess-udp", "tokio-boring", "tokio-rustls", "webpki-roots"))' -C metadata=183fa74ae472bd16 -C extra-filename=-e11dee576f709a11 --out-dir /home/runner/work/v2ray-rust/v2ray-rust/target/aarch64-linux-android/release/deps --target aarch64-linux-android -C linker=/home/runner/.cargo/bin/cargo-ndk -C strip=symbols -L dependency=/home/runner/work/v2ray-rust/v2ray-rust/target/aarch64-linux-android/release/deps -L dependency=/home/runner/work/v2ray-rust/v2ray-rust/target/release/deps --extern actix_rt=/home/runner/work/v2ray-rust/v2ray-rust/target/aarch64-linux-android/release/deps/libactix_rt-89fa538b106de75f.rlib --extern actix_server=/home/runner/work/v2ray-rust/v2ray-rust/target/aarch64-linux-android/release/deps/libactix_server-1458f82258fe76b5.rlib --extern actix_service=/home/runner/work/v2ray-rust/v2ray-rust/target/aarch64-linux-android/release/deps/libactix_service-dc026884df3e2ed0.rlib --extern aead=/home/runner/work/v2ray-rust/v2ray-rust/target/aarch64-linux-android/release/deps/libaead-1ee8e7985b7cbed1.rlib --extern aes=/home/runner/work/v2ray-rust/v2ray-rust/target/aarch64-linux-android/release/deps/libaes-bacd3ba8dbdcbe69.rlib --extern aes_gcm=/home/runner/work/v2ray-rust/v2ray-rust/target/aarch64-linux-android/release/deps/libaes_gcm-5d7a88d481c53edf.rlib --extern anyhow=/home/runner/work/v2ray-rust/v2ray-rust/target/aarch64-linux-android/release/deps/libanyhow-9c56b18f7bb6fdd4.rlib --extern async_trait=/home/runner/work/v2ray-rust/v2ray-rust/target/release/deps/libasync_trait-ccf680efd99bb5ef.so --extern base64=/home/runner/work/v2ray-rust/v2ray-rust/target/aarch64-linux-android/release/deps/libbase64-743780d56a64ff42.rlib --extern bitvec=/home/runner/work/v2ray-rust/v2ray-rust/target/aarch64-linux-android/release/deps/libbitvec-13928045bc61cecc.rlib --extern bloomfilter=/home/runner/work/v2ray-rust/v2ray-rust/target/aarch64-linux-android/release/deps/libbloomfilter-65cb17612b32cc52.rlib --extern brotli=/home/runner/work/v2ray-rust/v2ray-rust/target/aarch64-linux-android/release/deps/libbrotli-af6e6827bb68dd3c.rlib --extern byte_string=/home/runner/work/v2ray-rust/v2ray-rust/target/aarch64-linux-android/release/deps/libbyte_string-5e8af189f513180d.rlib --extern bytes=/home/runner/work/v2ray-rust/v2ray-rust/target/aarch64-linux-android/release/deps/libbytes-5396a74fd9a7037d.rlib --extern chacha20poly1305=/home/runner/work/v2ray-rust/v2ray-rust/target/aarch64-linux-android/release/deps/libchacha20poly1305-c9e099ad1409be3a.rlib --extern cidr_utils=/home/runner/work/v2ray-rust/v2ray-rust/target/aarch64-linux-android/release/deps/libcidr_utils-053ee81b0a477edc.rlib --extern clap=/home/runner/work/v2ray-rust/v2ray-rust/target/aarch64-linux-android/release/deps/libclap-d2c4a2776d4f3ebf.rlib --extern crc32fast=/home/runner/work/v2ray-rust/v2ray-rust/target/aarch64-linux-android/release/deps/libcrc32fast-4202998fd8406ccd.rlib --extern domain_matcher=/home/runner/work/v2ray-rust/v2ray-rust/target/aarch64-linux-android/release/deps/libdomain_matcher-7026522a8d096f25.rlib --extern env_logger=/home/runner/work/v2ray-rust/v2ray-rust/target/aarch64-linux-android/release/deps/libenv_logger-be403c973bb08974.rlib --extern foreign_types_shared=/home/runner/work/v2ray-rust/v2ray-rust/target/aarch64-linux-android/release/deps/libforeign_types_shared-ad54e509ae919caa.rlib --extern futures_util=/home/runner/work/v2ray-rust/v2ray-rust/target/aarch64-linux-android/release/deps/libfutures_util-e669b40623ab146e.rlib --extern generic_array=/home/runner/work/v2ray-rust/v2ray-rust/target/aarch64-linux-android/release/deps/libgeneric_array-89288a9b20ed4130.rlib --extern gentian=/home/runner/work/v2ray-rust/v2ray-rust/target/release/deps/libgentian-ebc4937dcad3dc81.so --extern h2=/home/runner/work/v2ray-rust/v2ray-rust/target/aarch64-linux-android/release/deps/libh2-27199f6123a64607.rlib --extern hkdf=/home/runner/work/v2ray-rust/v2ray-rust/target/aarch64-linux-android/release/deps/libhkdf-f18346be52627ad1.rlib --extern hmac=/home/runner/work/v2ray-rust/v2ray-rust/target/aarch64-linux-android/release/deps/libhmac-609cdcccaa34b35f.rlib --extern http=/home/runner/work/v2ray-rust/v2ray-rust/target/aarch64-linux-android/release/deps/libhttp-fefc21c58dc69fca.rlib --extern hyper=/home/runner/work/v2ray-rust/v2ray-rust/target/aarch64-linux-android/release/deps/libhyper-c76cc5cb14722a18.rlib --extern libc=/home/runner/work/v2ray-rust/v2ray-rust/target/aarch64-linux-android/release/deps/liblibc-bc16d4b61bc11d13.rlib --extern log=/home/runner/work/v2ray-rust/v2ray-rust/target/aarch64-linux-android/release/deps/liblog-39ac4c76d4f8181f.rlib --extern md5=/home/runner/work/v2ray-rust/v2ray-rust/target/aarch64-linux-android/release/deps/libmd5-39cc15313ade2fd5.rlib --extern once_cell=/home/runner/work/v2ray-rust/v2ray-rust/target/aarch64-linux-android/release/deps/libonce_cell-7351ece8475b336f.rlib --extern openssl_probe=/home/runner/work/v2ray-rust/v2ray-rust/target/aarch64-linux-android/release/deps/libopenssl_probe-aff7803e7809aab8.rlib --extern prost=/home/runner/work/v2ray-rust/v2ray-rust/target/aarch64-linux-android/release/deps/libprost-b889c0cc4f8087e2.rlib --extern protobuf=/home/runner/work/v2ray-rust/v2ray-rust/target/aarch64-linux-android/release/deps/libprotobuf-8a40390a239cc473.rlib --extern rand=/home/runner/work/v2ray-rust/v2ray-rust/target/aarch64-linux-android/release/deps/librand-196c42b9b330bb93.rlib --extern regex=/home/runner/work/v2ray-rust/v2ray-rust/target/aarch64-linux-android/release/deps/libregex-3bc7008fbccb0616.rlib --extern rustls=/home/runner/work/v2ray-rust/v2ray-rust/target/aarch64-linux-android/release/deps/librustls-8c872fc4b5686950.rlib --extern rustls_native_certs=/home/runner/work/v2ray-rust/v2ray-rust/target/aarch64-linux-android/release/deps/librustls_native_certs-d798ea4f40a346e9.rlib --extern rustls_pemfile=/home/runner/work/v2ray-rust/v2ray-rust/target/aarch64-linux-android/release/deps/librustls_pemfile-f2b48a0db8ed83ac.rlib --extern serde=/home/runner/work/v2ray-rust/v2ray-rust/target/aarch64-linux-android/release/deps/libserde-560082b4f222c501.rlib --extern sha1=/home/runner/work/v2ray-rust/v2ray-rust/target/aarch64-linux-android/release/deps/libsha1-95d33d2935fa59a1.rlib --extern sha2=/home/runner/work/v2ray-rust/v2ray-rust/target/aarch64-linux-android/release/deps/libsha2-4f711800f0365125.rlib --extern socket2=/home/runner/work/v2ray-rust/v2ray-rust/target/aarch64-linux-android/release/deps/libsocket2-4f29b0c7fa35194b.rlib --extern spin=/home/runner/work/v2ray-rust/v2ray-rust/target/aarch64-linux-android/release/deps/libspin-e7bf6edffa1e2cde.rlib --extern tokio=/home/runner/work/v2ray-rust/v2ray-rust/target/aarch64-linux-android/release/deps/libtokio-d261ade94ecabb64.rlib --extern tokio_rustls=/home/runner/work/v2ray-rust/v2ray-rust/target/aarch64-linux-android/release/deps/libtokio_rustls-51e5156046b1a804.rlib --extern tokio_tungstenite=/home/runner/work/v2ray-rust/v2ray-rust/target/aarch64-linux-android/release/deps/libtokio_tungstenite-ba059eaff5eaa569.rlib --extern tokio_util=/home/runner/work/v2ray-rust/v2ray-rust/target/aarch64-linux-android/release/deps/libtokio_util-d03fbd878ef74a41.rlib --extern toml=/home/runner/work/v2ray-rust/v2ray-rust/target/aarch64-linux-android/release/deps/libtoml-a2b42287a22c7323.rlib --extern tonic=/home/runner/work/v2ray-rust/v2ray-rust/target/aarch64-linux-android/release/deps/libtonic-14a3f4e590950626.rlib --extern tower=/home/runner/work/v2ray-rust/v2ray-rust/target/aarch64-linux-android/release/deps/libtower-fd33e174320f3ac9.rlib --extern uuid=/home/runner/work/v2ray-rust/v2ray-rust/target/aarch64-linux-android/release/deps/libuuid-dd9bb930f4caa735.rlib --extern webpki_roots=/home/runner/work/v2ray-rust/v2ray-rust/target/aarch64-linux-android/release/deps/libwebpki_roots-efc3334e55f2e6a0.rlib -L native=/home/runner/work/v2ray-rust/v2ray-rust/target/aarch64-linux-android/release/build/ring-b444a92f6cf4c334/out`
[gentian] found function `poll_read_decrypted` state name: self.state, function default return value is: Err(ErrorKind :: UnexpectedEof.into()).into().
[gentian] build control flow graph successful!
[gentian] found function `poll_write_encrypted` state name: self.state, function default return value is: Err(ErrorKind :: UnexpectedEof.into()).into().
[gentian] build control flow graph successful!
[gentian] found function `priv_poll_write` state name: self.state, function default return value is: Err(ErrorKind :: UnexpectedEof.into()).into().
[gentian] build control flow graph successful!
[gentian] found function `priv_poll_read` state name: self.read_state, function default return value is: Err(ErrorKind :: UnexpectedEof.into()).into().
[gentian] build control flow graph successful!
[gentian] found function `priv_poll_write` state name: self.write_state, function default return value is: Err(ErrorKind :: UnexpectedEof.into()).into().
[gentian] build control flow graph successful!
[gentian] found function `priv_poll_read` state name: self.read_state, function default return value is: Err(ErrorKind :: UnexpectedEof.into()).into().
[gentian] build control flow graph successful!
[gentian] found function `priv_poll_write` state name: self.state, function default return value is: Err(ErrorKind :: UnexpectedEof.into()).into().
[gentian] build control flow graph successful!
[gentian] found function `next` state name: self.state, function default return value is: None.
[gentian] build control flow graph successful!
[gentian] found function `poll_write_encrypted` state name: self.state, function default return value is: Err(ErrorKind :: UnexpectedEof.into()).into().
[gentian] build control flow graph successful!
[gentian] found function `poll_read_decrypted` state name: self.state, function default return value is: Err(ErrorKind :: UnexpectedEof.into()).into().
[gentian] build control flow graph successful!
[gentian] found function `poll_read_decrypted` state name: self.state, function default return value is: Err(ErrorKind :: UnexpectedEof.into()).into().
[gentian] build control flow graph successful!
[gentian] found function `poll_read_header` state name: this.state_1, function default return value is: Err(ErrorKind :: UnexpectedEof.into()).into().
[gentian] build control flow graph successful!
[gentian] found function `poll_write_header` state name: this.state_2, function default return value is: Err(ErrorKind :: UnexpectedEof.into()).into().
[gentian] build control flow graph successful!
warning: lint `box_pointers` has been removed: it does not detect other kinds of allocations, and existed only for historical reasons
  --> src/config/geoip.rs:12:10
   |
12 | #![allow(box_pointers)]
   |          ^^^^^^^^^^^^
   |
   = note: `#[warn(renamed_and_removed_lints)]` on by default

warning: lint `box_pointers` has been removed: it does not detect other kinds of allocations, and existed only for historical reasons
  --> src/config/geosite.rs:12:10
   |
12 | #![allow(box_pointers)]
   |          ^^^^^^^^^^^^

warning: unused import: `bytes::Buf`
  --> src/config/route.rs:10:5
   |
10 | use bytes::Buf;
   |     ^^^^^^^^^^
   |
   = note: `#[warn(unused_imports)]` (part of `#[warn(unused)]`) on by default

warning: unused import: `std::os::unix::io::AsRawFd`
 --> src/proxy/dokodemo_door/mod.rs:8:5
  |
8 | use std::os::unix::io::AsRawFd;
  |     ^^^^^^^^^^^^^^^^^^^^^^^^^^

warning: unused import: `crate::common::new_error`
 --> src/proxy/http_transport/mod.rs:1:5
  |
1 | use crate::common::new_error;
  |     ^^^^^^^^^^^^^^^^^^^^^^^^

warning: unused import: `crate::debug_log`
 --> src/proxy/tls/tls_stream.rs:2:5
  |
2 | use crate::debug_log;
  |     ^^^^^^^^^^^^^^^^

warning: unused import: `Error`
 --> src/proxy/vless/vless_stream.rs:2:15
  |
2 | use std::io::{Error, ErrorKind};
  |               ^^^^^

warning: unused import: `AsyncReadExt`
 --> src/proxy/vless/vless_stream.rs:8:28
  |
8 | use tokio::io::{AsyncRead, AsyncReadExt, AsyncWrite, ReadBuf};
  |                            ^^^^^^^^^^^^

warning: unused imports: `impl_async_read` and `impl_async_write`
  --> src/proxy/vless/vless_stream.rs:14:13
   |
14 | use crate::{impl_async_read, impl_async_write};
   |             ^^^^^^^^^^^^^^^  ^^^^^^^^^^^^^^^^

error[E0599]: no method named `dangerous` found for struct `ConfigBuilder<ClientConfig, WantsClientCert>` in the current scope
   --> src/proxy/tls/tls_stream.rs:305:22
    |
304 | /                 config_builder
305 | |                     .dangerous()
    | |                     -^^^^^^^^^ method not found in `ConfigBuilder<ClientConfig, WantsClientCert>`
    | |_____________________|
    |
    |
    = note: the method was found for `ConfigBuilder<ClientConfig, WantsVerifier>`

warning: unused variable: `e`
   --> src/common/net/mod.rs:122:16
    |
122 |     if let Err(e) = &res_down {
    |                ^ help: if this is intentional, prefix it with an underscore: `_e`
    |
    = note: `#[warn(unused_variables)]` (part of `#[warn(unused)]`) on by default

warning: unused variable: `e`
   --> src/common/net/mod.rs:125:16
    |
125 |     if let Err(e) = &res_up {
    |                ^ help: if this is intentional, prefix it with an underscore: `_e`

warning: unused variable: `e`
   --> src/common/net/mod.rs:168:16
    |
168 |     if let Err(e) = &res_down {
    |                ^ help: if this is intentional, prefix it with an underscore: `_e`

warning: unused variable: `e`
   --> src/common/net/mod.rs:171:16
    |
171 |     if let Err(e) = &res_up {
    |                ^ help: if this is intentional, prefix it with an underscore: `_e`

warning: variable does not need to be mutable
   --> src/proxy/grpc/mod.rs:278:21
    |
278 |             Some(Ok(mut data)) => {
    |                     ----^^^^
    |                     |
    |                     help: remove this `mut`
    |
    = note: `#[warn(unused_mut)]` (part of `#[warn(unused)]`) on by default

warning: unused variable: `tcp_io`
  --> src/proxy/http_transport/mod.rs:95:17
   |
95 |             let tcp_io = {
   |                 ^^^^^^ help: if this is intentional, prefix it with an underscore: `_tcp_io`

For more information about this error, try `rustc --explain E0599`.
warning: `v2ray-rust` (bin "v2ray-rust") generated 15 warnings
error: could not compile `v2ray-rust` (bin "v2ray-rust") due to 1 previous error; 15 warnings emitted

Caused by:
  process didn't exit successfully: `/home/runner/.rustup/toolchains/stable-x86_64-unknown-linux-gnu/bin/rustc --crate-name v2ray_rust --edition=2021 src/main.rs --error-format=json --json=diagnostic-rendered-ansi,artifacts,future-incompat --crate-type bin --emit=dep-info,link -C opt-level=3 -C lto -C codegen-units=1 --cfg 'feature="rustls"' --cfg 'feature="rustls-native-certs"' --cfg 'feature="rustls-pemfile"' --cfg 'feature="rustls-tls"' --cfg 'feature="tokio-rustls"' --cfg 'feature="webpki-roots"' --check-cfg 'cfg(docsrs,test)' --check-cfg 'cfg(feature, values("boring", "boring-sys", "boring-tls", "default", "rustls", "rustls-native-certs", "rustls-pemfile", "rustls-tls", "strict-vmess-udp", "tokio-boring", "tokio-rustls", "webpki-roots"))' -C metadata=183fa74ae472bd16 -C extra-filename=-e11dee576f709a11 --out-dir /home/runner/work/v2ray-rust/v2ray-rust/target/aarch64-linux-android/release/deps --target aarch64-linux-android -C linker=/home/runner/.cargo/bin/cargo-ndk -C strip=symbols -L dependency=/home/runner/work/v2ray-rust/v2ray-rust/target/aarch64-linux-android/release/deps -L dependency=/home/runner/work/v2ray-rust/v2ray-rust/target/release/deps --extern actix_rt=/home/runner/work/v2ray-rust/v2ray-rust/target/aarch64-linux-android/release/deps/libactix_rt-89fa538b106de75f.rlib --extern actix_server=/home/runner/work/v2ray-rust/v2ray-rust/target/aarch64-linux-android/release/deps/libactix_server-1458f82258fe76b5.rlib --extern actix_service=/home/runner/work/v2ray-rust/v2ray-rust/target/aarch64-linux-android/release/deps/libactix_service-dc026884df3e2ed0.rlib --extern aead=/home/runner/work/v2ray-rust/v2ray-rust/target/aarch64-linux-android/release/deps/libaead-1ee8e7985b7cbed1.rlib --extern aes=/home/runner/work/v2ray-rust/v2ray-rust/target/aarch64-linux-android/release/deps/libaes-bacd3ba8dbdcbe69.rlib --extern aes_gcm=/home/runner/work/v2ray-rust/v2ray-rust/target/aarch64-linux-android/release/deps/libaes_gcm-5d7a88d481c53edf.rlib --extern anyhow=/home/runner/work/v2ray-rust/v2ray-rust/target/aarch64-linux-android/release/deps/libanyhow-9c56b18f7bb6fdd4.rlib --extern async_trait=/home/runner/work/v2ray-rust/v2ray-rust/target/release/deps/libasync_trait-ccf680efd99bb5ef.so --extern base64=/home/runner/work/v2ray-rust/v2ray-rust/target/aarch64-linux-android/release/deps/libbase64-743780d56a64ff42.rlib --extern bitvec=/home/runner/work/v2ray-rust/v2ray-rust/target/aarch64-linux-android/release/deps/libbitvec-13928045bc61cecc.rlib --extern bloomfilter=/home/runner/work/v2ray-rust/v2ray-rust/target/aarch64-linux-android/release/deps/libbloomfilter-65cb17612b32cc52.rlib --extern brotli=/home/runner/work/v2ray-rust/v2ray-rust/target/aarch64-linux-android/release/deps/libbrotli-af6e6827bb68dd3c.rlib --extern byte_string=/home/runner/work/v2ray-rust/v2ray-rust/target/aarch64-linux-android/release/deps/libbyte_string-5e8af189f513180d.rlib --extern bytes=/home/runner/work/v2ray-rust/v2ray-rust/target/aarch64-linux-android/release/deps/libbytes-5396a74fd9a7037d.rlib --extern chacha20poly1305=/home/runner/work/v2ray-rust/v2ray-rust/target/aarch64-linux-android/release/deps/libchacha20poly1305-c9e099ad1409be3a.rlib --extern cidr_utils=/home/runner/work/v2ray-rust/v2ray-rust/target/aarch64-linux-android/release/deps/libcidr_utils-053ee81b0a477edc.rlib --extern clap=/home/runner/work/v2ray-rust/v2ray-rust/target/aarch64-linux-android/release/deps/libclap-d2c4a2776d4f3ebf.rlib --extern crc32fast=/home/runner/work/v2ray-rust/v2ray-rust/target/aarch64-linux-android/release/deps/libcrc32fast-4202998fd8406ccd.rlib --extern domain_matcher=/home/runner/work/v2ray-rust/v2ray-rust/target/aarch64-linux-android/release/deps/libdomain_matcher-7026522a8d096f25.rlib --extern env_logger=/home/runner/work/v2ray-rust/v2ray-rust/target/aarch64-linux-android/release/deps/libenv_logger-be403c973bb08974.rlib --extern foreign_types_shared=/home/runner/work/v2ray-rust/v2ray-rust/target/aarch64-linux-android/release/deps/libforeign_types_shared-ad54e509ae919caa.rlib --extern futures_util=/home/runner/work/v2ray-rust/v2ray-rust/target/aarch64-linux-android/release/deps/libfutures_util-e669b40623ab146e.rlib --extern generic_array=/home/runner/work/v2ray-rust/v2ray-rust/target/aarch64-linux-android/release/deps/libgeneric_array-89288a9b20ed4130.rlib --extern gentian=/home/runner/work/v2ray-rust/v2ray-rust/target/release/deps/libgentian-ebc4937dcad3dc81.so --extern h2=/home/runner/work/v2ray-rust/v2ray-rust/target/aarch64-linux-android/release/deps/libh2-27199f6123a64607.rlib --extern hkdf=/home/runner/work/v2ray-rust/v2ray-rust/target/aarch64-linux-android/release/deps/libhkdf-f18346be52627ad1.rlib --extern hmac=/home/runner/work/v2ray-rust/v2ray-rust/target/aarch64-linux-android/release/deps/libhmac-609cdcccaa34b35f.rlib --extern http=/home/runner/work/v2ray-rust/v2ray-rust/target/aarch64-linux-android/release/deps/libhttp-fefc21c58dc69fca.rlib --extern hyper=/home/runner/work/v2ray-rust/v2ray-rust/target/aarch64-linux-android/release/deps/libhyper-c76cc5cb14722a18.rlib --extern libc=/home/runner/work/v2ray-rust/v2ray-rust/target/aarch64-linux-android/release/deps/liblibc-bc16d4b61bc11d13.rlib --extern log=/home/runner/work/v2ray-rust/v2ray-rust/target/aarch64-linux-android/release/deps/liblog-39ac4c76d4f8181f.rlib --extern md5=/home/runner/work/v2ray-rust/v2ray-rust/target/aarch64-linux-android/release/deps/libmd5-39cc15313ade2fd5.rlib --extern once_cell=/home/runner/work/v2ray-rust/v2ray-rust/target/aarch64-linux-android/release/deps/libonce_cell-7351ece8475b336f.rlib --extern openssl_probe=/home/runner/work/v2ray-rust/v2ray-rust/target/aarch64-linux-android/release/deps/libopenssl_probe-aff7803e7809aab8.rlib --extern prost=/home/runner/work/v2ray-rust/v2ray-rust/target/aarch64-linux-android/release/deps/libprost-b889c0cc4f8087e2.rlib --extern protobuf=/home/runner/work/v2ray-rust/v2ray-rust/target/aarch64-linux-android/release/deps/libprotobuf-8a40390a239cc473.rlib --extern rand=/home/runner/work/v2ray-rust/v2ray-rust/target/aarch64-linux-android/release/deps/librand-196c42b9b330bb93.rlib --extern regex=/home/runner/work/v2ray-rust/v2ray-rust/target/aarch64-linux-android/release/deps/libregex-3bc7008fbccb0616.rlib --extern rustls=/home/runner/work/v2ray-rust/v2ray-rust/target/aarch64-linux-android/release/deps/librustls-8c872fc4b5686950.rlib --extern rustls_native_certs=/home/runner/work/v2ray-rust/v2ray-rust/target/aarch64-linux-android/release/deps/librustls_native_certs-d798ea4f40a346e9.rlib --extern rustls_pemfile=/home/runner/work/v2ray-rust/v2ray-rust/target/aarch64-linux-android/release/deps/librustls_pemfile-f2b48a0db8ed83ac.rlib --extern serde=/home/runner/work/v2ray-rust/v2ray-rust/target/aarch64-linux-android/release/deps/libserde-560082b4f222c501.rlib --extern sha1=/home/runner/work/v2ray-rust/v2ray-rust/target/aarch64-linux-android/release/deps/libsha1-95d33d2935fa59a1.rlib --extern sha2=/home/runner/work/v2ray-rust/v2ray-rust/target/aarch64-linux-android/release/deps/libsha2-4f711800f0365125.rlib --extern socket2=/home/runner/work/v2ray-rust/v2ray-rust/target/aarch64-linux-android/release/deps/libsocket2-4f29b0c7fa35194b.rlib --extern spin=/home/runner/work/v2ray-rust/v2ray-rust/target/aarch64-linux-android/release/deps/libspin-e7bf6edffa1e2cde.rlib --extern tokio=/home/runner/work/v2ray-rust/v2ray-rust/target/aarch64-linux-android/release/deps/libtokio-d261ade94ecabb64.rlib --extern tokio_rustls=/home/runner/work/v2ray-rust/v2ray-rust/target/aarch64-linux-android/release/deps/libtokio_rustls-51e5156046b1a804.rlib --extern tokio_tungstenite=/home/runner/work/v2ray-rust/v2ray-rust/target/aarch64-linux-android/release/deps/libtokio_tungstenite-ba059eaff5eaa569.rlib --extern tokio_util=/home/runner/work/v2ray-rust/v2ray-rust/target/aarch64-linux-android/release/deps/libtokio_util-d03fbd878ef74a41.rlib --extern toml=/home/runner/work/v2ray-rust/v2ray-rust/target/aarch64-linux-android/release/deps/libtoml-a2b42287a22c7323.rlib --extern tonic=/home/runner/work/v2ray-rust/v2ray-rust/target/aarch64-linux-android/release/deps/libtonic-14a3f4e590950626.rlib --extern tower=/home/runner/work/v2ray-rust/v2ray-rust/target/aarch64-linux-android/release/deps/libtower-fd33e174320f3ac9.rlib --extern uuid=/home/runner/work/v2ray-rust/v2ray-rust/target/aarch64-linux-android/release/deps/libuuid-dd9bb930f4caa735.rlib --extern webpki_roots=/home/runner/work/v2ray-rust/v2ray-rust/target/aarch64-linux-android/release/deps/libwebpki_roots-efc3334e55f2e6a0.rlib -L native=/home/runner/work/v2ray-rust/v2ray-rust/target/aarch64-linux-android/release/build/ring-b444a92f6cf4c334/out` (exit status: 1)
note: If the build failed due to a missing target, you can run this command:
note: 
note:     rustup target install aarch64-linux-android
